/home/shankar/radar2/guru_switch/guru_switch.py:13: DeprecationWarning: The distutils package is deprecated and slated for removal in Python 3.12. Use setuptools or check PEP 632 for potential alternatives
  from distutils.version import StrictVersion
Warning: Ignoring XDG_SESSION_TYPE=wayland on Gnome. Use QT_QPA_PLATFORM=wayland to run on Wayland anyway.
[INFO] [UHD] linux; GNU C++ version 11.4.0; Boost_107400; UHD_3.15.0.HEAD-0-gaea0e2de
[INFO] [X300] X300 initialization sequence...
[INFO] [X300] Maximum frame size: 1472 bytes.
[INFO] [X300] Radio 1x clock: 200 MHz
[INFO] [0/DmaFIFO_0] Initializing block control (NOC ID: 0xF1F0D00000000000)
[INFO] [0/DmaFIFO_0] BIST passed (Throughput: 1313 MB/s)
[INFO] [0/DmaFIFO_0] BIST passed (Throughput: 1316 MB/s)
[INFO] [0/Radio_0] Initializing block control (NOC ID: 0x12AD100000000001)
[INFO] [0/Radio_1] Initializing block control (NOC ID: 0x12AD100000000001)
[INFO] [0/DDC_0] Initializing block control (NOC ID: 0xDDC0000000000000)
[INFO] [0/DDC_1] Initializing block control (NOC ID: 0xDDC0000000000000)
[INFO] [0/DUC_0] Initializing block control (NOC ID: 0xD0C0000000000000)
[INFO] [0/DUC_1] Initializing block control (NOC ID: 0xD0C0000000000000)
[WARNING] [X300] Cannot update master clock rate! X300 Series does not allow changing the clock rate during runtime.
[INFO] [MULTI_USRP]     1) catch time transition at pps edge
[INFO] [MULTI_USRP]     2) set times next pps (synchronously)
[radio] X310 ready (C++ engine, DF + MON): start mode DF, real-time priority 90
        DF band 0:   2.4000 GHz  gain 46.0 dB (+trim)  dwell   5.00 ms, 7.00 ms switching
        DF band 1:   5.2000 GHz  gain 60.0 dB (+trim)  dwell   5.00 ms, 7.00 ms switching
        DF band 2:   5.8000 GHz  gain 69.0 dB (+trim)  dwell   5.00 ms, 7.00 ms switching
        MON: ch0 0.9 GHz  ch1 2.4 GHz  ch2 5.2 GHz  ch3 5.8 GHz  gains 60/46/60/69 dB, ONE continuous stream, lock read every 20 ms (own LO per channel)
[radio] lab tone on 2.4000 GHz
[phasecal]   2.4000 GHz  ch1  +175.90 deg  ch2   -86.62 deg  ch3  -168.03 deg
[phasecal]   5.2000 GHz  ch1  +111.43 deg  ch2   +71.93 deg  ch3   +35.91 deg
[phasecal]   5.8000 GHz  ch1   +82.66 deg  ch2  +155.54 deg  ch3  +173.74 deg
[phasecal] following the source's hop marks (sample-exact)
[*] Calibration source: HackRF One (started separately).
[switch] no control API: the mode changes only with the MODE selector
TwinRX USRP Source block owns LO routing and tuning.
[meter] 18:09:47 5.8000 GHz  windows 108  with tone 0  worst SNR -22.7 dB | no tone
[meter] 18:09:47 5.2000 GHz  windows 106  with tone 0  worst SNR -19.9 dB | no tone
[meter] 18:09:47 2.4000 GHz  windows 107  with tone 107  worst SNR 60.4 dB | tone +193277.0 Hz 10000 samples | ch1 +139.08 (max dev 0.11)  ch2  -66.67 (max dev 0.06)  ch3  +89.16 (max dev 0.08)
[radio] mode MON requested
[meter] 18:09:52 5.8000 GHz  windows 133  with tone 0  worst SNR -22.7 dB | no tone[meter] 18:09:52 5.2000 GHz  windows 131  with tone 0  worst SNR -19.9 dB | no tone

[meter] 18:09:52 2.4000 GHz  windows 132  with tone 132  worst SNR 60.4 dB | tone +193261.8 Hz 10000 samples | ch1 +139.07 (max dev 0.12)  ch2  -66.66 (max dev 0.07)  ch3  +89.15 (max dev 0.09)
[radio] mode DF requested
[meter] 18:09:57 5.8000 GHz  windows 223  with tone 0  worst SNR -25.6 dB | no tone
[meter] 18:09:57 5.2000 GHz  windows 215  with tone 0  worst SNR -22.2 dB | no tone
[meter] 18:09:57 2.4000 GHz  windows 219  with tone 219  worst SNR 60.4 dB | tone +193273.3 Hz 10000 samples | ch1 +139.08 (max dev 0.10)  ch2  -66.68 (max dev 0.24)  ch3  +89.13 (max dev 0.12)
[radio] lab tone on 2.4000 GHz
[meter] 18:10:02 5.2000 GHz  windows 354  with tone 0  worst SNR -43.6 dB | no tone[meter] 18:10:02 5.8000 GHz  windows 362  with tone 0  worst SNR -25.6 dB | no tone

[meter] 18:10:02 2.4000 GHz  windows 75  with tone 75  worst SNR 60.5 dB | tone +193258.0 Hz 10000 samples | ch1 +139.12 (max dev 0.06)  ch2  -66.59 (max dev 0.04)  ch3  +89.18 (max dev 0.03)
[radio] lab tone on 5.2000 GHz
[meter] 18:10:07 5.8000 GHz  windows 501  with tone 0  worst SNR -25.6 dB | no tone
[meter] 18:10:07 5.2000 GHz  windows 58  with tone 58  worst SNR 55.1 dB | tone +185299.1 Hz 10000 samples | ch1  -63.64 (max dev 0.03)  ch2  -18.24 (max dev 0.02)  ch3  -99.09 (max dev 0.03)
[meter] 18:10:07 2.4000 GHz  windows 210  with tone 111  worst SNR -32.4 dB | ch1 +139.12 (max dev 0.06)  ch2  -66.58 (max dev 0.04)  ch3  +89.18 (max dev 0.04)
[radio] lab tone on 5.8000 GHz
[meter] 18:10:12 5.8000 GHz  windows 40  with tone 40  worst SNR 55.1 dB | tone +183589.5 Hz 10000 samples | ch1  -45.03 (max dev 0.03)  ch2 +142.09 (max dev 0.02)  ch3  +32.20 (max dev 0.02)
[meter] 18:10:12 5.2000 GHz  windows 197  with tone 112  worst SNR -18.6 dB | ch1  -63.64 (max dev 0.03)  ch2  -18.23 (max dev 0.03)  ch3  -99.08 (max dev 0.03)
[meter] 18:10:12 2.4000 GHz  windows 347  with tone 111  worst SNR -32.4 dB | ch1 +139.12 (max dev 0.06)  ch2  -66.58 (max dev 0.04)  ch3  +89.18 (max dev 0.04)
[phasecal] now   2.4000 GHz  ch1   -44.98 deg  ch2  -153.20 deg  ch3   -78.85 deg
[phasecal] now   5.2000 GHz  ch1   +47.79 deg  ch2   +53.70 deg  ch3   -63.17 deg
[phasecal] now   5.8000 GHz  ch1   +37.62 deg  ch2   -62.36 deg  ch3  -154.05 deg
[cal] OK 2026-09-30 18:10:15 -- table updated (largest correction change 142.10 deg, worst single window 0.06 deg)
[radio] lab tone on 2.4000 GHz
[meter] 18:10:17 5.2000 GHz  windows 336  with tone 112  worst SNR -23.2 dB | ch1  -63.64 (max dev 0.03)  ch2  -18.23 (max dev 0.03)  ch3  -99.08 (max dev 0.03)
[meter] 18:10:17 5.8000 GHz  windows 179  with tone 112  worst SNR -12.8 dB | ch1  -44.68 (max dev 44.67)  ch2 +141.78 (max dev 141.76)  ch3  +31.93 (max dev 31.91)
[meter] 18:10:17 2.4000 GHz  windows 482  with tone 178  worst SNR -32.4 dB | tone +193141.0 Hz 10000 samples | ch1 +103.12 (max dev 103.15)  ch2  -42.48 (max dev 42.61)  ch3  +58.31 (max dev 58.27)
[meter] 18:10:22 5.2000 GHz  windows 470  with tone 112  worst SNR -23.2 dB | ch1  -63.64 (max dev 0.03)  ch2  -18.23 (max dev 0.03)  ch3  -99.08 (max dev 0.03)
[meter] 18:10:22 5.8000 GHz  windows 311  with tone 112  worst SNR -28.5 dB | ch1  -44.68 (max dev 44.67)  ch2 +141.78 (max dev 141.76)  ch3  +31.93 (max dev 31.91)
[meter] 18:10:22 2.4000 GHz  windows 613  with tone 309  worst SNR -32.4 dB | tone +193086.7 Hz 10000 samples | ch1   +0.39 (max dev 138.75)  ch2   -0.43 (max dev 66.14)  ch3   +0.66 (max dev 88.55)
[meter] 18:10:27 5.2000 GHz  windows 610  with tone 112  worst SNR -23.2 dB | ch1  -63.64 (max dev 0.03)  ch2  -18.23 (max dev 0.03)  ch3  -99.08 (max dev 0.03)
[meter] 18:10:27 5.8000 GHz  windows 451  with tone 112  worst SNR -28.5 dB | ch1  -44.68 (max dev 44.67)  ch2 +141.78 (max dev 141.76)  ch3  +31.93 (max dev 31.91)
[meter] 18:10:27 2.4000 GHz  windows 744  with tone 440  worst SNR -32.4 dB | tone +193022.9 Hz 10000 samples | ch1   +0.00 (max dev 0.07)  ch2   +0.10 (max dev 0.05)  ch3   +0.08 (max dev 0.05)
[radio] mode MON requested
[meter] 18:10:32 5.8000 GHz  windows 520  with tone 112  worst SNR -28.5 dB | ch1  -44.68 (max dev 44.67)  ch2 +141.78 (max dev 141.76)  ch3  +31.93 (max dev 31.91)
[meter] 18:10:32 5.2000 GHz  windows 679  with tone 112  worst SNR -23.2 dB | ch1  -63.64 (max dev 0.03)  ch2  -18.23 (max dev 0.03)  ch3  -99.08 (max dev 0.03)
[meter] 18:10:32 2.4000 GHz  windows 813  with tone 509  worst SNR -32.4 dB | tone +192993.7 Hz 10000 samples | ch1   +0.00 (max dev 0.06)  ch2   +0.11 (max dev 0.06)  ch3   +0.09 (max dev 0.06)
[radio] mode DF requested
[ERROR] [STREAMER] The receive packet handler failed to time-align packets.
1002 received packets were processed by the handler.
However, a timestamp match could not be determined.


[meter] 18:10:37 5.2000 GHz  windows 687  with tone 112  worst SNR -23.2 dB | ch1  -63.64 (max dev 0.03)  ch2  -18.23 (max dev 0.03)  ch3  -99.08 (max dev 0.03)
[meter] 18:10:37 5.8000 GHz  windows 528  with tone 112  worst SNR -28.5 dB | ch1  -44.68 (max dev 44.67)  ch2 +141.78 (max dev 141.76)  ch3  +31.93 (max dev 31.91)
[meter] 18:10:37 2.4000 GHz  windows 821  with tone 517  worst SNR -32.4 dB | tone +192930.1 Hz 10000 samples | ch1   +0.00 (max dev 0.06)  ch2   +0.10 (max dev 0.34)  ch3   +0.09 (max dev 0.18)
[meter] 18:10:42 5.2000 GHz  windows 828  with tone 112  worst SNR -23.2 dB | ch1  -63.64 (max dev 0.03)  ch2  -18.23 (max dev 0.03)  ch3  -99.08 (max dev 0.03)
[meter] 18:10:42 5.8000 GHz  windows 669  with tone 112  worst SNR -32.3 dB | ch1  -44.68 (max dev 44.67)  ch2 +141.78 (max dev 141.76)  ch3  +31.93 (max dev 31.91)
[meter] 18:10:42 2.4000 GHz  windows 963  with tone 659  worst SNR -32.4 dB | tone +192896.7 Hz 10000 samples | ch1   +0.04 (max dev 0.10)  ch2   +0.00 (max dev 0.24)  ch3   +0.02 (max dev 0.12)
[meter] 18:10:47 5.2000 GHz  windows 971  with tone 112  worst SNR -28.3 dB | ch1  -63.64 (max dev 0.03)  ch2  -18.23 (max dev 0.03)  ch3  -99.08 (max dev 0.03)
[meter] 18:10:47 5.8000 GHz  windows 812  with tone 112  worst SNR -32.3 dB | ch1  -44.68 (max dev 44.67)  ch2 +141.78 (max dev 141.76)  ch3  +31.93 (max dev 31.91)
[meter] 18:10:47 2.4000 GHz  windows 1105  with tone 801  worst SNR -32.4 dB | tone +192886.3 Hz 10000 samples | ch1   +0.06 (max dev 0.08)  ch2   +0.05 (max dev 0.10)  ch3   +0.05 (max dev 0.08)
[meter] 18:10:52 5.2000 GHz  windows 1110  with tone 112  worst SNR -28.3 dB | ch1  -63.64 (max dev 0.03)  ch2  -18.23 (max dev 0.03)  ch3  -99.08 (max dev 0.03)
[meter] 18:10:52 5.8000 GHz  windows 950  with tone 112  worst SNR -32.3 dB | ch1  -44.68 (max dev 44.67)  ch2 +141.78 (max dev 141.76)  ch3  +31.93 (max dev 31.91)
[meter] 18:10:52 2.4000 GHz  windows 1243  with tone 939  worst SNR -32.4 dB | tone +192871.3 Hz 10000 samples | ch1   +0.05 (max dev 0.07)  ch2   +0.10 (max dev 0.07)  ch3   +0.09 (max dev 0.06)
[meter] 18:10:57 5.2000 GHz  windows 1249  with tone 112  worst SNR -28.3 dB | ch1  -63.64 (max dev 0.03)  ch2  -18.23 (max dev 0.03)  ch3  -99.08 (max dev 0.03)
[meter] 18:10:57 5.8000 GHz  windows 1089  with tone 112  worst SNR -33.9 dB | ch1  -44.68 (max dev 44.67)  ch2 +141.78 (max dev 141.76)  ch3  +31.93 (max dev 31.91)
[meter] 18:10:57 2.4000 GHz  windows 1383  with tone 1079  worst SNR -32.4 dB | tone +192851.5 Hz 10000 samples | ch1   +0.05 (max dev 0.06)  ch2   +0.13 (max dev 0.05)  ch3   +0.11 (max dev 0.04)
[meter] 18:11:02 5.2000 GHz  windows 1387  with tone 112  worst SNR -28.3 dB | ch1  -63.64 (max dev 0.03)  ch2  -18.23 (max dev 0.03)  ch3  -99.08 (max dev 0.03)
[meter] 18:11:02 5.8000 GHz  windows 1228  with tone 112  worst SNR -33.9 dB | ch1  -44.68 (max dev 44.67)  ch2 +141.78 (max dev 141.76)  ch3  +31.93 (max dev 31.91)
[meter] 18:11:02 2.4000 GHz  windows 1521  with tone 1217  worst SNR -32.4 dB | tone +192837.2 Hz 10000 samples | ch1   +0.05 (max dev 0.08)  ch2   +0.14 (max dev 0.05)  ch3   +0.13 (max dev 0.04)
[meter] 18:11:07 5.2000 GHz  windows 1526  with tone 112  worst SNR -30.6 dB | ch1  -63.64 (max dev 0.03)  ch2  -18.23 (max dev 0.03)  ch3  -99.08 (max dev 0.03)
[meter] 18:11:07 5.8000 GHz  windows 1367  with tone 112  worst SNR -33.9 dB | ch1  -44.68 (max dev 44.67)  ch2 +141.78 (max dev 141.76)  ch3  +31.93 (max dev 31.91)
[meter] 18:11:07 2.4000 GHz  windows 1660  with tone 1356  worst SNR -32.4 dB | tone +192841.2 Hz 10000 samples | ch1   +0.04 (max dev 0.08)  ch2   +0.15 (max dev 0.06)  ch3   +0.13 (max dev 0.05)
[meter] 18:11:12 5.2000 GHz  windows 1665  with tone 112  worst SNR -30.6 dB | ch1  -63.64 (max dev 0.03)  ch2  -18.23 (max dev 0.03)  ch3  -99.08 (max dev 0.03)
[meter] 18:11:12 5.8000 GHz  windows 1506  with tone 112  worst SNR -33.9 dB | ch1  -44.68 (max dev 44.67)  ch2 +141.78 (max dev 141.76)  ch3  +31.93 (max dev 31.91)
[meter] 18:11:12 2.4000 GHz  windows 1799  with tone 1495  worst SNR -32.4 dB | tone +192828.1 Hz 10000 samples | ch1   +0.05 (max dev 0.08)  ch2   +0.16 (max dev 0.05)  ch3   +0.14 (max dev 0.05)
[meter] 18:11:17 5.2000 GHz  windows 1805  with tone 112  worst SNR -30.6 dB | ch1  -63.64 (max dev 0.03)  ch2  -18.23 (max dev 0.03)  ch3  -99.08 (max dev 0.03)
[meter] 18:11:17 5.8000 GHz  windows 1645  with tone 112  worst SNR -33.9 dB | ch1  -44.68 (max dev 44.67)  ch2 +141.78 (max dev 141.76)  ch3  +31.93 (max dev 31.91)
[meter] 18:11:17 2.4000 GHz  windows 1939  with tone 1635  worst SNR -32.4 dB | tone +192835.4 Hz 10000 samples | ch1   +0.04 (max dev 0.07)  ch2   +0.16 (max dev 0.04)  ch3   +0.14 (max dev 0.05)
[meter] 18:11:22 5.2000 GHz  windows 1941  with tone 112  worst SNR -30.6 dB | ch1  -63.64 (max dev 0.03)  ch2  -18.23 (max dev 0.03)  ch3  -99.08 (max dev 0.03)
[meter] 18:11:22 5.8000 GHz  windows 1784  with tone 112  worst SNR -33.9 dB | ch1  -44.68 (max dev 44.67)  ch2 +141.78 (max dev 141.76)  ch3  +31.93 (max dev 31.91)
[meter] 18:11:22 2.4000 GHz  windows 2072  with tone 1768  worst SNR -32.4 dB | tone +192799.7 Hz 10000 samples | ch1   +0.04 (max dev 0.07)  ch2   +0.17 (max dev 0.05)  ch3   +0.15 (max dev 0.04)
[meter] 18:11:27 5.8000 GHz  windows 1923  with tone 112  worst SNR -33.9 dB | ch1  -44.68 (max dev 44.67)  ch2 +141.78 (max dev 141.76)  ch3  +31.93 (max dev 31.91)
[meter] 18:11:27 5.2000 GHz  windows 2080  with tone 112  worst SNR -30.6 dB | ch1  -63.64 (max dev 0.03)  ch2  -18.23 (max dev 0.03)  ch3  -99.08 (max dev 0.03)
[meter] 18:11:27 2.4000 GHz  windows 2210  with tone 1906  worst SNR -32.4 dB | tone +192795.9 Hz 10000 samples | ch1   +0.04 (max dev 0.07)  ch2   +0.18 (max dev 0.05)  ch3   +0.16 (max dev 0.06)
[meter] 18:11:32 5.8000 GHz  windows 2062  with tone 112  worst SNR -33.9 dB | ch1  -44.68 (max dev 44.67)  ch2 +141.78 (max dev 141.76)  ch3  +31.93 (max dev 31.91)
[meter] 18:11:32 5.2000 GHz  windows 2219  with tone 112  worst SNR -30.6 dB | ch1  -63.64 (max dev 0.03)  ch2  -18.23 (max dev 0.03)  ch3  -99.08 (max dev 0.03)
[meter] 18:11:32 2.4000 GHz  windows 2349  with tone 2045  worst SNR -32.4 dB | tone +192796.9 Hz 10000 samples | ch1   +0.04 (max dev 0.07)  ch2   +0.19 (max dev 0.05)  ch3   +0.17 (max dev 0.05)
[meter] 18:11:37 5.2000 GHz  windows 2358  with tone 112  worst SNR -30.6 dB | ch1  -63.64 (max dev 0.03)  ch2  -18.23 (max dev 0.03)  ch3  -99.08 (max dev 0.03)
[meter] 18:11:37 5.8000 GHz  windows 2201  with tone 112  worst SNR -33.9 dB | ch1  -44.68 (max dev 44.67)  ch2 +141.78 (max dev 141.76)  ch3  +31.93 (max dev 31.91)
[meter] 18:11:37 2.4000 GHz  windows 2488  with tone 2184  worst SNR -32.4 dB | tone +192806.0 Hz 10000 samples | ch1   +0.04 (max dev 0.06)  ch2   +0.19 (max dev 0.05)  ch3   +0.17 (max dev 0.05)
[meter] 18:11:42 5.8000 GHz  windows 2340  with tone 112  worst SNR -33.9 dB | ch1  -44.68 (max dev 44.67)  ch2 +141.78 (max dev 141.76)  ch3  +31.93 (max dev 31.91)
[meter] 18:11:42 5.2000 GHz  windows 2497  with tone 112  worst SNR -30.6 dB | ch1  -63.64 (max dev 0.03)  ch2  -18.23 (max dev 0.03)  ch3  -99.08 (max dev 0.03)
[meter] 18:11:42 2.4000 GHz  windows 2627  with tone 2323  worst SNR -32.4 dB | tone +192794.5 Hz 10000 samples | ch1   +0.04 (max dev 0.06)  ch2   +0.19 (max dev 0.05)  ch3   +0.18 (max dev 0.05)
[meter] 18:11:47 5.2000 GHz  windows 2635  with tone 112  worst SNR -30.6 dB | ch1  -63.64 (max dev 0.03)  ch2  -18.23 (max dev 0.03)  ch3  -99.08 (max dev 0.03)
[meter] 18:11:47 5.8000 GHz  windows 2479  with tone 112  worst SNR -33.9 dB | ch1  -44.68 (max dev 44.67)  ch2 +141.78 (max dev 141.76)  ch3  +31.93 (max dev 31.91)
[meter] 18:11:47 2.4000 GHz  windows 2764  with tone 2460  worst SNR -32.4 dB | tone +192786.3 Hz 10000 samples | ch1   +0.04 (max dev 0.08)  ch2   +0.19 (max dev 0.06)  ch3   +0.17 (max dev 0.05)
[meter] 18:11:52 5.8000 GHz  windows 2617  with tone 112  worst SNR -33.9 dB | ch1  -44.68 (max dev 44.67)  ch2 +141.78 (max dev 141.76)  ch3  +31.93 (max dev 31.91)[meter] 18:11:52 5.2000 GHz  windows 2772  with tone 112  worst SNR -30.6 dB | ch1  -63.64 (max dev 0.03)  ch2  -18.23 (max dev 0.03)  ch3  -99.08 (max dev 0.03)

[meter] 18:11:52 2.4000 GHz  windows 2894  with tone 2590  worst SNR -32.4 dB | tone +192732.3 Hz 10000 samples | ch1   +0.04 (max dev 0.06)  ch2   +0.19 (max dev 0.04)  ch3   +0.17 (max dev 0.05)
[meter] 18:11:57 5.8000 GHz  windows 2756  with tone 112  worst SNR -33.9 dB | ch1  -44.68 (max dev 44.67)  ch2 +141.78 (max dev 141.76)  ch3  +31.93 (max dev 31.91)[meter] 18:11:57 5.2000 GHz  windows 2910  with tone 112  worst SNR -30.6 dB | ch1  -63.64 (max dev 0.03)  ch2  -18.23 (max dev 0.03)  ch3  -99.08 (max dev 0.03)

[meter] 18:11:57 2.4000 GHz  windows 3027  with tone 2723  worst SNR -32.4 dB | tone +192747.7 Hz 10000 samples | ch1   +0.04 (max dev 0.05)  ch2   +0.20 (max dev 0.05)  ch3   +0.18 (max dev 0.06)
[meter] 18:12:02 5.8000 GHz  windows 2895  with tone 112  worst SNR -33.9 dB | ch1  -44.68 (max dev 44.67)  ch2 +141.78 (max dev 141.76)  ch3  +31.93 (max dev 31.91)
[meter] 18:12:02 5.2000 GHz  windows 3047  with tone 112  worst SNR -30.6 dB | ch1  -63.64 (max dev 0.03)  ch2  -18.23 (max dev 0.03)  ch3  -99.08 (max dev 0.03)
[meter] 18:12:02 2.4000 GHz  windows 3158  with tone 2854  worst SNR -32.4 dB | tone +192712.4 Hz 10000 samples | ch1   +0.05 (max dev 0.05)  ch2   +0.21 (max dev 0.06)  ch3   +0.19 (max dev 0.05)
[meter] 18:12:07 5.8000 GHz  windows 3034  with tone 112  worst SNR -33.9 dB | ch1  -44.68 (max dev 44.67)  ch2 +141.78 (max dev 141.76)  ch3  +31.93 (max dev 31.91)
[meter] 18:12:07 5.2000 GHz  windows 3183  with tone 112  worst SNR -30.6 dB | ch1  -63.64 (max dev 0.03)  ch2  -18.23 (max dev 0.03)  ch3  -99.08 (max dev 0.03)
[meter] 18:12:07 2.4000 GHz  windows 3290  with tone 2986  worst SNR -32.4 dB | tone +192701.9 Hz 10000 samples | ch1   +0.05 (max dev 0.06)  ch2   +0.21 (max dev 0.06)  ch3   +0.20 (max dev 0.05)
[meter] 18:12:12 5.8000 GHz  windows 3172  with tone 112  worst SNR -33.9 dB | ch1  -44.68 (max dev 44.67)  ch2 +141.78 (max dev 141.76)  ch3  +31.93 (max dev 31.91)
[meter] 18:12:12 5.2000 GHz  windows 3320  with tone 112  worst SNR -30.6 dB | ch1  -63.64 (max dev 0.03)  ch2  -18.23 (max dev 0.03)  ch3  -99.08 (max dev 0.03)
[meter] 18:12:12 2.4000 GHz  windows 3422  with tone 3118  worst SNR -32.4 dB | tone +192686.7 Hz 10000 samples | ch1   +0.06 (max dev 0.05)  ch2   +0.22 (max dev 0.05)  ch3   +0.21 (max dev 0.05)
[meter] 18:12:17 5.8000 GHz  windows 3312  with tone 112  worst SNR -33.9 dB | ch1  -44.68 (max dev 44.67)  ch2 +141.78 (max dev 141.76)  ch3  +31.93 (max dev 31.91)
[meter] 18:12:17 5.2000 GHz  windows 3458  with tone 112  worst SNR -30.6 dB | ch1  -63.64 (max dev 0.03)  ch2  -18.23 (max dev 0.03)  ch3  -99.08 (max dev 0.03)
[meter] 18:12:17 2.4000 GHz  windows 3560  with tone 3256  worst SNR -32.4 dB | tone +192649.6 Hz 10000 samples | ch1   +0.06 (max dev 0.06)  ch2   +0.23 (max dev 0.05)  ch3   +0.21 (max dev 0.06)
[meter] 18:12:22 5.2000 GHz  windows 3597  with tone 112  worst SNR -30.6 dB | ch1  -63.64 (max dev 0.03)  ch2  -18.23 (max dev 0.03)  ch3  -99.08 (max dev 0.03)
[meter] 18:12:22 5.8000 GHz  windows 3451  with tone 112  worst SNR -33.9 dB | ch1  -44.68 (max dev 44.67)  ch2 +141.78 (max dev 141.76)  ch3  +31.93 (max dev 31.91)
[meter] 18:12:22 2.4000 GHz  windows 3699  with tone 3395  worst SNR -32.4 dB | tone +192641.9 Hz 10000 samples | ch1   +0.06 (max dev 0.06)  ch2   +0.23 (max dev 0.05)  ch3   +0.21 (max dev 0.06)
[meter] 18:12:27 5.8000 GHz  windows 3589  with tone 112  worst SNR -33.9 dB | ch1  -44.68 (max dev 44.67)  ch2 +141.78 (max dev 141.76)  ch3  +31.93 (max dev 31.91)
[meter] 18:12:27 5.2000 GHz  windows 3736  with tone 112  worst SNR -30.6 dB | ch1  -63.64 (max dev 0.03)  ch2  -18.23 (max dev 0.03)  ch3  -99.08 (max dev 0.03)
[meter] 18:12:27 2.4000 GHz  windows 3837  with tone 3533  worst SNR -32.4 dB | tone +192649.8 Hz 10000 samples | ch1   +0.06 (max dev 0.07)  ch2   +0.23 (max dev 0.04)  ch3   +0.21 (max dev 0.04)
[meter] 18:12:32 5.2000 GHz  windows 3875  with tone 112  worst SNR -30.6 dB | ch1  -63.64 (max dev 0.03)  ch2  -18.23 (max dev 0.03)  ch3  -99.08 (max dev 0.03)
[meter] 18:12:32 5.8000 GHz  windows 3728  with tone 112  worst SNR -33.9 dB | ch1  -44.68 (max dev 44.67)  ch2 +141.78 (max dev 141.76)  ch3  +31.93 (max dev 31.91)
[meter] 18:12:32 2.4000 GHz  windows 3974  with tone 3670  worst SNR -32.4 dB | tone +192629.7 Hz 10000 samples | ch1   +0.05 (max dev 0.06)  ch2   +0.24 (max dev 0.05)  ch3   +0.22 (max dev 0.05)
[meter] 18:12:37 5.2000 GHz  windows 4014  with tone 112  worst SNR -30.6 dB | ch1  -63.64 (max dev 0.03)  ch2  -18.23 (max dev 0.03)  ch3  -99.08 (max dev 0.03)
[meter] 18:12:37 5.8000 GHz  windows 3868  with tone 112  worst SNR -33.9 dB | ch1  -44.68 (max dev 44.67)  ch2 +141.78 (max dev 141.76)  ch3  +31.93 (max dev 31.91)
[meter] 18:12:37 2.4000 GHz  windows 4114  with tone 3810  worst SNR -32.4 dB | tone +192631.9 Hz 10000 samples | ch1   +0.06 (max dev 0.06)  ch2   +0.25 (max dev 0.04)  ch3   +0.22 (max dev 0.04)
[meter] 18:12:42 5.2000 GHz  windows 4153  with tone 112  worst SNR -30.6 dB | ch1  -63.64 (max dev 0.03)  ch2  -18.23 (max dev 0.03)  ch3  -99.08 (max dev 0.03)
[meter] 18:12:42 5.8000 GHz  windows 4006  with tone 112  worst SNR -33.9 dB | ch1  -44.68 (max dev 44.67)  ch2 +141.78 (max dev 141.76)  ch3  +31.93 (max dev 31.91)
[meter] 18:12:42 2.4000 GHz  windows 4253  with tone 3949  worst SNR -32.4 dB | tone +192628.0 Hz 10000 samples | ch1   +0.06 (max dev 0.05)  ch2   +0.25 (max dev 0.04)  ch3   +0.23 (max dev 0.04)
[meter] 18:12:47 5.2000 GHz  windows 4292  with tone 112  worst SNR -30.6 dB | ch1  -63.64 (max dev 0.03)  ch2  -18.23 (max dev 0.03)  ch3  -99.08 (max dev 0.03)
[meter] 18:12:47 5.8000 GHz  windows 4146  with tone 112  worst SNR -33.9 dB | ch1  -44.68 (max dev 44.67)  ch2 +141.78 (max dev 141.76)  ch3  +31.93 (max dev 31.91)
[meter] 18:12:48 2.4000 GHz  windows 4392  with tone 4088  worst SNR -32.4 dB | tone +192619.3 Hz 10000 samples | ch1   +0.06 (max dev 0.06)  ch2   +0.26 (max dev 0.05)  ch3   +0.24 (max dev 0.04)
[meter] 18:12:52 5.2000 GHz  windows 4430  with tone 112  worst SNR -30.6 dB | ch1  -63.64 (max dev 0.03)  ch2  -18.23 (max dev 0.03)  ch3  -99.08 (max dev 0.03)
[meter] 18:12:52 5.8000 GHz  windows 4284  with tone 112  worst SNR -33.9 dB | ch1  -44.68 (max dev 44.67)  ch2 +141.78 (max dev 141.76)  ch3  +31.93 (max dev 31.91)
[meter] 18:12:52 2.4000 GHz  windows 4531  with tone 4227  worst SNR -32.4 dB | tone +192618.1 Hz 10000 samples | ch1   +0.06 (max dev 0.06)  ch2   +0.27 (max dev 0.05)  ch3   +0.25 (max dev 0.05)
[meter] 18:12:57 5.2000 GHz  windows 4569  with tone 112  worst SNR -30.6 dB | ch1  -63.64 (max dev 0.03)  ch2  -18.23 (max dev 0.03)  ch3  -99.08 (max dev 0.03)
[meter] 18:12:57 5.8000 GHz  windows 4423  with tone 112  worst SNR -33.9 dB | ch1  -44.68 (max dev 44.67)  ch2 +141.78 (max dev 141.76)  ch3  +31.93 (max dev 31.91)
[meter] 18:12:58 2.4000 GHz  windows 4670  with tone 4366  worst SNR -32.4 dB | tone +192618.7 Hz 10000 samples | ch1   +0.06 (max dev 0.07)  ch2   +0.28 (max dev 0.05)  ch3   +0.25 (max dev 0.05)
[meter] 18:13:02 5.2000 GHz  windows 4708  with tone 112  worst SNR -30.6 dB | ch1  -63.64 (max dev 0.03)  ch2  -18.23 (max dev 0.03)  ch3  -99.08 (max dev 0.03)
[meter] 18:13:02 5.8000 GHz  windows 4562  with tone 112  worst SNR -33.9 dB | ch1  -44.68 (max dev 44.67)  ch2 +141.78 (max dev 141.76)  ch3  +31.93 (max dev 31.91)
[meter] 18:13:03 2.4000 GHz  windows 4809  with tone 4505  worst SNR -32.4 dB | tone +192611.7 Hz 10000 samples | ch1   +0.06 (max dev 0.06)  ch2   +0.28 (max dev 0.05)  ch3   +0.25 (max dev 0.06)
[meter] 18:13:07 5.2000 GHz  windows 4847  with tone 112  worst SNR -30.6 dB | ch1  -63.64 (max dev 0.03)  ch2  -18.23 (max dev 0.03)  ch3  -99.08 (max dev 0.03)
[meter] 18:13:07 5.8000 GHz  windows 4701  with tone 112  worst SNR -33.9 dB | ch1  -44.68 (max dev 44.67)  ch2 +141.78 (max dev 141.76)  ch3  +31.93 (max dev 31.91)
[meter] 18:13:08 2.4000 GHz  windows 4948  with tone 4644  worst SNR -32.4 dB | tone +192613.0 Hz 10000 samples | ch1   +0.06 (max dev 0.07)  ch2   +0.29 (max dev 0.05)  ch3   +0.26 (max dev 0.05)
[meter] 18:13:12 5.2000 GHz  windows 4986  with tone 112  worst SNR -30.6 dB | ch1  -63.64 (max dev 0.03)  ch2  -18.23 (max dev 0.03)  ch3  -99.08 (max dev 0.03)
[meter] 18:13:12 5.8000 GHz  windows 4840  with tone 112  worst SNR -33.9 dB | ch1  -44.68 (max dev 44.67)  ch2 +141.78 (max dev 141.76)  ch3  +31.93 (max dev 31.91)
[meter] 18:13:13 2.4000 GHz  windows 5087  with tone 4783  worst SNR -32.4 dB | tone +192626.1 Hz 10000 samples | ch1   +0.06 (max dev 0.05)  ch2   +0.29 (max dev 0.04)  ch3   +0.27 (max dev 0.05)
[meter] 18:13:17 5.2000 GHz  windows 5125  with tone 112  worst SNR -30.6 dB | ch1  -63.64 (max dev 0.03)  ch2  -18.23 (max dev 0.03)  ch3  -99.08 (max dev 0.03)
[meter] 18:13:17 5.8000 GHz  windows 4979  with tone 112  worst SNR -33.9 dB | ch1  -44.68 (max dev 44.67)  ch2 +141.78 (max dev 141.76)  ch3  +31.93 (max dev 31.91)
[meter] 18:13:18 2.4000 GHz  windows 5225  with tone 4921  worst SNR -32.4 dB | tone +192581.2 Hz 10000 samples | ch1   +0.06 (max dev 0.09)  ch2   +0.29 (max dev 0.05)  ch3   +0.28 (max dev 0.05)
[meter] 18:13:22 5.2000 GHz  windows 5264  with tone 112  worst SNR -30.6 dB | ch1  -63.64 (max dev 0.03)  ch2  -18.23 (max dev 0.03)  ch3  -99.08 (max dev 0.03)
[meter] 18:13:22 5.8000 GHz  windows 5118  with tone 112  worst SNR -33.9 dB | ch1  -44.68 (max dev 44.67)  ch2 +141.78 (max dev 141.76)  ch3  +31.93 (max dev 31.91)
[meter] 18:13:23 2.4000 GHz  windows 5364  with tone 5060  worst SNR -32.4 dB | tone +192601.8 Hz 10000 samples | ch1   +0.06 (max dev 0.07)  ch2   +0.29 (max dev 0.06)  ch3   +0.28 (max dev 0.05)
[meter] 18:13:27 5.2000 GHz  windows 5403  with tone 112  worst SNR -30.6 dB | ch1  -63.64 (max dev 0.03)  ch2  -18.23 (max dev 0.03)  ch3  -99.08 (max dev 0.03)
[meter] 18:13:28 5.8000 GHz  windows 5257  with tone 112  worst SNR -33.9 dB | ch1  -44.68 (max dev 44.67)  ch2 +141.78 (max dev 141.76)  ch3  +31.93 (max dev 31.91)
[meter] 18:13:28 2.4000 GHz  windows 5501  with tone 5197  worst SNR -32.4 dB | tone +192589.0 Hz 10000 samples | ch1   +0.06 (max dev 0.08)  ch2   +0.29 (max dev 0.05)  ch3   +0.28 (max dev 0.05)
[meter] 18:13:32 5.2000 GHz  windows 5541  with tone 112  worst SNR -30.6 dB | ch1  -63.64 (max dev 0.03)  ch2  -18.23 (max dev 0.03)  ch3  -99.08 (max dev 0.03)
[meter] 18:13:32 5.8000 GHz  windows 5396  with tone 112  worst SNR -33.9 dB | ch1  -44.68 (max dev 44.67)  ch2 +141.78 (max dev 141.76)  ch3  +31.93 (max dev 31.91)
[meter] 18:13:33 2.4000 GHz  windows 5641  with tone 5337  worst SNR -32.4 dB | tone +192581.4 Hz 10000 samples | ch1   +0.06 (max dev 0.07)  ch2   +0.29 (max dev 0.05)  ch3   +0.29 (max dev 0.05)
[meter] 18:13:37 5.2000 GHz  windows 5679  with tone 112  worst SNR -30.6 dB | ch1  -63.64 (max dev 0.03)  ch2  -18.23 (max dev 0.03)  ch3  -99.08 (max dev 0.03)
[meter] 18:13:37 5.8000 GHz  windows 5535  with tone 112  worst SNR -33.9 dB | ch1  -44.68 (max dev 44.67)  ch2 +141.78 (max dev 141.76)  ch3  +31.93 (max dev 31.91)
[meter] 18:13:38 2.4000 GHz  windows 5779  with tone 5475  worst SNR -32.4 dB | tone +192592.3 Hz 10000 samples | ch1   +0.06 (max dev 0.07)  ch2   +0.29 (max dev 0.06)  ch3   +0.29 (max dev 0.06)
[meter] 18:13:42 5.2000 GHz  windows 5815  with tone 112  worst SNR -30.6 dB | ch1  -63.64 (max dev 0.03)  ch2  -18.23 (max dev 0.03)  ch3  -99.08 (max dev 0.03)
[meter] 18:13:43 5.8000 GHz  windows 5671  with tone 112  worst SNR -33.9 dB | ch1  -44.68 (max dev 44.67)  ch2 +141.78 (max dev 141.76)  ch3  +31.93 (max dev 31.91)
[meter] 18:13:43 2.4000 GHz  windows 5913  with tone 5609  worst SNR -32.4 dB | tone +192606.7 Hz 10000 samples | ch1   +0.07 (max dev 0.06)  ch2   +0.30 (max dev 0.05)  ch3   +0.29 (max dev 0.05)
[meter] 18:13:47 5.2000 GHz  windows 5951  with tone 112  worst SNR -31.0 dB | ch1  -63.64 (max dev 0.03)  ch2  -18.23 (max dev 0.03)  ch3  -99.08 (max dev 0.03)
[meter] 18:13:48 5.8000 GHz  windows 5809  with tone 112  worst SNR -33.9 dB | ch1  -44.68 (max dev 44.67)  ch2 +141.78 (max dev 141.76)  ch3  +31.93 (max dev 31.91)
[meter] 18:13:48 2.4000 GHz  windows 6047  with tone 5743  worst SNR -32.4 dB | tone +192583.4 Hz 10000 samples | ch1   +0.07 (max dev 0.07)  ch2   +0.30 (max dev 0.05)  ch3   +0.30 (max dev 0.04)
[meter] 18:13:52 5.2000 GHz  windows 6089  with tone 112  worst SNR -31.0 dB | ch1  -63.64 (max dev 0.03)  ch2  -18.23 (max dev 0.03)  ch3  -99.08 (max dev 0.03)
[meter] 18:13:53 5.8000 GHz  windows 5948  with tone 112  worst SNR -33.9 dB | ch1  -44.68 (max dev 44.67)  ch2 +141.78 (max dev 141.76)  ch3  +31.93 (max dev 31.91)
[meter] 18:13:53 2.4000 GHz  windows 6184  with tone 5880  worst SNR -32.4 dB | tone +192575.8 Hz 10000 samples | ch1   +0.06 (max dev 0.08)  ch2   +0.30 (max dev 0.13)  ch3   +0.29 (max dev 0.27)
[meter] 18:13:57 5.2000 GHz  windows 6228  with tone 112  worst SNR -31.0 dB | ch1  -63.64 (max dev 0.03)  ch2  -18.23 (max dev 0.03)  ch3  -99.08 (max dev 0.03)
[meter] 18:13:58 5.8000 GHz  windows 6086  with tone 112  worst SNR -33.9 dB | ch1  -44.68 (max dev 44.67)  ch2 +141.78 (max dev 141.76)  ch3  +31.93 (max dev 31.91)
[meter] 18:13:58 2.4000 GHz  windows 6319  with tone 6015  worst SNR -32.4 dB | tone +192583.6 Hz 10000 samples | ch1   +0.05 (max dev 0.09)  ch2   +0.28 (max dev 0.11)  ch3   +0.27 (max dev 0.24)
[meter] 18:14:02 5.2000 GHz  windows 6367  with tone 112  worst SNR -31.0 dB | ch1  -63.64 (max dev 0.03)  ch2  -18.23 (max dev 0.03)  ch3  -99.08 (max dev 0.03)
[meter] 18:14:03 5.8000 GHz  windows 6226  with tone 112  worst SNR -33.9 dB | ch1  -44.68 (max dev 44.67)  ch2 +141.78 (max dev 141.76)  ch3  +31.93 (max dev 31.91)
[meter] 18:14:03 2.4000 GHz  windows 6456  with tone 6152  worst SNR -32.4 dB | tone +192576.2 Hz 10000 samples | ch1   +0.05 (max dev 0.08)  ch2   +0.27 (max dev 0.04)  ch3   +0.25 (max dev 0.05)
[meter] 18:14:07 5.2000 GHz  windows 6506  with tone 112  worst SNR -31.0 dB | ch1  -63.64 (max dev 0.03)  ch2  -18.23 (max dev 0.03)  ch3  -99.08 (max dev 0.03)
[meter] 18:14:08 5.8000 GHz  windows 6364  with tone 112  worst SNR -33.9 dB | ch1  -44.68 (max dev 44.67)  ch2 +141.78 (max dev 141.76)  ch3  +31.93 (max dev 31.91)
[meter] 18:14:08 2.4000 GHz  windows 6593  with tone 6289  worst SNR -32.4 dB | tone +192574.6 Hz 10000 samples | ch1   +0.05 (max dev 0.07)  ch2   +0.27 (max dev 0.04)  ch3   +0.26 (max dev 0.05)
[meter] 18:14:13 5.2000 GHz  windows 6645  with tone 112  worst SNR -31.0 dB | ch1  -63.64 (max dev 0.03)  ch2  -18.23 (max dev 0.03)  ch3  -99.08 (max dev 0.03)
[meter] 18:14:13 5.8000 GHz  windows 6503  with tone 112  worst SNR -33.9 dB | ch1  -44.68 (max dev 44.67)  ch2 +141.78 (max dev 141.76)  ch3  +31.93 (max dev 31.91)
[meter] 18:14:13 2.4000 GHz  windows 6730  with tone 6426  worst SNR -32.4 dB | tone +192563.1 Hz 10000 samples | ch1   +0.05 (max dev 0.07)  ch2   +0.28 (max dev 0.05)  ch3   +0.26 (max dev 0.05)
[meter] 18:14:18 5.2000 GHz  windows 6782  with tone 112  worst SNR -40.0 dB | ch1  -63.64 (max dev 0.03)  ch2  -18.23 (max dev 0.03)  ch3  -99.08 (max dev 0.03)
[meter] 18:14:18 5.8000 GHz  windows 6641  with tone 112  worst SNR -33.9 dB | ch1  -44.68 (max dev 44.67)  ch2 +141.78 (max dev 141.76)  ch3  +31.93 (max dev 31.91)
[meter] 18:14:18 2.4000 GHz  windows 6864  with tone 6560  worst SNR -32.4 dB | tone +192571.5 Hz 10000 samples | ch1   +0.06 (max dev 0.05)  ch2   +0.28 (max dev 0.05)  ch3   +0.27 (max dev 0.05)
[meter] 18:14:23 5.2000 GHz  windows 6921  with tone 112  worst SNR -40.0 dB | ch1  -63.64 (max dev 0.03)  ch2  -18.23 (max dev 0.03)  ch3  -99.08 (max dev 0.03)
[meter] 18:14:23 5.8000 GHz  windows 6780  with tone 112  worst SNR -33.9 dB | ch1  -44.68 (max dev 44.67)  ch2 +141.78 (max dev 141.76)  ch3  +31.93 (max dev 31.91)
[meter] 18:14:23 2.4000 GHz  windows 7002  with tone 6698  worst SNR -32.4 dB | tone +192596.0 Hz 10000 samples | ch1   +0.06 (max dev 0.06)  ch2   +0.28 (max dev 0.05)  ch3   +0.27 (max dev 0.04)
[meter] 18:14:28 5.2000 GHz  windows 7060  with tone 112  worst SNR -40.0 dB | ch1  -63.64 (max dev 0.03)  ch2  -18.23 (max dev 0.03)  ch3  -99.08 (max dev 0.03)
[meter] 18:14:28 5.8000 GHz  windows 6919  with tone 112  worst SNR -33.9 dB | ch1  -44.68 (max dev 44.67)  ch2 +141.78 (max dev 141.76)  ch3  +31.93 (max dev 31.91)
[meter] 18:14:28 2.4000 GHz  windows 7140  with tone 6836  worst SNR -32.4 dB | tone +192605.1 Hz 10000 samples | ch1   +0.07 (max dev 0.07)  ch2   +0.28 (max dev 0.05)  ch3   +0.27 (max dev 0.05)
[meter] 18:14:33 5.2000 GHz  windows 7199  with tone 112  worst SNR -40.0 dB | ch1  -63.64 (max dev 0.03)  ch2  -18.23 (max dev 0.03)  ch3  -99.08 (max dev 0.03)
[meter] 18:14:33 5.8000 GHz  windows 7058  with tone 112  worst SNR -33.9 dB | ch1  -44.68 (max dev 44.67)  ch2 +141.78 (max dev 141.76)  ch3  +31.93 (max dev 31.91)
[meter] 18:14:33 2.4000 GHz  windows 7276  with tone 6972  worst SNR -32.4 dB | tone +192627.1 Hz 10000 samples | ch1   +0.07 (max dev 0.06)  ch2   +0.28 (max dev 0.04)  ch3   +0.27 (max dev 0.05)
[meter] 18:14:38 5.2000 GHz  windows 7337  with tone 112  worst SNR -40.0 dB | ch1  -63.64 (max dev 0.03)  ch2  -18.23 (max dev 0.03)  ch3  -99.08 (max dev 0.03)
[meter] 18:14:38 5.8000 GHz  windows 7197  with tone 112  worst SNR -33.9 dB | ch1  -44.68 (max dev 44.67)  ch2 +141.78 (max dev 141.76)  ch3  +31.93 (max dev 31.91)
[meter] 18:14:38 2.4000 GHz  windows 7411  with tone 7107  worst SNR -32.4 dB | tone +192626.3 Hz 10000 samples | ch1   +0.07 (max dev 0.07)  ch2   +0.29 (max dev 0.04)  ch3   +0.28 (max dev 0.04)
[meter] 18:14:43 5.2000 GHz  windows 7476  with tone 112  worst SNR -40.0 dB | ch1  -63.64 (max dev 0.03)  ch2  -18.23 (max dev 0.03)  ch3  -99.08 (max dev 0.03)
[meter] 18:14:43 5.8000 GHz  windows 7336  with tone 112  worst SNR -33.9 dB | ch1  -44.68 (max dev 44.67)  ch2 +141.78 (max dev 141.76)  ch3  +31.93 (max dev 31.91)
[meter] 18:14:43 2.4000 GHz  windows 7546  with tone 7242  worst SNR -32.4 dB | tone +192643.7 Hz 10000 samples | ch1   +0.07 (max dev 0.07)  ch2   +0.29 (max dev 0.06)  ch3   +0.28 (max dev 0.07)
[meter] 18:14:48 5.2000 GHz  windows 7614  with tone 112  worst SNR -40.0 dB | ch1  -63.64 (max dev 0.03)  ch2  -18.23 (max dev 0.03)  ch3  -99.08 (max dev 0.03)
[meter] 18:14:48 5.8000 GHz  windows 7475  with tone 112  worst SNR -33.9 dB | ch1  -44.68 (max dev 44.67)  ch2 +141.78 (max dev 141.76)  ch3  +31.93 (max dev 31.91)
[meter] 18:14:48 2.4000 GHz  windows 7681  with tone 7377  worst SNR -32.4 dB | tone +192622.1 Hz 10000 samples | ch1   +0.07 (max dev 0.07)  ch2   +0.30 (max dev 0.05)  ch3   +0.29 (max dev 0.05)
[meter] 18:14:53 5.2000 GHz  windows 7753  with tone 112  worst SNR -40.0 dB | ch1  -63.64 (max dev 0.03)  ch2  -18.23 (max dev 0.03)  ch3  -99.08 (max dev 0.03)
[meter] 18:14:53 5.8000 GHz  windows 7614  with tone 112  worst SNR -33.9 dB | ch1  -44.68 (max dev 44.67)  ch2 +141.78 (max dev 141.76)  ch3  +31.93 (max dev 31.91)
[meter] 18:14:53 2.4000 GHz  windows 7813  with tone 7509  worst SNR -32.4 dB | tone +192655.0 Hz 10000 samples | ch1   +0.07 (max dev 0.07)  ch2   +0.30 (max dev 0.07)  ch3   +0.29 (max dev 0.07)
[meter] 18:14:58 5.2000 GHz  windows 7890  with tone 112  worst SNR -45.8 dB | ch1  -63.64 (max dev 0.03)  ch2  -18.23 (max dev 0.03)  ch3  -99.08 (max dev 0.03)
[meter] 18:14:58 5.8000 GHz  windows 7753  with tone 112  worst SNR -33.9 dB | ch1  -44.68 (max dev 44.67)  ch2 +141.78 (max dev 141.76)  ch3  +31.93 (max dev 31.91)
[meter] 18:14:58 2.4000 GHz  windows 7948  with tone 7644  worst SNR -32.4 dB | tone +192658.8 Hz 10000 samples | ch1   +0.07 (max dev 0.06)  ch2   +0.30 (max dev 0.07)  ch3   +0.29 (max dev 0.07)
[meter] 18:15:03 5.2000 GHz  windows 8027  with tone 112  worst SNR -45.8 dB | ch1  -63.64 (max dev 0.03)  ch2  -18.23 (max dev 0.03)  ch3  -99.08 (max dev 0.03)
[meter] 18:15:03 5.8000 GHz  windows 7892  with tone 112  worst SNR -33.9 dB | ch1  -44.68 (max dev 44.67)  ch2 +141.78 (max dev 141.76)  ch3  +31.93 (max dev 31.91)
[meter] 18:15:03 2.4000 GHz  windows 8081  with tone 7777  worst SNR -32.4 dB | tone +192657.8 Hz 10000 samples | ch1   +0.07 (max dev 0.07)  ch2   +0.31 (max dev 0.05)  ch3   +0.30 (max dev 0.05)
[meter] 18:15:08 5.2000 GHz  windows 8165  with tone 112  worst SNR -45.8 dB | ch1  -63.64 (max dev 0.03)  ch2  -18.23 (max dev 0.03)  ch3  -99.08 (max dev 0.03)
[meter] 18:15:08 5.8000 GHz  windows 8031  with tone 112  worst SNR -33.9 dB | ch1  -44.68 (max dev 44.67)  ch2 +141.78 (max dev 141.76)  ch3  +31.93 (max dev 31.91)
[meter] 18:15:08 2.4000 GHz  windows 8217  with tone 7913  worst SNR -32.4 dB | tone +192667.3 Hz 10000 samples | ch1   +0.07 (max dev 0.07)  ch2   +0.32 (max dev 0.04)  ch3   +0.31 (max dev 0.05)
[meter] 18:15:13 5.2000 GHz  windows 8299  with tone 112  worst SNR -45.8 dB | ch1  -63.64 (max dev 0.03)  ch2  -18.23 (max dev 0.03)  ch3  -99.08 (max dev 0.03)
[meter] 18:15:13 5.8000 GHz  windows 8165  with tone 112  worst SNR -33.9 dB | ch1  -44.68 (max dev 44.67)  ch2 +141.78 (max dev 141.76)  ch3  +31.93 (max dev 31.91)
[meter] 18:15:13 2.4000 GHz  windows 8343  with tone 8039  worst SNR -32.4 dB | tone +192671.9 Hz 10000 samples | ch1   +0.08 (max dev 0.07)  ch2   +0.32 (max dev 0.05)  ch3   +0.32 (max dev 0.05)
[meter] 18:15:18 5.2000 GHz  windows 8419  with tone 112  worst SNR -45.8 dB | ch1  -63.64 (max dev 0.03)  ch2  -18.23 (max dev 0.03)  ch3  -99.08 (max dev 0.03)
[meter] 18:15:18 5.8000 GHz  windows 8290  with tone 112  worst SNR -33.9 dB | ch1  -44.68 (max dev 44.67)  ch2 +141.78 (max dev 141.76)  ch3  +31.93 (max dev 31.91)
[meter] 18:15:18 2.4000 GHz  windows 8474  with tone 8170  worst SNR -32.4 dB | tone +192660.1 Hz 10000 samples | ch1   +0.07 (max dev 0.07)  ch2   +0.32 (max dev 0.04)  ch3   +0.32 (max dev 0.05)
[radio] mode MON requested
[meter] 18:15:23 5.2000 GHz  windows 8512  with tone 112  worst SNR -45.8 dB | ch1  -63.64 (max dev 0.03)  ch2  -18.23 (max dev 0.03)  ch3  -99.08 (max dev 0.03)
[meter] 18:15:23 5.8000 GHz  windows 8386  with tone 112  worst SNR -33.9 dB | ch1  -44.68 (max dev 44.67)  ch2 +141.78 (max dev 141.76)  ch3  +31.93 (max dev 31.91)
[meter] 18:15:23 2.4000 GHz  windows 8566  with tone 8262  worst SNR -32.4 dB | tone +192650.0 Hz 10000 samples | ch1   +0.07 (max dev 0.07)  ch2   +0.33 (max dev 0.05)  ch3   +0.33 (max dev 0.04)
[radio] mode DF requested
[meter] 18:15:28 5.8000 GHz  windows 8430  with tone 112  worst SNR -33.9 dB | ch1  -44.68 (max dev 44.67)  ch2 +141.78 (max dev 141.76)  ch3  +31.93 (max dev 31.91)
[meter] 18:15:28 2.4000 GHz  windows 8609  with tone 8305  worst SNR -32.4 dB | tone +192670.9 Hz 10000 samples | ch1   +0.05 (max dev 0.15)  ch2   +0.28 (max dev 0.37)  ch3   +0.30 (max dev 0.19)
[meter] 18:15:28 5.2000 GHz  windows 8554  with tone 112  worst SNR -45.8 dB | ch1  -63.64 (max dev 0.03)  ch2  -18.23 (max dev 0.03)  ch3  -99.08 (max dev 0.03)
[meter] 18:15:33 5.8000 GHz  windows 8571  with tone 112  worst SNR -33.9 dB | ch1  -44.68 (max dev 44.67)  ch2 +141.78 (max dev 141.76)  ch3  +31.93 (max dev 31.91)
[meter] 18:15:33 2.4000 GHz  windows 8747  with tone 8443  worst SNR -32.4 dB | tone +192672.9 Hz 10000 samples | ch1   +0.04 (max dev 0.13)  ch2   +0.18 (max dev 0.27)  ch3   +0.23 (max dev 0.13)
[meter] 18:15:33 5.2000 GHz  windows 8695  with tone 112  worst SNR -45.8 dB | ch1  -63.64 (max dev 0.03)  ch2  -18.23 (max dev 0.03)  ch3  -99.08 (max dev 0.03)
[meter] 18:15:38 5.8000 GHz  windows 8710  with tone 112  worst SNR -33.9 dB | ch1  -44.68 (max dev 44.67)  ch2 +141.78 (max dev 141.76)  ch3  +31.93 (max dev 31.91)
[meter] 18:15:38 2.4000 GHz  windows 8881  with tone 8577  worst SNR -32.4 dB | tone +192669.7 Hz 10000 samples | ch1   +0.04 (max dev 0.07)  ch2   +0.24 (max dev 0.07)  ch3   +0.26 (max dev 0.07)
[meter] 18:15:38 5.2000 GHz  windows 8833  with tone 112  worst SNR -45.8 dB | ch1  -63.64 (max dev 0.03)  ch2  -18.23 (max dev 0.03)  ch3  -99.08 (max dev 0.03)
[meter] 18:15:43 5.8000 GHz  windows 8849  with tone 112  worst SNR -37.4 dB | ch1  -44.68 (max dev 44.67)  ch2 +141.78 (max dev 141.76)  ch3  +31.93 (max dev 31.91)
[meter] 18:15:43 2.4000 GHz  windows 9017  with tone 8713  worst SNR -32.4 dB | tone +192697.5 Hz 10000 samples | ch1   +0.05 (max dev 0.06)  ch2   +0.28 (max dev 0.05)  ch3   +0.30 (max dev 0.05)
[meter] 18:15:43 5.2000 GHz  windows 8971  with tone 112  worst SNR -45.8 dB | ch1  -63.64 (max dev 0.03)  ch2  -18.23 (max dev 0.03)  ch3  -99.08 (max dev 0.03)
[meter] 18:15:48 5.8000 GHz  windows 8988  with tone 112  worst SNR -37.4 dB | ch1  -44.68 (max dev 44.67)  ch2 +141.78 (max dev 141.76)  ch3  +31.93 (max dev 31.91)
[meter] 18:15:48 2.4000 GHz  windows 9154  with tone 8850  worst SNR -32.4 dB | tone +192671.4 Hz 10000 samples | ch1   +0.05 (max dev 0.06)  ch2   +0.30 (max dev 0.05)  ch3   +0.31 (max dev 0.04)
[meter] 18:15:48 5.2000 GHz  windows 9110  with tone 112  worst SNR -45.8 dB | ch1  -63.64 (max dev 0.03)  ch2  -18.23 (max dev 0.03)  ch3  -99.08 (max dev 0.03)
[meter] 18:15:53 5.8000 GHz  windows 9127  with tone 112  worst SNR -37.4 dB | ch1  -44.68 (max dev 44.67)  ch2 +141.78 (max dev 141.76)  ch3  +31.93 (max dev 31.91)
[meter] 18:15:53 2.4000 GHz  windows 9287  with tone 8983  worst SNR -32.4 dB | tone +192699.4 Hz 10000 samples | ch1   +0.05 (max dev 0.06)  ch2   +0.31 (max dev 0.04)  ch3   +0.31 (max dev 0.04)
[meter] 18:15:53 5.2000 GHz  windows 9248  with tone 112  worst SNR -45.8 dB | ch1  -63.64 (max dev 0.03)  ch2  -18.23 (max dev 0.03)  ch3  -99.08 (max dev 0.03)
[meter] 18:15:58 5.8000 GHz  windows 9266  with tone 112  worst SNR -37.4 dB | ch1  -44.68 (max dev 44.67)  ch2 +141.78 (max dev 141.76)  ch3  +31.93 (max dev 31.91)
[meter] 18:15:58 2.4000 GHz  windows 9424  with tone 9120  worst SNR -32.4 dB | tone +192689.5 Hz 10000 samples | ch1   +0.05 (max dev 0.07)  ch2   +0.31 (max dev 0.05)  ch3   +0.31 (max dev 0.04)
[meter] 18:15:58 5.2000 GHz  windows 9387  with tone 112  worst SNR -45.8 dB | ch1  -63.64 (max dev 0.03)  ch2  -18.23 (max dev 0.03)  ch3  -99.08 (max dev 0.03)
[meter] 18:16:03 5.8000 GHz  windows 9404  with tone 112  worst SNR -37.4 dB | ch1  -44.68 (max dev 44.67)  ch2 +141.78 (max dev 141.76)  ch3  +31.93 (max dev 31.91)
[meter] 18:16:03 5.2000 GHz  windows 9526  with tone 112  worst SNR -45.8 dB | ch1  -63.64 (max dev 0.03)  ch2  -18.23 (max dev 0.03)  ch3  -99.08 (max dev 0.03)
[meter] 18:16:03 2.4000 GHz  windows 9560  with tone 9256  worst SNR -32.4 dB | tone +192730.7 Hz 10000 samples | ch1   +0.06 (max dev 0.06)  ch2   +0.31 (max dev 0.04)  ch3   +0.32 (max dev 0.05)
[meter] 18:16:08 5.8000 GHz  windows 9543  with tone 112  worst SNR -37.4 dB | ch1  -44.68 (max dev 44.67)  ch2 +141.78 (max dev 141.76)  ch3  +31.93 (max dev 31.91)
[meter] 18:16:08 5.2000 GHz  windows 9665  with tone 112  worst SNR -45.8 dB | ch1  -63.64 (max dev 0.03)  ch2  -18.23 (max dev 0.03)  ch3  -99.08 (max dev 0.03)
[meter] 18:16:08 2.4000 GHz  windows 9696  with tone 9392  worst SNR -32.4 dB | tone +192707.2 Hz 10000 samples | ch1   +0.06 (max dev 0.07)  ch2   +0.32 (max dev 0.04)  ch3   +0.33 (max dev 0.05)
[meter] 18:16:13 5.8000 GHz  windows 9682  with tone 112  worst SNR -37.4 dB | ch1  -44.68 (max dev 44.67)  ch2 +141.78 (max dev 141.76)  ch3  +31.93 (max dev 31.91)
[meter] 18:16:13 5.2000 GHz  windows 9804  with tone 112  worst SNR -45.8 dB | ch1  -63.64 (max dev 0.03)  ch2  -18.23 (max dev 0.03)  ch3  -99.08 (max dev 0.03)
[meter] 18:16:13 2.4000 GHz  windows 9833  with tone 9529  worst SNR -32.4 dB | tone +192715.7 Hz 10000 samples | ch1   +0.06 (max dev 0.06)  ch2   +0.32 (max dev 0.04)  ch3   +0.34 (max dev 0.05)
[meter] 18:16:18 5.8000 GHz  windows 9821  with tone 112  worst SNR -37.4 dB | ch1  -44.68 (max dev 44.67)  ch2 +141.78 (max dev 141.76)  ch3  +31.93 (max dev 31.91)
[meter] 18:16:18 5.2000 GHz  windows 9943  with tone 112  worst SNR -45.8 dB | ch1  -63.64 (max dev 0.03)  ch2  -18.23 (max dev 0.03)  ch3  -99.08 (max dev 0.03)
[meter] 18:16:18 2.4000 GHz  windows 9968  with tone 9664  worst SNR -32.4 dB | tone +192716.3 Hz 10000 samples | ch1   +0.06 (max dev 0.07)  ch2   +0.33 (max dev 0.05)  ch3   +0.35 (max dev 0.06)
[meter] 18:16:23 5.8000 GHz  windows 9960  with tone 112  worst SNR -37.4 dB | ch1  -44.68 (max dev 44.67)  ch2 +141.78 (max dev 141.76)  ch3  +31.93 (max dev 31.91)
[meter] 18:16:23 5.2000 GHz  windows 10081  with tone 112  worst SNR -45.8 dB | ch1  -63.64 (max dev 0.03)  ch2  -18.23 (max dev 0.03)  ch3  -99.08 (max dev 0.03)
[meter] 18:16:23 2.4000 GHz  windows 10101  with tone 9797  worst SNR -32.4 dB | tone +192694.7 Hz 10000 samples | ch1   +0.06 (max dev 0.05)  ch2   +0.33 (max dev 0.05)  ch3   +0.35 (max dev 0.04)
[meter] 18:16:28 5.8000 GHz  windows 10099  with tone 112  worst SNR -37.4 dB | ch1  -44.68 (max dev 44.67)  ch2 +141.78 (max dev 141.76)  ch3  +31.93 (max dev 31.91)
[meter] 18:16:28 5.2000 GHz  windows 10219  with tone 112  worst SNR -45.8 dB | ch1  -63.64 (max dev 0.03)  ch2  -18.23 (max dev 0.03)  ch3  -99.08 (max dev 0.03)
[meter] 18:16:28 2.4000 GHz  windows 10234  with tone 9930  worst SNR -32.4 dB | tone +192714.8 Hz 10000 samples | ch1   +0.06 (max dev 0.06)  ch2   +0.33 (max dev 0.04)  ch3   +0.35 (max dev 0.04)
[meter] 18:16:33 5.8000 GHz  windows 10238  with tone 112  worst SNR -37.4 dB | ch1  -44.68 (max dev 44.67)  ch2 +141.78 (max dev 141.76)  ch3  +31.93 (max dev 31.91)
[meter] 18:16:33 5.2000 GHz  windows 10359  with tone 112  worst SNR -45.8 dB | ch1  -63.64 (max dev 0.03)  ch2  -18.23 (max dev 0.03)  ch3  -99.08 (max dev 0.03)
[meter] 18:16:33 2.4000 GHz  windows 10371  with tone 10067  worst SNR -32.4 dB | tone +192722.8 Hz 10000 samples | ch1   +0.06 (max dev 0.07)  ch2   +0.34 (max dev 0.06)  ch3   +0.35 (max dev 0.06)
[meter] 18:16:38 5.8000 GHz  windows 10377  with tone 112  worst SNR -37.4 dB | ch1  -44.68 (max dev 44.67)  ch2 +141.78 (max dev 141.76)  ch3  +31.93 (max dev 31.91)
[meter] 18:16:38 5.2000 GHz  windows 10497  with tone 112  worst SNR -45.8 dB | ch1  -63.64 (max dev 0.03)  ch2  -18.23 (max dev 0.03)  ch3  -99.08 (max dev 0.03)
[meter] 18:16:38 2.4000 GHz  windows 10506  with tone 10202  worst SNR -32.4 dB | tone +192724.1 Hz 10000 samples | ch1   +0.07 (max dev 0.05)  ch2   +0.34 (max dev 0.04)  ch3   +0.36 (max dev 0.04)
[meter] 18:16:43 5.8000 GHz  windows 10516  with tone 112  worst SNR -37.4 dB | ch1  -44.68 (max dev 44.67)  ch2 +141.78 (max dev 141.76)  ch3  +31.93 (max dev 31.91)
[meter] 18:16:43 5.2000 GHz  windows 10635  with tone 112  worst SNR -45.8 dB | ch1  -63.64 (max dev 0.03)  ch2  -18.23 (max dev 0.03)  ch3  -99.08 (max dev 0.03)
[meter] 18:16:43 2.4000 GHz  windows 10640  with tone 10336  worst SNR -32.4 dB | tone +192740.8 Hz 10000 samples | ch1   +0.07 (max dev 0.07)  ch2   +0.35 (max dev 0.04)  ch3   +0.35 (max dev 0.04)
[meter] 18:16:48 5.2000 GHz  windows 10773  with tone 112  worst SNR -45.8 dB | ch1  -63.64 (max dev 0.03)  ch2  -18.23 (max dev 0.03)  ch3  -99.08 (max dev 0.03)
[meter] 18:16:48 5.8000 GHz  windows 10655  with tone 112  worst SNR -37.4 dB | ch1  -44.68 (max dev 44.67)  ch2 +141.78 (max dev 141.76)  ch3  +31.93 (max dev 31.91)
[meter] 18:16:48 2.4000 GHz  windows 10775  with tone 10471  worst SNR -32.4 dB | tone +192711.9 Hz 10000 samples | ch1   +0.07 (max dev 0.07)  ch2   +0.35 (max dev 0.04)  ch3   +0.35 (max dev 0.04)
[meter] 18:16:53 5.8000 GHz  windows 10794  with tone 112  worst SNR -37.4 dB | ch1  -44.68 (max dev 44.67)  ch2 +141.78 (max dev 141.76)  ch3  +31.93 (max dev 31.91)
[meter] 18:16:53 5.2000 GHz  windows 10912  with tone 112  worst SNR -45.8 dB | ch1  -63.64 (max dev 0.03)  ch2  -18.23 (max dev 0.03)  ch3  -99.08 (max dev 0.03)
[meter] 18:16:53 2.4000 GHz  windows 10909  with tone 10605  worst SNR -32.4 dB | tone +192695.6 Hz 10000 samples | ch1   +0.07 (max dev 0.07)  ch2   +0.35 (max dev 0.04)  ch3   +0.35 (max dev 0.05)
[meter] 18:16:58 5.2000 GHz  windows 11051  with tone 112  worst SNR -45.8 dB | ch1  -63.64 (max dev 0.03)  ch2  -18.23 (max dev 0.03)  ch3  -99.08 (max dev 0.03)
[meter] 18:16:58 5.8000 GHz  windows 10933  with tone 112  worst SNR -37.4 dB | ch1  -44.68 (max dev 44.67)  ch2 +141.78 (max dev 141.76)  ch3  +31.93 (max dev 31.91)
[meter] 18:16:58 2.4000 GHz  windows 11046  with tone 10742  worst SNR -32.4 dB | tone +192714.6 Hz 10000 samples | ch1   +0.08 (max dev 0.06)  ch2   +0.35 (max dev 0.04)  ch3   +0.35 (max dev 0.05)
[meter] 18:17:03 2.4000 GHz  windows 11178  with tone 10874  worst SNR -32.4 dB | tone +192699.3 Hz 10000 samples | ch1   +0.08 (max dev 0.06)  ch2   +0.35 (max dev 0.05)  ch3   +0.35 (max dev 0.04)
[meter] 18:17:03 5.2000 GHz  windows 11190  with tone 112  worst SNR -45.8 dB | ch1  -63.64 (max dev 0.03)  ch2  -18.23 (max dev 0.03)  ch3  -99.08 (max dev 0.03)
[meter] 18:17:03 5.8000 GHz  windows 11072  with tone 112  worst SNR -37.4 dB | ch1  -44.68 (max dev 44.67)  ch2 +141.78 (max dev 141.76)  ch3  +31.93 (max dev 31.91)
[meter] 18:17:08 5.8000 GHz  windows 11210  with tone 112  worst SNR -37.4 dB | ch1  -44.68 (max dev 44.67)  ch2 +141.78 (max dev 141.76)  ch3  +31.93 (max dev 31.91)
[meter] 18:17:08 2.4000 GHz  windows 11313  with tone 11009  worst SNR -32.4 dB | tone +192715.4 Hz 10000 samples | ch1   +0.07 (max dev 0.06)  ch2   +0.35 (max dev 0.05)  ch3   +0.35 (max dev 0.05)
[meter] 18:17:08 5.2000 GHz  windows 11329  with tone 112  worst SNR -45.8 dB | ch1  -63.64 (max dev 0.03)  ch2  -18.23 (max dev 0.03)  ch3  -99.08 (max dev 0.03)
[meter] 18:17:13 2.4000 GHz  windows 11448  with tone 11144  worst SNR -32.4 dB | tone +192720.5 Hz 10000 samples | ch1   +0.07 (max dev 0.06)  ch2   +0.34 (max dev 0.05)  ch3   +0.34 (max dev 0.05)
[meter] 18:17:13 5.2000 GHz  windows 11468  with tone 112  worst SNR -45.8 dB | ch1  -63.64 (max dev 0.03)  ch2  -18.23 (max dev 0.03)  ch3  -99.08 (max dev 0.03)
[meter] 18:17:13 5.8000 GHz  windows 11350  with tone 112  worst SNR -37.4 dB | ch1  -44.68 (max dev 44.67)  ch2 +141.78 (max dev 141.76)  ch3  +31.93 (max dev 31.91)
[meter] 18:17:18 2.4000 GHz  windows 11580  with tone 11276  worst SNR -32.4 dB | tone +192691.5 Hz 10000 samples | ch1   +0.08 (max dev 0.05)  ch2   +0.34 (max dev 0.05)  ch3   +0.34 (max dev 0.05)
[meter] 18:17:18 5.8000 GHz  windows 11489  with tone 112  worst SNR -37.4 dB | ch1  -44.68 (max dev 44.67)  ch2 +141.78 (max dev 141.76)  ch3  +31.93 (max dev 31.91)
[meter] 18:17:18 5.2000 GHz  windows 11607  with tone 112  worst SNR -45.8 dB | ch1  -63.64 (max dev 0.03)  ch2  -18.23 (max dev 0.03)  ch3  -99.08 (max dev 0.03)
[meter] 18:17:23 5.8000 GHz  windows 11628  with tone 112  worst SNR -37.4 dB | ch1  -44.68 (max dev 44.67)  ch2 +141.78 (max dev 141.76)  ch3  +31.93 (max dev 31.91)
[meter] 18:17:23 2.4000 GHz  windows 11720  with tone 11416  worst SNR -32.4 dB | tone +192715.2 Hz 10000 samples | ch1   +0.08 (max dev 0.05)  ch2   +0.34 (max dev 0.04)  ch3   +0.34 (max dev 0.05)
[meter] 18:17:23 5.2000 GHz  windows 11746  with tone 112  worst SNR -45.8 dB | ch1  -63.64 (max dev 0.03)  ch2  -18.23 (max dev 0.03)  ch3  -99.08 (max dev 0.03)
[meter] 18:17:28 5.8000 GHz  windows 11767  with tone 112  worst SNR -37.4 dB | ch1  -44.68 (max dev 44.67)  ch2 +141.78 (max dev 141.76)  ch3  +31.93 (max dev 31.91)
[meter] 18:17:28 2.4000 GHz  windows 11855  with tone 11551  worst SNR -32.4 dB | tone +192725.8 Hz 10000 samples | ch1   +0.08 (max dev 0.06)  ch2   +0.34 (max dev 0.04)  ch3   +0.34 (max dev 0.05)
[meter] 18:17:28 5.2000 GHz  windows 11885  with tone 112  worst SNR -45.8 dB | ch1  -63.64 (max dev 0.03)  ch2  -18.23 (max dev 0.03)  ch3  -99.08 (max dev 0.03)
[meter] 18:17:33 5.8000 GHz  windows 11905  with tone 112  worst SNR -37.4 dB | ch1  -44.68 (max dev 44.67)  ch2 +141.78 (max dev 141.76)  ch3  +31.93 (max dev 31.91)
[meter] 18:17:33 2.4000 GHz  windows 11992  with tone 11688  worst SNR -32.4 dB | tone +192715.3 Hz 10000 samples | ch1   +0.08 (max dev 0.08)  ch2   +0.33 (max dev 0.04)  ch3   +0.33 (max dev 0.04)
[meter] 18:17:33 5.2000 GHz  windows 12023  with tone 112  worst SNR -45.8 dB | ch1  -63.64 (max dev 0.03)  ch2  -18.23 (max dev 0.03)  ch3  -99.08 (max dev 0.03)
[meter] 18:17:38 5.8000 GHz  windows 12043  with tone 112  worst SNR -37.4 dB | ch1  -44.68 (max dev 44.67)  ch2 +141.78 (max dev 141.76)  ch3  +31.93 (max dev 31.91)
[meter] 18:17:38 2.4000 GHz  windows 12127  with tone 11823  worst SNR -32.4 dB | tone +192703.5 Hz 10000 samples | ch1   +0.08 (max dev 0.07)  ch2   +0.33 (max dev 0.07)  ch3   +0.33 (max dev 0.07)
[meter] 18:17:38 5.2000 GHz  windows 12161  with tone 112  worst SNR -45.8 dB | ch1  -63.64 (max dev 0.03)  ch2  -18.23 (max dev 0.03)  ch3  -99.08 (max dev 0.03)
[meter] 18:17:43 5.8000 GHz  windows 12183  with tone 112  worst SNR -37.4 dB | ch1  -44.68 (max dev 44.67)  ch2 +141.78 (max dev 141.76)  ch3  +31.93 (max dev 31.91)
[meter] 18:17:43 2.4000 GHz  windows 12262  with tone 11958  worst SNR -32.4 dB | tone +192703.7 Hz 10000 samples | ch1   +0.08 (max dev 0.06)  ch2   +0.32 (max dev 0.07)  ch3   +0.33 (max dev 0.07)
[meter] 18:17:43 5.2000 GHz  windows 12300  with tone 112  worst SNR -45.8 dB | ch1  -63.64 (max dev 0.03)  ch2  -18.23 (max dev 0.03)  ch3  -99.08 (max dev 0.03)
[meter] 18:17:48 5.8000 GHz  windows 12321  with tone 112  worst SNR -37.4 dB | ch1  -44.68 (max dev 44.67)  ch2 +141.78 (max dev 141.76)  ch3  +31.93 (max dev 31.91)
[meter] 18:17:48 2.4000 GHz  windows 12395  with tone 12091  worst SNR -32.4 dB | tone +192696.7 Hz 10000 samples | ch1   +0.08 (max dev 0.07)  ch2   +0.31 (max dev 0.05)  ch3   +0.32 (max dev 0.04)
[meter] 18:17:48 5.2000 GHz  windows 12439  with tone 112  worst SNR -45.8 dB | ch1  -63.64 (max dev 0.03)  ch2  -18.23 (max dev 0.03)  ch3  -99.08 (max dev 0.03)
[meter] 18:17:53 5.8000 GHz  windows 12459  with tone 112  worst SNR -37.4 dB | ch1  -44.68 (max dev 44.67)  ch2 +141.78 (max dev 141.76)  ch3  +31.93 (max dev 31.91)
[meter] 18:17:53 2.4000 GHz  windows 12517  with tone 12213  worst SNR -32.4 dB | tone +192698.2 Hz 10000 samples | ch1   +0.08 (max dev 0.07)  ch2   +0.31 (max dev 0.05)  ch3   +0.31 (max dev 0.04)
[meter] 18:17:53 5.2000 GHz  windows 12571  with tone 112  worst SNR -45.8 dB | ch1  -63.64 (max dev 0.03)  ch2  -18.23 (max dev 0.03)  ch3  -99.08 (max dev 0.03)
[meter] 18:17:58 5.2000 GHz  windows 12699  with tone 112  worst SNR -45.8 dB | ch1  -63.64 (max dev 0.03)  ch2  -18.23 (max dev 0.03)  ch3  -99.08 (max dev 0.03)
[meter] 18:17:58 5.8000 GHz  windows 12593  with tone 112  worst SNR -37.4 dB | ch1  -44.68 (max dev 44.67)  ch2 +141.78 (max dev 141.76)  ch3  +31.93 (max dev 31.91)
[meter] 18:17:58 2.4000 GHz  windows 12618  with tone 12314  worst SNR -32.4 dB | tone +192707.4 Hz 10000 samples | ch1   +0.09 (max dev 0.06)  ch2   +0.30 (max dev 0.04)  ch3   +0.30 (max dev 0.04)
[meter] 18:18:03 5.2000 GHz  windows 12823  with tone 112  worst SNR -45.8 dB | ch1  -63.64 (max dev 0.03)  ch2  -18.23 (max dev 0.03)  ch3  -99.08 (max dev 0.03)
[meter] 18:18:03 5.8000 GHz  windows 12726  with tone 112  worst SNR -37.4 dB | ch1  -44.68 (max dev 44.67)  ch2 +141.78 (max dev 141.76)  ch3  +31.93 (max dev 31.91)
[meter] 18:18:03 2.4000 GHz  windows 12737  with tone 12433  worst SNR -32.4 dB | tone +192706.7 Hz 10000 samples | ch1   +0.08 (max dev 0.06)  ch2   +0.30 (max dev 0.06)  ch3   +0.30 (max dev 0.05)
[meter] 18:18:08 5.2000 GHz  windows 12952  with tone 112  worst SNR -45.8 dB | ch1  -63.64 (max dev 0.03)  ch2  -18.23 (max dev 0.03)  ch3  -99.08 (max dev 0.03)
[meter] 18:18:08 5.8000 GHz  windows 12862  with tone 112  worst SNR -37.4 dB | ch1  -44.68 (max dev 44.67)  ch2 +141.78 (max dev 141.76)  ch3  +31.93 (max dev 31.91)
[meter] 18:18:08 2.4000 GHz  windows 12849  with tone 12545  worst SNR -32.4 dB | tone +192737.4 Hz 10000 samples | ch1   +0.08 (max dev 0.05)  ch2   +0.29 (max dev 0.04)  ch3   +0.30 (max dev 0.04)
[meter] 18:18:13 2.4000 GHz  windows 12962  with tone 12658  worst SNR -32.4 dB | tone +192770.0 Hz 10000 samples | ch1   +0.08 (max dev 0.07)  ch2   +0.29 (max dev 0.05)  ch3   +0.29 (max dev 0.04)
[meter] 18:18:13 5.2000 GHz  windows 13080  with tone 112  worst SNR -45.8 dB | ch1  -63.64 (max dev 0.03)  ch2  -18.23 (max dev 0.03)  ch3  -99.08 (max dev 0.03)
[meter] 18:18:13 5.8000 GHz  windows 12999  with tone 112  worst SNR -37.4 dB | ch1  -44.68 (max dev 44.67)  ch2 +141.78 (max dev 141.76)  ch3  +31.93 (max dev 31.91)
[meter] 18:18:18 2.4000 GHz  windows 13068  with tone 12764  worst SNR -32.4 dB | tone +192725.9 Hz 10000 samples | ch1   +0.08 (max dev 0.07)  ch2   +0.29 (max dev 0.05)  ch3   +0.29 (max dev 0.05)
[meter] 18:18:18 5.2000 GHz  windows 13207  with tone 112  worst SNR -45.8 dB | ch1  -63.64 (max dev 0.03)  ch2  -18.23 (max dev 0.03)  ch3  -99.08 (max dev 0.03)
[meter] 18:18:18 5.8000 GHz  windows 13137  with tone 112  worst SNR -37.4 dB | ch1  -44.68 (max dev 44.67)  ch2 +141.78 (max dev 141.76)  ch3  +31.93 (max dev 31.91)
[meter] 18:18:23 2.4000 GHz  windows 13180  with tone 12876  worst SNR -32.4 dB | tone +192733.3 Hz 10000 samples | ch1   +0.09 (max dev 0.06)  ch2   +0.29 (max dev 0.04)  ch3   +0.29 (max dev 0.05)
[meter] 18:18:23 5.2000 GHz  windows 13338  with tone 112  worst SNR -45.8 dB | ch1  -63.64 (max dev 0.03)  ch2  -18.23 (max dev 0.03)  ch3  -99.08 (max dev 0.03)
[meter] 18:18:23 5.8000 GHz  windows 13272  with tone 112  worst SNR -37.4 dB | ch1  -44.68 (max dev 44.67)  ch2 +141.78 (max dev 141.76)  ch3  +31.93 (max dev 31.91)
[meter] 18:18:28 5.2000 GHz  windows 13465  with tone 112  worst SNR -45.8 dB | ch1  -63.64 (max dev 0.03)  ch2  -18.23 (max dev 0.03)  ch3  -99.08 (max dev 0.03)
[meter] 18:18:28 2.4000 GHz  windows 13293  with tone 12989  worst SNR -32.4 dB | tone +192705.2 Hz 10000 samples | ch1   +0.09 (max dev 0.06)  ch2   +0.29 (max dev 0.05)  ch3   +0.28 (max dev 0.05)
[meter] 18:18:28 5.8000 GHz  windows 13406  with tone 112  worst SNR -37.4 dB | ch1  -44.68 (max dev 44.67)  ch2 +141.78 (max dev 141.76)  ch3  +31.93 (max dev 31.91)
[meter] 18:18:33 2.4000 GHz  windows 13405  with tone 13101  worst SNR -32.4 dB | tone +192725.7 Hz 10000 samples | ch1   +0.09 (max dev 0.06)  ch2   +0.28 (max dev 0.04)  ch3   +0.27 (max dev 0.06)
[meter] 18:18:33 5.2000 GHz  windows 13588  with tone 112  worst SNR -45.8 dB | ch1  -63.64 (max dev 0.03)  ch2  -18.23 (max dev 0.03)  ch3  -99.08 (max dev 0.03)
[meter] 18:18:33 5.8000 GHz  windows 13536  with tone 112  worst SNR -37.4 dB | ch1  -44.68 (max dev 44.67)  ch2 +141.78 (max dev 141.76)  ch3  +31.93 (max dev 31.91)
[meter] 18:18:38 2.4000 GHz  windows 13521  with tone 13217  worst SNR -32.4 dB | tone +192713.2 Hz 10000 samples | ch1   +0.09 (max dev 0.08)  ch2   +0.27 (max dev 0.06)  ch3   +0.25 (max dev 0.05)
[meter] 18:18:38 5.2000 GHz  windows 13720  with tone 112  worst SNR -45.8 dB | ch1  -63.64 (max dev 0.03)  ch2  -18.23 (max dev 0.03)  ch3  -99.08 (max dev 0.03)
[meter] 18:18:38 5.8000 GHz  windows 13671  with tone 112  worst SNR -37.4 dB | ch1  -44.68 (max dev 44.67)  ch2 +141.78 (max dev 141.76)  ch3  +31.93 (max dev 31.91)
[meter] 18:18:43 2.4000 GHz  windows 13628  with tone 13324  worst SNR -32.4 dB | tone +192695.7 Hz 10000 samples | ch1   +0.09 (max dev 0.07)  ch2   +0.27 (max dev 0.05)  ch3   +0.25 (max dev 0.05)
[meter] 18:18:43 5.2000 GHz  windows 13846  with tone 112  worst SNR -45.8 dB | ch1  -63.64 (max dev 0.03)  ch2  -18.23 (max dev 0.03)  ch3  -99.08 (max dev 0.03)
[meter] 18:18:43 5.8000 GHz  windows 13808  with tone 112  worst SNR -37.4 dB | ch1  -44.68 (max dev 44.67)  ch2 +141.78 (max dev 141.76)  ch3  +31.93 (max dev 31.91)
[meter] 18:18:48 2.4000 GHz  windows 13746  with tone 13442  worst SNR -32.4 dB | tone +192703.8 Hz 10000 samples | ch1   +0.09 (max dev 0.07)  ch2   +0.27 (max dev 0.05)  ch3   +0.25 (max dev 0.04)
[meter] 18:18:48 5.2000 GHz  windows 13968  with tone 112  worst SNR -45.8 dB | ch1  -63.64 (max dev 0.03)  ch2  -18.23 (max dev 0.03)  ch3  -99.08 (max dev 0.03)
[meter] 18:18:48 5.8000 GHz  windows 13942  with tone 112  worst SNR -37.4 dB | ch1  -44.68 (max dev 44.67)  ch2 +141.78 (max dev 141.76)  ch3  +31.93 (max dev 31.91)
[meter] 18:18:53 2.4000 GHz  windows 13856  with tone 13552  worst SNR -32.4 dB | tone +192670.1 Hz 10000 samples | ch1   +0.09 (max dev 0.06)  ch2   +0.28 (max dev 0.05)  ch3   +0.25 (max dev 0.06)
[meter] 18:18:53 5.2000 GHz  windows 14094  with tone 112  worst SNR -45.8 dB | ch1  -63.64 (max dev 0.03)  ch2  -18.23 (max dev 0.03)  ch3  -99.08 (max dev 0.03)
[meter] 18:18:53 5.8000 GHz  windows 14077  with tone 112  worst SNR -37.4 dB | ch1  -44.68 (max dev 44.67)  ch2 +141.78 (max dev 141.76)  ch3  +31.93 (max dev 31.91)
[meter] 18:18:58 2.4000 GHz  windows 13983  with tone 13679  worst SNR -32.4 dB | tone +192664.1 Hz 10000 samples | ch1   +0.10 (max dev 0.06)  ch2   +0.28 (max dev 0.05)  ch3   +0.25 (max dev 0.06)
[meter] 18:18:58 5.8000 GHz  windows 14210  with tone 112  worst SNR -37.4 dB | ch1  -44.68 (max dev 44.67)  ch2 +141.78 (max dev 141.76)  ch3  +31.93 (max dev 31.91)
[meter] 18:18:58 5.2000 GHz  windows 14218  with tone 112  worst SNR -45.8 dB | ch1  -63.64 (max dev 0.03)  ch2  -18.23 (max dev 0.03)  ch3  -99.08 (max dev 0.03)
[meter] 18:19:03 2.4000 GHz  windows 14098  with tone 13794  worst SNR -32.4 dB | tone +192658.7 Hz 10000 samples | ch1   +0.10 (max dev 0.05)  ch2   +0.27 (max dev 0.04)  ch3   +0.25 (max dev 0.04)
[meter] 18:19:03 5.2000 GHz  windows 14344  with tone 112  worst SNR -45.8 dB | ch1  -63.64 (max dev 0.03)  ch2  -18.23 (max dev 0.03)  ch3  -99.08 (max dev 0.03)
[meter] 18:19:03 5.8000 GHz  windows 14343  with tone 112  worst SNR -37.4 dB | ch1  -44.68 (max dev 44.67)  ch2 +141.78 (max dev 141.76)  ch3  +31.93 (max dev 31.91)
[meter] 18:19:08 5.2000 GHz  windows 14472  with tone 112  worst SNR -45.8 dB | ch1  -63.64 (max dev 0.03)  ch2  -18.23 (max dev 0.03)  ch3  -99.08 (max dev 0.03)[meter] 18:19:08 2.4000 GHz  windows 14213  with tone 13909  worst SNR -32.4 dB | tone +192652.7 Hz 10000 samples | ch1   +0.10 (max dev 0.06)  ch2   +0.28 (max dev 0.05)  ch3   +0.25 (max dev 0.05)

[meter] 18:19:08 5.8000 GHz  windows 14481  with tone 112  worst SNR -37.4 dB | ch1  -44.68 (max dev 44.67)  ch2 +141.78 (max dev 141.76)  ch3  +31.93 (max dev 31.91)
[meter] 18:19:13 2.4000 GHz  windows 14319  with tone 14015  worst SNR -32.4 dB | tone +192656.9 Hz 10000 samples | ch1   +0.10 (max dev 0.07)  ch2   +0.29 (max dev 0.05)  ch3   +0.26 (max dev 0.04)
[meter] 18:19:13 5.2000 GHz  windows 14601  with tone 112  worst SNR -45.8 dB | ch1  -63.64 (max dev 0.03)  ch2  -18.23 (max dev 0.03)  ch3  -99.08 (max dev 0.03)
[meter] 18:19:13 5.8000 GHz  windows 14617  with tone 112  worst SNR -37.4 dB | ch1  -44.68 (max dev 44.67)  ch2 +141.78 (max dev 141.76)  ch3  +31.93 (max dev 31.91)
[meter] 18:19:18 5.8000 GHz  windows 14748  with tone 112  worst SNR -37.4 dB | ch1  -44.68 (max dev 44.67)  ch2 +141.78 (max dev 141.76)  ch3  +31.93 (max dev 31.91)
[meter] 18:19:18 5.2000 GHz  windows 14728  with tone 112  worst SNR -45.8 dB | ch1  -63.64 (max dev 0.03)  ch2  -18.23 (max dev 0.03)  ch3  -99.08 (max dev 0.03)
[meter] 18:19:18 2.4000 GHz  windows 14433  with tone 14129  worst SNR -32.4 dB | tone +192609.9 Hz 10000 samples | ch1   +0.11 (max dev 0.07)  ch2   +0.29 (max dev 0.05)  ch3   +0.26 (max dev 0.04)
[meter] 18:19:23 2.4000 GHz  windows 14542  with tone 14238  worst SNR -32.4 dB | tone +192630.4 Hz 10000 samples | ch1   +0.10 (max dev 0.06)  ch2   +0.29 (max dev 0.05)  ch3   +0.26 (max dev 0.04)
[meter] 18:19:23 5.2000 GHz  windows 14860  with tone 112  worst SNR -45.8 dB | ch1  -63.64 (max dev 0.03)  ch2  -18.23 (max dev 0.03)  ch3  -99.08 (max dev 0.03)
[meter] 18:19:23 5.8000 GHz  windows 14886  with tone 112  worst SNR -37.4 dB | ch1  -44.68 (max dev 44.67)  ch2 +141.78 (max dev 141.76)  ch3  +31.93 (max dev 31.91)
[meter] 18:19:28 2.4000 GHz  windows 14656  with tone 14352  worst SNR -32.4 dB | tone +192617.3 Hz 10000 samples | ch1   +0.11 (max dev 0.06)  ch2   +0.29 (max dev 0.05)  ch3   +0.27 (max dev 0.04)
[meter] 18:19:28 5.2000 GHz  windows 14981  with tone 112  worst SNR -45.8 dB | ch1  -63.64 (max dev 0.03)  ch2  -18.23 (max dev 0.03)  ch3  -99.08 (max dev 0.03)
[meter] 18:19:28 5.8000 GHz  windows 15023  with tone 112  worst SNR -37.4 dB | ch1  -44.68 (max dev 44.67)  ch2 +141.78 (max dev 141.76)  ch3  +31.93 (max dev 31.91)
[meter] 18:19:33 2.4000 GHz  windows 14770  with tone 14466  worst SNR -32.4 dB | tone +192632.6 Hz 10000 samples | ch1   +0.10 (max dev 0.06)  ch2   +0.29 (max dev 0.05)  ch3   +0.27 (max dev 0.04)
[meter] 18:19:33 5.8000 GHz  windows 15158  with tone 112  worst SNR -37.4 dB | ch1  -44.68 (max dev 44.67)  ch2 +141.78 (max dev 141.76)  ch3  +31.93 (max dev 31.91)
[meter] 18:19:33 5.2000 GHz  windows 15106  with tone 112  worst SNR -45.8 dB | ch1  -63.64 (max dev 0.03)  ch2  -18.23 (max dev 0.03)  ch3  -99.08 (max dev 0.03)
[meter] 18:19:38 2.4000 GHz  windows 14891  with tone 14587  worst SNR -32.4 dB | tone +192611.6 Hz 10000 samples | ch1   +0.10 (max dev 0.07)  ch2   +0.29 (max dev 0.05)  ch3   +0.27 (max dev 0.05)
[meter] 18:19:38 5.2000 GHz  windows 15230  with tone 112  worst SNR -45.8 dB | ch1  -63.64 (max dev 0.03)  ch2  -18.23 (max dev 0.03)  ch3  -99.08 (max dev 0.03)
[meter] 18:19:38 5.8000 GHz  windows 15287  with tone 112  worst SNR -37.4 dB | ch1  -44.68 (max dev 44.67)  ch2 +141.78 (max dev 141.76)  ch3  +31.93 (max dev 31.91)
[meter] 18:19:43 2.4000 GHz  windows 15028  with tone 14724  worst SNR -32.4 dB | tone +192651.1 Hz 10000 samples | ch1   +0.10 (max dev 0.08)  ch2   +0.30 (max dev 0.04)  ch3   +0.27 (max dev 0.05)
[meter] 18:19:43 5.2000 GHz  windows 15367  with tone 112  worst SNR -45.8 dB | ch1  -63.64 (max dev 0.03)  ch2  -18.23 (max dev 0.03)  ch3  -99.08 (max dev 0.03)[meter] 18:19:43 5.8000 GHz  windows 15423  with tone 112  worst SNR -37.4 dB | ch1  -44.68 (max dev 44.67)  ch2 +141.78 (max dev 141.76)  ch3  +31.93 (max dev 31.91)

[meter] 18:19:48 2.4000 GHz  windows 15172  with tone 14868  worst SNR -32.4 dB | tone +192686.7 Hz 10000 samples | ch1   +0.10 (max dev 0.06)  ch2   +0.30 (max dev 0.05)  ch3   +0.27 (max dev 0.05)
[meter] 18:19:48 5.8000 GHz  windows 15568  with tone 112  worst SNR -37.4 dB | ch1  -44.68 (max dev 44.67)  ch2 +141.78 (max dev 141.76)  ch3  +31.93 (max dev 31.91)
[meter] 18:19:48 5.2000 GHz  windows 15512  with tone 112  worst SNR -45.8 dB | ch1  -63.64 (max dev 0.03)  ch2  -18.23 (max dev 0.03)  ch3  -99.08 (max dev 0.03)
[meter] 18:19:53 2.4000 GHz  windows 15311  with tone 15007  worst SNR -32.4 dB | tone +192667.8 Hz 10000 samples | ch1   +0.10 (max dev 0.06)  ch2   +0.29 (max dev 0.05)  ch3   +0.27 (max dev 0.05)
[meter] 18:19:53 5.8000 GHz  windows 15707  with tone 112  worst SNR -37.4 dB | ch1  -44.68 (max dev 44.67)  ch2 +141.78 (max dev 141.76)  ch3  +31.93 (max dev 31.91)
[meter] 18:19:53 5.2000 GHz  windows 15651  with tone 112  worst SNR -45.8 dB | ch1  -63.64 (max dev 0.03)  ch2  -18.23 (max dev 0.03)  ch3  -99.08 (max dev 0.03)
[meter] 18:19:58 2.4000 GHz  windows 15447  with tone 15143  worst SNR -32.4 dB | tone +192692.1 Hz 10000 samples | ch1   +0.10 (max dev 0.08)  ch2   +0.30 (max dev 0.05)  ch3   +0.28 (max dev 0.05)
[meter] 18:19:58 5.2000 GHz  windows 15791  with tone 112  worst SNR -45.8 dB | ch1  -63.64 (max dev 0.03)  ch2  -18.23 (max dev 0.03)  ch3  -99.08 (max dev 0.03)
[meter] 18:19:58 5.8000 GHz  windows 15846  with tone 112  worst SNR -37.4 dB | ch1  -44.68 (max dev 44.67)  ch2 +141.78 (max dev 141.76)  ch3  +31.93 (max dev 31.91)
[meter] 18:20:03 2.4000 GHz  windows 15584  with tone 15280  worst SNR -32.4 dB | tone +192671.2 Hz 10000 samples | ch1   +0.10 (max dev 0.07)  ch2   +0.31 (max dev 0.05)  ch3   +0.29 (max dev 0.05)
[meter] 18:20:03 5.8000 GHz  windows 15985  with tone 112  worst SNR -37.4 dB | ch1  -44.68 (max dev 44.67)  ch2 +141.78 (max dev 141.76)  ch3  +31.93 (max dev 31.91)
[meter] 18:20:03 5.2000 GHz  windows 15929  with tone 112  worst SNR -45.8 dB | ch1  -63.64 (max dev 0.03)  ch2  -18.23 (max dev 0.03)  ch3  -99.08 (max dev 0.03)
[meter] 18:20:08 2.4000 GHz  windows 15719  with tone 15415  worst SNR -32.4 dB | tone +192682.6 Hz 10000 samples | ch1   +0.10 (max dev 0.07)  ch2   +0.30 (max dev 0.05)  ch3   +0.29 (max dev 0.05)
[meter] 18:20:08 5.2000 GHz  windows 16068  with tone 112  worst SNR -45.8 dB | ch1  -63.64 (max dev 0.03)  ch2  -18.23 (max dev 0.03)  ch3  -99.08 (max dev 0.03)
[meter] 18:20:08 5.8000 GHz  windows 16124  with tone 112  worst SNR -37.4 dB | ch1  -44.68 (max dev 44.67)  ch2 +141.78 (max dev 141.76)  ch3  +31.93 (max dev 31.91)
[meter] 18:20:13 2.4000 GHz  windows 15857  with tone 15553  worst SNR -32.4 dB | tone +192692.6 Hz 10000 samples | ch1   +0.10 (max dev 0.07)  ch2   +0.30 (max dev 0.04)  ch3   +0.29 (max dev 0.04)
[meter] 18:20:13 5.2000 GHz  windows 16207  with tone 112  worst SNR -45.8 dB | ch1  -63.64 (max dev 0.03)  ch2  -18.23 (max dev 0.03)  ch3  -99.08 (max dev 0.03)
[meter] 18:20:13 5.8000 GHz  windows 16263  with tone 112  worst SNR -37.4 dB | ch1  -44.68 (max dev 44.67)  ch2 +141.78 (max dev 141.76)  ch3  +31.93 (max dev 31.91)
[meter] 18:20:18 2.4000 GHz  windows 15996  with tone 15692  worst SNR -32.4 dB | tone +192671.5 Hz 10000 samples | ch1   +0.10 (max dev 0.07)  ch2   +0.31 (max dev 0.04)  ch3   +0.29 (max dev 0.04)
[meter] 18:20:18 5.2000 GHz  windows 16346  with tone 112  worst SNR -45.8 dB | ch1  -63.64 (max dev 0.03)  ch2  -18.23 (max dev 0.03)  ch3  -99.08 (max dev 0.03)
[meter] 18:20:18 5.8000 GHz  windows 16402  with tone 112  worst SNR -37.4 dB | ch1  -44.68 (max dev 44.67)  ch2 +141.78 (max dev 141.76)  ch3  +31.93 (max dev 31.91)
[meter] 18:20:23 2.4000 GHz  windows 16129  with tone 15825  worst SNR -32.4 dB | tone +192668.3 Hz 10000 samples | ch1   +0.11 (max dev 0.06)  ch2   +0.31 (max dev 0.04)  ch3   +0.30 (max dev 0.04)
[meter] 18:20:23 5.2000 GHz  windows 16485  with tone 112  worst SNR -45.8 dB | ch1  -63.64 (max dev 0.03)  ch2  -18.23 (max dev 0.03)  ch3  -99.08 (max dev 0.03)
[meter] 18:20:23 5.8000 GHz  windows 16541  with tone 112  worst SNR -37.4 dB | ch1  -44.68 (max dev 44.67)  ch2 +141.78 (max dev 141.76)  ch3  +31.93 (max dev 31.91)
[meter] 18:20:28 2.4000 GHz  windows 16263  with tone 15959  worst SNR -32.4 dB | tone +192665.4 Hz 10000 samples | ch1   +0.11 (max dev 0.07)  ch2   +0.31 (max dev 0.05)  ch3   +0.30 (max dev 0.06)
[meter] 18:20:28 5.2000 GHz  windows 16624  with tone 112  worst SNR -45.8 dB | ch1  -63.64 (max dev 0.03)  ch2  -18.23 (max dev 0.03)  ch3  -99.08 (max dev 0.03)
[meter] 18:20:28 5.8000 GHz  windows 16680  with tone 112  worst SNR -37.4 dB | ch1  -44.68 (max dev 44.67)  ch2 +141.78 (max dev 141.76)  ch3  +31.93 (max dev 31.91)
[meter] 18:20:33 2.4000 GHz  windows 16396  with tone 16092  worst SNR -32.4 dB | tone +192649.5 Hz 10000 samples | ch1   +0.11 (max dev 0.07)  ch2   +0.32 (max dev 0.04)  ch3   +0.31 (max dev 0.05)
[meter] 18:20:33 5.2000 GHz  windows 16762  with tone 112  worst SNR -45.8 dB | ch1  -63.64 (max dev 0.03)  ch2  -18.23 (max dev 0.03)  ch3  -99.08 (max dev 0.03)
[meter] 18:20:33 5.8000 GHz  windows 16819  with tone 112  worst SNR -37.4 dB | ch1  -44.68 (max dev 44.67)  ch2 +141.78 (max dev 141.76)  ch3  +31.93 (max dev 31.91)
[meter] 18:20:38 2.4000 GHz  windows 16535  with tone 16231  worst SNR -32.4 dB | tone +192663.7 Hz 10000 samples | ch1   +0.11 (max dev 0.06)  ch2   +0.32 (max dev 0.05)  ch3   +0.31 (max dev 0.04)
[meter] 18:20:38 5.2000 GHz  windows 16901  with tone 112  worst SNR -45.8 dB | ch1  -63.64 (max dev 0.03)  ch2  -18.23 (max dev 0.03)  ch3  -99.08 (max dev 0.03)
[meter] 18:20:38 5.8000 GHz  windows 16958  with tone 112  worst SNR -37.4 dB | ch1  -44.68 (max dev 44.67)  ch2 +141.78 (max dev 141.76)  ch3  +31.93 (max dev 31.91)
[meter] 18:20:43 2.4000 GHz  windows 16672  with tone 16368  worst SNR -32.4 dB | tone +192652.9 Hz 10000 samples | ch1   +0.11 (max dev 0.06)  ch2   +0.31 (max dev 0.05)  ch3   +0.31 (max dev 0.05)
[meter] 18:20:43 5.8000 GHz  windows 17097  with tone 112  worst SNR -37.4 dB | ch1  -44.68 (max dev 44.67)  ch2 +141.78 (max dev 141.76)  ch3  +31.93 (max dev 31.91)
[meter] 18:20:43 5.2000 GHz  windows 17040  with tone 112  worst SNR -45.8 dB | ch1  -63.64 (max dev 0.03)  ch2  -18.23 (max dev 0.03)  ch3  -99.08 (max dev 0.03)
[meter] 18:20:48 2.4000 GHz  windows 16807  with tone 16503  worst SNR -32.4 dB | tone +192658.5 Hz 10000 samples | ch1   +0.11 (max dev 0.06)  ch2   +0.31 (max dev 0.05)  ch3   +0.31 (max dev 0.05)
[meter] 18:20:48 5.8000 GHz  windows 17233  with tone 112  worst SNR -37.4 dB | ch1  -44.68 (max dev 44.67)  ch2 +141.78 (max dev 141.76)  ch3  +31.93 (max dev 31.91)
[meter] 18:20:48 5.2000 GHz  windows 17178  with tone 112  worst SNR -45.8 dB | ch1  -63.64 (max dev 0.03)  ch2  -18.23 (max dev 0.03)  ch3  -99.08 (max dev 0.03)
[meter] 18:20:53 2.4000 GHz  windows 16945  with tone 16641  worst SNR -32.4 dB | tone +192660.7 Hz 10000 samples | ch1   +0.11 (max dev 0.07)  ch2   +0.31 (max dev 0.05)  ch3   +0.30 (max dev 0.05)
[meter] 18:20:53 5.2000 GHz  windows 17317  with tone 112  worst SNR -45.8 dB | ch1  -63.64 (max dev 0.03)  ch2  -18.23 (max dev 0.03)  ch3  -99.08 (max dev 0.03)
[meter] 18:20:53 5.8000 GHz  windows 17372  with tone 112  worst SNR -37.4 dB | ch1  -44.68 (max dev 44.67)  ch2 +141.78 (max dev 141.76)  ch3  +31.93 (max dev 31.91)
[meter] 18:20:58 2.4000 GHz  windows 17077  with tone 16773  worst SNR -32.4 dB | tone +192657.6 Hz 10000 samples | ch1   +0.11 (max dev 0.07)  ch2   +0.31 (max dev 0.05)  ch3   +0.30 (max dev 0.05)
[meter] 18:20:58 5.8000 GHz  windows 17511  with tone 112  worst SNR -37.4 dB | ch1  -44.68 (max dev 44.67)  ch2 +141.78 (max dev 141.76)  ch3  +31.93 (max dev 31.91)
[meter] 18:20:58 5.2000 GHz  windows 17456  with tone 112  worst SNR -45.8 dB | ch1  -63.64 (max dev 0.03)  ch2  -18.23 (max dev 0.03)  ch3  -99.08 (max dev 0.03)
[meter] 18:21:03 2.4000 GHz  windows 17211  with tone 16907  worst SNR -32.4 dB | tone +192639.7 Hz 10000 samples | ch1   +0.11 (max dev 0.06)  ch2   +0.30 (max dev 0.04)  ch3   +0.30 (max dev 0.05)
[meter] 18:21:03 5.2000 GHz  windows 17595  with tone 112  worst SNR -45.8 dB | ch1  -63.64 (max dev 0.03)  ch2  -18.23 (max dev 0.03)  ch3  -99.08 (max dev 0.03)
[meter] 18:21:03 5.8000 GHz  windows 17650  with tone 112  worst SNR -37.4 dB | ch1  -44.68 (max dev 44.67)  ch2 +141.78 (max dev 141.76)  ch3  +31.93 (max dev 31.91)
[meter] 18:21:08 2.4000 GHz  windows 17348  with tone 17044  worst SNR -32.4 dB | tone +192630.7 Hz 10000 samples | ch1   +0.11 (max dev 0.06)  ch2   +0.30 (max dev 0.04)  ch3   +0.30 (max dev 0.04)
[meter] 18:21:08 5.8000 GHz  windows 17789  with tone 112  worst SNR -37.4 dB | ch1  -44.68 (max dev 44.67)  ch2 +141.78 (max dev 141.76)  ch3  +31.93 (max dev 31.91)
[meter] 18:21:08 5.2000 GHz  windows 17734  with tone 112  worst SNR -45.8 dB | ch1  -63.64 (max dev 0.03)  ch2  -18.23 (max dev 0.03)  ch3  -99.08 (max dev 0.03)
[meter] 18:21:13 2.4000 GHz  windows 17483  with tone 17179  worst SNR -32.4 dB | tone +192641.3 Hz 10000 samples | ch1   +0.11 (max dev 0.07)  ch2   +0.29 (max dev 0.05)  ch3   +0.29 (max dev 0.05)
[meter] 18:21:13 5.2000 GHz  windows 17873  with tone 112  worst SNR -45.8 dB | ch1  -63.64 (max dev 0.03)  ch2  -18.23 (max dev 0.03)  ch3  -99.08 (max dev 0.03)
[meter] 18:21:13 5.8000 GHz  windows 17928  with tone 112  worst SNR -37.4 dB | ch1  -44.68 (max dev 44.67)  ch2 +141.78 (max dev 141.76)  ch3  +31.93 (max dev 31.91)
[meter] 18:21:18 2.4000 GHz  windows 17618  with tone 17314  worst SNR -32.4 dB | tone +192638.5 Hz 10000 samples | ch1   +0.10 (max dev 0.06)  ch2   +0.29 (max dev 0.05)  ch3   +0.28 (max dev 0.05)
[meter] 18:21:18 5.8000 GHz  windows 18067  with tone 112  worst SNR -37.4 dB | ch1  -44.68 (max dev 44.67)  ch2 +141.78 (max dev 141.76)  ch3  +31.93 (max dev 31.91)
[meter] 18:21:18 5.2000 GHz  windows 18011  with tone 112  worst SNR -45.8 dB | ch1  -63.64 (max dev 0.03)  ch2  -18.23 (max dev 0.03)  ch3  -99.08 (max dev 0.03)
[meter] 18:21:23 2.4000 GHz  windows 17752  with tone 17448  worst SNR -32.4 dB | tone +192646.5 Hz 10000 samples | ch1   +0.10 (max dev 0.06)  ch2   +0.28 (max dev 0.04)  ch3   +0.27 (max dev 0.04)
[meter] 18:21:23 5.2000 GHz  windows 18150  with tone 112  worst SNR -45.8 dB | ch1  -63.64 (max dev 0.03)  ch2  -18.23 (max dev 0.03)  ch3  -99.08 (max dev 0.03)
[meter] 18:21:23 5.8000 GHz  windows 18206  with tone 112  worst SNR -37.4 dB | ch1  -44.68 (max dev 44.67)  ch2 +141.78 (max dev 141.76)  ch3  +31.93 (max dev 31.91)
[meter] 18:21:28 2.4000 GHz  windows 17889  with tone 17585  worst SNR -32.4 dB | tone +192656.2 Hz 10000 samples | ch1   +0.10 (max dev 0.06)  ch2   +0.28 (max dev 0.05)  ch3   +0.26 (max dev 0.05)
[meter] 18:21:28 5.8000 GHz  windows 18345  with tone 112  worst SNR -37.4 dB | ch1  -44.68 (max dev 44.67)  ch2 +141.78 (max dev 141.76)  ch3  +31.93 (max dev 31.91)
[meter] 18:21:28 5.2000 GHz  windows 18289  with tone 112  worst SNR -45.8 dB | ch1  -63.64 (max dev 0.03)  ch2  -18.23 (max dev 0.03)  ch3  -99.08 (max dev 0.03)
[meter] 18:21:33 2.4000 GHz  windows 18022  with tone 17718  worst SNR -32.4 dB | tone +192650.8 Hz 10000 samples | ch1   +0.11 (max dev 0.06)  ch2   +0.27 (max dev 0.05)  ch3   +0.26 (max dev 0.05)
[meter] 18:21:33 5.2000 GHz  windows 18428  with tone 112  worst SNR -45.8 dB | ch1  -63.64 (max dev 0.03)  ch2  -18.23 (max dev 0.03)  ch3  -99.08 (max dev 0.03)
[meter] 18:21:33 5.8000 GHz  windows 18484  with tone 112  worst SNR -37.4 dB | ch1  -44.68 (max dev 44.67)  ch2 +141.78 (max dev 141.76)  ch3  +31.93 (max dev 31.91)
[meter] 18:21:38 2.4000 GHz  windows 18156  with tone 17852  worst SNR -32.4 dB | tone +192637.7 Hz 10000 samples | ch1   +0.11 (max dev 0.06)  ch2   +0.27 (max dev 0.04)  ch3   +0.26 (max dev 0.04)
[meter] 18:21:38 5.8000 GHz  windows 18623  with tone 112  worst SNR -37.4 dB | ch1  -44.68 (max dev 44.67)  ch2 +141.78 (max dev 141.76)  ch3  +31.93 (max dev 31.91)
[meter] 18:21:38 5.2000 GHz  windows 18566  with tone 112  worst SNR -45.8 dB | ch1  -63.64 (max dev 0.03)  ch2  -18.23 (max dev 0.03)  ch3  -99.08 (max dev 0.03)
[meter] 18:21:43 2.4000 GHz  windows 18288  with tone 17984  worst SNR -32.4 dB | tone +192638.2 Hz 10000 samples | ch1   +0.10 (max dev 0.06)  ch2   +0.27 (max dev 0.04)  ch3   +0.26 (max dev 0.05)
[meter] 18:21:43 5.2000 GHz  windows 18703  with tone 112  worst SNR -45.8 dB | ch1  -63.64 (max dev 0.03)  ch2  -18.23 (max dev 0.03)  ch3  -99.08 (max dev 0.03)
[meter] 18:21:43 5.8000 GHz  windows 18761  with tone 112  worst SNR -37.4 dB | ch1  -44.68 (max dev 44.67)  ch2 +141.78 (max dev 141.76)  ch3  +31.93 (max dev 31.91)
[meter] 18:21:48 2.4000 GHz  windows 18421  with tone 18117  worst SNR -32.4 dB | tone +192646.5 Hz 10000 samples | ch1   +0.10 (max dev 0.06)  ch2   +0.28 (max dev 0.04)  ch3   +0.26 (max dev 0.05)
[meter] 18:21:48 5.8000 GHz  windows 18901  with tone 112  worst SNR -37.4 dB | ch1  -44.68 (max dev 44.67)  ch2 +141.78 (max dev 141.76)  ch3  +31.93 (max dev 31.91)
[meter] 18:21:48 5.2000 GHz  windows 18842  with tone 112  worst SNR -45.8 dB | ch1  -63.64 (max dev 0.03)  ch2  -18.23 (max dev 0.03)  ch3  -99.08 (max dev 0.03)
[meter] 18:21:53 2.4000 GHz  windows 18555  with tone 18251  worst SNR -32.4 dB | tone +192635.0 Hz 10000 samples | ch1   +0.10 (max dev 0.06)  ch2   +0.27 (max dev 0.04)  ch3   +0.26 (max dev 0.05)
[meter] 18:21:53 5.2000 GHz  windows 18981  with tone 112  worst SNR -45.8 dB | ch1  -63.64 (max dev 0.03)  ch2  -18.23 (max dev 0.03)  ch3  -99.08 (max dev 0.03)
[meter] 18:21:53 5.8000 GHz  windows 19039  with tone 112  worst SNR -37.4 dB | ch1  -44.68 (max dev 44.67)  ch2 +141.78 (max dev 141.76)  ch3  +31.93 (max dev 31.91)
[meter] 18:21:58 2.4000 GHz  windows 18688  with tone 18384  worst SNR -32.4 dB | tone +192629.5 Hz 10000 samples | ch1   +0.11 (max dev 0.06)  ch2   +0.27 (max dev 0.04)  ch3   +0.25 (max dev 0.05)
[meter] 18:21:58 5.2000 GHz  windows 19120  with tone 112  worst SNR -45.8 dB | ch1  -63.64 (max dev 0.03)  ch2  -18.23 (max dev 0.03)  ch3  -99.08 (max dev 0.03)
[meter] 18:21:58 5.8000 GHz  windows 19179  with tone 112  worst SNR -37.4 dB | ch1  -44.68 (max dev 44.67)  ch2 +141.78 (max dev 141.76)  ch3  +31.93 (max dev 31.91)
[meter] 18:22:03 2.4000 GHz  windows 18822  with tone 18518  worst SNR -32.4 dB | tone +192639.4 Hz 10000 samples | ch1   +0.11 (max dev 0.08)  ch2   +0.27 (max dev 0.05)  ch3   +0.25 (max dev 0.06)
[meter] 18:22:03 5.2000 GHz  windows 19258  with tone 112  worst SNR -45.8 dB | ch1  -63.64 (max dev 0.03)  ch2  -18.23 (max dev 0.03)  ch3  -99.08 (max dev 0.03)
[meter] 18:22:03 5.8000 GHz  windows 19318  with tone 112  worst SNR -37.4 dB | ch1  -44.68 (max dev 44.67)  ch2 +141.78 (max dev 141.76)  ch3  +31.93 (max dev 31.91)
[meter] 18:22:08 2.4000 GHz  windows 18957  with tone 18653  worst SNR -32.4 dB | tone +192661.2 Hz 10000 samples | ch1   +0.11 (max dev 0.05)  ch2   +0.28 (max dev 0.05)  ch3   +0.26 (max dev 0.05)
[meter] 18:22:08 5.2000 GHz  windows 19397  with tone 112  worst SNR -45.8 dB | ch1  -63.64 (max dev 0.03)  ch2  -18.23 (max dev 0.03)  ch3  -99.08 (max dev 0.03)
[meter] 18:22:08 5.8000 GHz  windows 19457  with tone 112  worst SNR -37.4 dB | ch1  -44.68 (max dev 44.67)  ch2 +141.78 (max dev 141.76)  ch3  +31.93 (max dev 31.91)
[meter] 18:22:13 2.4000 GHz  windows 19090  with tone 18786  worst SNR -32.4 dB | tone +192644.2 Hz 10000 samples | ch1   +0.11 (max dev 0.06)  ch2   +0.29 (max dev 0.04)  ch3   +0.27 (max dev 0.04)
[meter] 18:22:13 5.2000 GHz  windows 19536  with tone 112  worst SNR -45.8 dB | ch1  -63.64 (max dev 0.03)  ch2  -18.23 (max dev 0.03)  ch3  -99.08 (max dev 0.03)
[meter] 18:22:13 5.8000 GHz  windows 19595  with tone 112  worst SNR -37.4 dB | ch1  -44.68 (max dev 44.67)  ch2 +141.78 (max dev 141.76)  ch3  +31.93 (max dev 31.91)
[meter] 18:22:18 2.4000 GHz  windows 19226  with tone 18922  worst SNR -32.4 dB | tone +192640.3 Hz 10000 samples | ch1   +0.11 (max dev 0.06)  ch2   +0.29 (max dev 0.06)  ch3   +0.27 (max dev 0.05)
[meter] 18:22:18 5.2000 GHz  windows 19673  with tone 112  worst SNR -45.8 dB | ch1  -63.64 (max dev 0.03)  ch2  -18.23 (max dev 0.03)  ch3  -99.08 (max dev 0.03)
[meter] 18:22:18 5.8000 GHz  windows 19734  with tone 112  worst SNR -37.4 dB | ch1  -44.68 (max dev 44.67)  ch2 +141.78 (max dev 141.76)  ch3  +31.93 (max dev 31.91)
[meter] 18:22:23 2.4000 GHz  windows 19360  with tone 19056  worst SNR -32.4 dB | tone +192667.6 Hz 10000 samples | ch1   +0.10 (max dev 0.06)  ch2   +0.29 (max dev 0.06)  ch3   +0.27 (max dev 0.05)
[meter] 18:22:23 5.2000 GHz  windows 19811  with tone 112  worst SNR -45.8 dB | ch1  -63.64 (max dev 0.03)  ch2  -18.23 (max dev 0.03)  ch3  -99.08 (max dev 0.03)
[meter] 18:22:23 5.8000 GHz  windows 19873  with tone 112  worst SNR -37.4 dB | ch1  -44.68 (max dev 44.67)  ch2 +141.78 (max dev 141.76)  ch3  +31.93 (max dev 31.91)
[meter] 18:22:28 2.4000 GHz  windows 19495  with tone 19191  worst SNR -32.4 dB | tone +192644.7 Hz 10000 samples | ch1   +0.11 (max dev 0.06)  ch2   +0.29 (max dev 0.04)  ch3   +0.28 (max dev 0.04)
[meter] 18:22:28 5.2000 GHz  windows 19950  with tone 112  worst SNR -45.8 dB | ch1  -63.64 (max dev 0.03)  ch2  -18.23 (max dev 0.03)  ch3  -99.08 (max dev 0.03)
[meter] 18:22:28 5.8000 GHz  windows 20013  with tone 112  worst SNR -37.4 dB | ch1  -44.68 (max dev 44.67)  ch2 +141.78 (max dev 141.76)  ch3  +31.93 (max dev 31.91)
[meter] 18:22:33 2.4000 GHz  windows 19630  with tone 19326  worst SNR -32.4 dB | tone +192668.7 Hz 10000 samples | ch1   +0.11 (max dev 0.06)  ch2   +0.30 (max dev 0.04)  ch3   +0.29 (max dev 0.04)
[meter] 18:22:33 5.2000 GHz  windows 20087  with tone 112  worst SNR -45.8 dB | ch1  -63.64 (max dev 0.03)  ch2  -18.23 (max dev 0.03)  ch3  -99.08 (max dev 0.03)
[meter] 18:22:33 5.8000 GHz  windows 20151  with tone 112  worst SNR -37.4 dB | ch1  -44.68 (max dev 44.67)  ch2 +141.78 (max dev 141.76)  ch3  +31.93 (max dev 31.91)
[meter] 18:22:38 2.4000 GHz  windows 19767  with tone 19463  worst SNR -32.4 dB | tone +192645.1 Hz 10000 samples | ch1   +0.12 (max dev 0.05)  ch2   +0.31 (max dev 0.04)  ch3   +0.29 (max dev 0.05)
[meter] 18:22:38 5.2000 GHz  windows 20226  with tone 112  worst SNR -45.8 dB | ch1  -63.64 (max dev 0.03)  ch2  -18.23 (max dev 0.03)  ch3  -99.08 (max dev 0.03)
[meter] 18:22:38 5.8000 GHz  windows 20290  with tone 112  worst SNR -37.4 dB | ch1  -44.68 (max dev 44.67)  ch2 +141.78 (max dev 141.76)  ch3  +31.93 (max dev 31.91)
[meter] 18:22:43 2.4000 GHz  windows 19900  with tone 19596  worst SNR -32.4 dB | tone +192647.5 Hz 10000 samples | ch1   +0.11 (max dev 0.06)  ch2   +0.30 (max dev 0.05)  ch3   +0.28 (max dev 0.05)
[meter] 18:22:43 5.2000 GHz  windows 20364  with tone 112  worst SNR -45.8 dB | ch1  -63.64 (max dev 0.03)  ch2  -18.23 (max dev 0.03)  ch3  -99.08 (max dev 0.03)
[meter] 18:22:43 5.8000 GHz  windows 20429  with tone 112  worst SNR -37.4 dB | ch1  -44.68 (max dev 44.67)  ch2 +141.78 (max dev 141.76)  ch3  +31.93 (max dev 31.91)
[meter] 18:22:48 2.4000 GHz  windows 20034  with tone 19730  worst SNR -32.4 dB | tone +192650.1 Hz 10000 samples | ch1   +0.11 (max dev 0.07)  ch2   +0.30 (max dev 0.05)  ch3   +0.28 (max dev 0.05)
[meter] 18:22:48 5.2000 GHz  windows 20503  with tone 112  worst SNR -45.8 dB | ch1  -63.64 (max dev 0.03)  ch2  -18.23 (max dev 0.03)  ch3  -99.08 (max dev 0.03)
[meter] 18:22:48 5.8000 GHz  windows 20568  with tone 112  worst SNR -37.4 dB | ch1  -44.68 (max dev 44.67)  ch2 +141.78 (max dev 141.76)  ch3  +31.93 (max dev 31.91)
[meter] 18:22:53 2.4000 GHz  windows 20169  with tone 19865  worst SNR -32.4 dB | tone +192670.2 Hz 10000 samples | ch1   +0.11 (max dev 0.06)  ch2   +0.30 (max dev 0.04)  ch3   +0.29 (max dev 0.05)
[meter] 18:22:53 5.2000 GHz  windows 20642  with tone 112  worst SNR -45.8 dB | ch1  -63.64 (max dev 0.03)  ch2  -18.23 (max dev 0.03)  ch3  -99.08 (max dev 0.03)
[meter] 18:22:53 5.8000 GHz  windows 20707  with tone 112  worst SNR -37.4 dB | ch1  -44.68 (max dev 44.67)  ch2 +141.78 (max dev 141.76)  ch3  +31.93 (max dev 31.91)
[meter] 18:22:58 2.4000 GHz  windows 20305  with tone 20001  worst SNR -32.4 dB | tone +192684.0 Hz 10000 samples | ch1   +0.11 (max dev 0.07)  ch2   +0.30 (max dev 0.04)  ch3   +0.28 (max dev 0.04)
[meter] 18:22:58 5.2000 GHz  windows 20781  with tone 112  worst SNR -45.8 dB | ch1  -63.64 (max dev 0.03)  ch2  -18.23 (max dev 0.03)  ch3  -99.08 (max dev 0.03)
[meter] 18:22:58 5.8000 GHz  windows 20846  with tone 112  worst SNR -37.4 dB | ch1  -44.68 (max dev 44.67)  ch2 +141.78 (max dev 141.76)  ch3  +31.93 (max dev 31.91)
[meter] 18:23:03 2.4000 GHz  windows 20439  with tone 20135  worst SNR -32.4 dB | tone +192673.3 Hz 10000 samples | ch1   +0.11 (max dev 0.06)  ch2   +0.30 (max dev 0.04)  ch3   +0.28 (max dev 0.04)
[meter] 18:23:03 5.2000 GHz  windows 20918  with tone 112  worst SNR -45.8 dB | ch1  -63.64 (max dev 0.03)  ch2  -18.23 (max dev 0.03)  ch3  -99.08 (max dev 0.03)
[meter] 18:23:03 5.8000 GHz  windows 20985  with tone 112  worst SNR -37.4 dB | ch1  -44.68 (max dev 44.67)  ch2 +141.78 (max dev 141.76)  ch3  +31.93 (max dev 31.91)
[meter] 18:23:08 2.4000 GHz  windows 20574  with tone 20270  worst SNR -32.4 dB | tone +192687.2 Hz 10000 samples | ch1   +0.11 (max dev 0.07)  ch2   +0.30 (max dev 0.04)  ch3   +0.29 (max dev 0.05)
[meter] 18:23:08 5.2000 GHz  windows 21057  with tone 112  worst SNR -45.8 dB | ch1  -63.64 (max dev 0.03)  ch2  -18.23 (max dev 0.03)  ch3  -99.08 (max dev 0.03)
[meter] 18:23:08 5.8000 GHz  windows 21124  with tone 112  worst SNR -37.4 dB | ch1  -44.68 (max dev 44.67)  ch2 +141.78 (max dev 141.76)  ch3  +31.93 (max dev 31.91)
[meter] 18:23:13 2.4000 GHz  windows 20707  with tone 20403  worst SNR -32.4 dB | tone +192659.3 Hz 10000 samples | ch1   +0.12 (max dev 0.07)  ch2   +0.31 (max dev 0.03)  ch3   +0.29 (max dev 0.04)
[meter] 18:23:13 5.2000 GHz  windows 21196  with tone 112  worst SNR -45.8 dB | ch1  -63.64 (max dev 0.03)  ch2  -18.23 (max dev 0.03)  ch3  -99.08 (max dev 0.03)
[meter] 18:23:13 5.8000 GHz  windows 21263  with tone 112  worst SNR -37.4 dB | ch1  -44.68 (max dev 44.67)  ch2 +141.78 (max dev 141.76)  ch3  +31.93 (max dev 31.91)
[meter] 18:23:18 2.4000 GHz  windows 20843  with tone 20539  worst SNR -32.4 dB | tone +192694.5 Hz 10000 samples | ch1   +0.11 (max dev 0.05)  ch2   +0.30 (max dev 0.04)  ch3   +0.29 (max dev 0.05)
[meter] 18:23:18 5.2000 GHz  windows 21335  with tone 112  worst SNR -45.8 dB | ch1  -63.64 (max dev 0.03)  ch2  -18.23 (max dev 0.03)  ch3  -99.08 (max dev 0.03)
[meter] 18:23:18 5.8000 GHz  windows 21402  with tone 112  worst SNR -37.4 dB | ch1  -44.68 (max dev 44.67)  ch2 +141.78 (max dev 141.76)  ch3  +31.93 (max dev 31.91)
[meter] 18:23:23 2.4000 GHz  windows 20979  with tone 20675  worst SNR -32.4 dB | tone +192692.0 Hz 10000 samples | ch1   +0.11 (max dev 0.07)  ch2   +0.30 (max dev 0.06)  ch3   +0.29 (max dev 0.06)
[meter] 18:23:23 5.2000 GHz  windows 21473  with tone 112  worst SNR -45.8 dB | ch1  -63.64 (max dev 0.03)  ch2  -18.23 (max dev 0.03)  ch3  -99.08 (max dev 0.03)
[meter] 18:23:23 5.8000 GHz  windows 21540  with tone 112  worst SNR -37.4 dB | ch1  -44.68 (max dev 44.67)  ch2 +141.78 (max dev 141.76)  ch3  +31.93 (max dev 31.91)
[meter] 18:23:28 2.4000 GHz  windows 21117  with tone 20813  worst SNR -32.4 dB | tone +192691.8 Hz 10000 samples | ch1   +0.11 (max dev 0.08)  ch2   +0.31 (max dev 0.06)  ch3   +0.30 (max dev 0.05)
[meter] 18:23:28 5.2000 GHz  windows 21613  with tone 112  worst SNR -45.8 dB | ch1  -63.64 (max dev 0.03)  ch2  -18.23 (max dev 0.03)  ch3  -99.08 (max dev 0.03)
[meter] 18:23:28 5.8000 GHz  windows 21680  with tone 112  worst SNR -37.4 dB | ch1  -44.68 (max dev 44.67)  ch2 +141.78 (max dev 141.76)  ch3  +31.93 (max dev 31.91)
[meter] 18:23:33 2.4000 GHz  windows 21254  with tone 20950  worst SNR -32.4 dB | tone +192670.9 Hz 10000 samples | ch1   +0.11 (max dev 0.07)  ch2   +0.31 (max dev 0.07)  ch3   +0.30 (max dev 0.06)
[meter] 18:23:33 5.2000 GHz  windows 21752  with tone 112  worst SNR -45.8 dB | ch1  -63.64 (max dev 0.03)  ch2  -18.23 (max dev 0.03)  ch3  -99.08 (max dev 0.03)
[meter] 18:23:33 5.8000 GHz  windows 21819  with tone 112  worst SNR -37.4 dB | ch1  -44.68 (max dev 44.67)  ch2 +141.78 (max dev 141.76)  ch3  +31.93 (max dev 31.91)
[meter] 18:23:38 2.4000 GHz  windows 21389  with tone 21085  worst SNR -32.4 dB | tone +192701.5 Hz 10000 samples | ch1   +0.11 (max dev 0.07)  ch2   +0.32 (max dev 0.07)  ch3   +0.30 (max dev 0.06)
[meter] 18:23:38 5.2000 GHz  windows 21891  with tone 112  worst SNR -45.8 dB | ch1  -63.64 (max dev 0.03)  ch2  -18.23 (max dev 0.03)  ch3  -99.08 (max dev 0.03)
[meter] 18:23:38 5.8000 GHz  windows 21958  with tone 112  worst SNR -37.4 dB | ch1  -44.68 (max dev 44.67)  ch2 +141.78 (max dev 141.76)  ch3  +31.93 (max dev 31.91)
[meter] 18:23:43 2.4000 GHz  windows 21527  with tone 21223  worst SNR -32.4 dB | tone +192702.6 Hz 10000 samples | ch1   +0.11 (max dev 0.07)  ch2   +0.32 (max dev 0.04)  ch3   +0.31 (max dev 0.04)
[meter] 18:23:43 5.2000 GHz  windows 22030  with tone 112  worst SNR -45.8 dB | ch1  -63.64 (max dev 0.03)  ch2  -18.23 (max dev 0.03)  ch3  -99.08 (max dev 0.03)
[meter] 18:23:43 5.8000 GHz  windows 22097  with tone 112  worst SNR -37.4 dB | ch1  -44.68 (max dev 44.67)  ch2 +141.78 (max dev 141.76)  ch3  +31.93 (max dev 31.91)
[meter] 18:23:48 2.4000 GHz  windows 21661  with tone 21357  worst SNR -32.4 dB | tone +192719.7 Hz 10000 samples | ch1   +0.11 (max dev 0.08)  ch2   +0.32 (max dev 0.04)  ch3   +0.30 (max dev 0.04)
[meter] 18:23:48 5.2000 GHz  windows 22168  with tone 112  worst SNR -45.8 dB | ch1  -63.64 (max dev 0.03)  ch2  -18.23 (max dev 0.03)  ch3  -99.08 (max dev 0.03)
[meter] 18:23:48 5.8000 GHz  windows 22235  with tone 112  worst SNR -37.4 dB | ch1  -44.68 (max dev 44.67)  ch2 +141.78 (max dev 141.76)  ch3  +31.93 (max dev 31.91)
[meter] 18:23:53 2.4000 GHz  windows 21797  with tone 21493  worst SNR -32.4 dB | tone +192712.5 Hz 10000 samples | ch1   +0.11 (max dev 0.08)  ch2   +0.32 (max dev 0.05)  ch3   +0.31 (max dev 0.05)
[meter] 18:23:53 5.2000 GHz  windows 22308  with tone 112  worst SNR -45.8 dB | ch1  -63.64 (max dev 0.03)  ch2  -18.23 (max dev 0.03)  ch3  -99.08 (max dev 0.03)
[meter] 18:23:53 5.8000 GHz  windows 22375  with tone 112  worst SNR -37.4 dB | ch1  -44.68 (max dev 44.67)  ch2 +141.78 (max dev 141.76)  ch3  +31.93 (max dev 31.91)
[meter] 18:23:58 2.4000 GHz  windows 21934  with tone 21630  worst SNR -32.4 dB | tone +192698.8 Hz 10000 samples | ch1   +0.11 (max dev 0.08)  ch2   +0.33 (max dev 0.05)  ch3   +0.31 (max dev 0.05)
[meter] 18:23:58 5.2000 GHz  windows 22447  with tone 112  worst SNR -45.8 dB | ch1  -63.64 (max dev 0.03)  ch2  -18.23 (max dev 0.03)  ch3  -99.08 (max dev 0.03)
[meter] 18:23:58 5.8000 GHz  windows 22514  with tone 112  worst SNR -37.4 dB | ch1  -44.68 (max dev 44.67)  ch2 +141.78 (max dev 141.76)  ch3  +31.93 (max dev 31.91)
[meter] 18:24:03 2.4000 GHz  windows 22071  with tone 21767  worst SNR -32.4 dB | tone +192733.8 Hz 10000 samples | ch1   +0.11 (max dev 0.06)  ch2   +0.33 (max dev 0.05)  ch3   +0.31 (max dev 0.05)
[meter] 18:24:03 5.2000 GHz  windows 22586  with tone 112  worst SNR -45.8 dB | ch1  -63.64 (max dev 0.03)  ch2  -18.23 (max dev 0.03)  ch3  -99.08 (max dev 0.03)
[meter] 18:24:03 5.8000 GHz  windows 22653  with tone 112  worst SNR -37.4 dB | ch1  -44.68 (max dev 44.67)  ch2 +141.78 (max dev 141.76)  ch3  +31.93 (max dev 31.91)
[meter] 18:24:08 2.4000 GHz  windows 22207  with tone 21903  worst SNR -32.4 dB | tone +192741.2 Hz 10000 samples | ch1   +0.11 (max dev 0.06)  ch2   +0.33 (max dev 0.05)  ch3   +0.31 (max dev 0.04)
[meter] 18:24:08 5.2000 GHz  windows 22724  with tone 112  worst SNR -45.8 dB | ch1  -63.64 (max dev 0.03)  ch2  -18.23 (max dev 0.03)  ch3  -99.08 (max dev 0.03)
[meter] 18:24:08 5.8000 GHz  windows 22791  with tone 112  worst SNR -37.4 dB | ch1  -44.68 (max dev 44.67)  ch2 +141.78 (max dev 141.76)  ch3  +31.93 (max dev 31.91)
[meter] 18:24:13 2.4000 GHz  windows 22343  with tone 22039  worst SNR -32.4 dB | tone +192737.5 Hz 10000 samples | ch1   +0.12 (max dev 0.07)  ch2   +0.33 (max dev 0.05)  ch3   +0.32 (max dev 0.04)
[meter] 18:24:13 5.2000 GHz  windows 22863  with tone 112  worst SNR -45.8 dB | ch1  -63.64 (max dev 0.03)  ch2  -18.23 (max dev 0.03)  ch3  -99.08 (max dev 0.03)
[meter] 18:24:13 5.8000 GHz  windows 22930  with tone 112  worst SNR -37.4 dB | ch1  -44.68 (max dev 44.67)  ch2 +141.78 (max dev 141.76)  ch3  +31.93 (max dev 31.91)
[meter] 18:24:18 2.4000 GHz  windows 22476  with tone 22172  worst SNR -32.4 dB | tone +192769.4 Hz 10000 samples | ch1   +0.11 (max dev 0.06)  ch2   +0.33 (max dev 0.04)  ch3   +0.32 (max dev 0.03)
[meter] 18:24:18 5.2000 GHz  windows 23002  with tone 112  worst SNR -45.8 dB | ch1  -63.64 (max dev 0.03)  ch2  -18.23 (max dev 0.03)  ch3  -99.08 (max dev 0.03)
[meter] 18:24:18 5.8000 GHz  windows 23069  with tone 112  worst SNR -37.4 dB | ch1  -44.68 (max dev 44.67)  ch2 +141.78 (max dev 141.76)  ch3  +31.93 (max dev 31.91)
[meter] 18:24:23 2.4000 GHz  windows 22614  with tone 22310  worst SNR -32.4 dB | tone +192776.1 Hz 10000 samples | ch1   +0.11 (max dev 0.06)  ch2   +0.34 (max dev 0.03)  ch3   +0.32 (max dev 0.04)
[meter] 18:24:23 5.2000 GHz  windows 23141  with tone 112  worst SNR -45.8 dB | ch1  -63.64 (max dev 0.03)  ch2  -18.23 (max dev 0.03)  ch3  -99.08 (max dev 0.03)
[meter] 18:24:23 5.8000 GHz  windows 23208  with tone 112  worst SNR -37.4 dB | ch1  -44.68 (max dev 44.67)  ch2 +141.78 (max dev 141.76)  ch3  +31.93 (max dev 31.91)
[meter] 18:24:28 2.4000 GHz  windows 22749  with tone 22445  worst SNR -32.4 dB | tone +192783.2 Hz 10000 samples | ch1   +0.11 (max dev 0.05)  ch2   +0.34 (max dev 0.04)  ch3   +0.32 (max dev 0.04)
[meter] 18:24:28 5.2000 GHz  windows 23280  with tone 112  worst SNR -45.8 dB | ch1  -63.64 (max dev 0.03)  ch2  -18.23 (max dev 0.03)  ch3  -99.08 (max dev 0.03)
[meter] 18:24:28 5.8000 GHz  windows 23347  with tone 112  worst SNR -37.4 dB | ch1  -44.68 (max dev 44.67)  ch2 +141.78 (max dev 141.76)  ch3  +31.93 (max dev 31.91)
[meter] 18:24:33 5.8000 GHz  windows 23486  with tone 112  worst SNR -37.4 dB | ch1  -44.68 (max dev 44.67)  ch2 +141.78 (max dev 141.76)  ch3  +31.93 (max dev 31.91)
[meter] 18:24:33 2.4000 GHz  windows 22885  with tone 22581  worst SNR -32.4 dB | tone +192760.8 Hz 10000 samples | ch1   +0.12 (max dev 0.06)  ch2   +0.34 (max dev 0.04)  ch3   +0.33 (max dev 0.05)
[meter] 18:24:33 5.2000 GHz  windows 23417  with tone 112  worst SNR -45.8 dB | ch1  -63.64 (max dev 0.03)  ch2  -18.23 (max dev 0.03)  ch3  -99.08 (max dev 0.03)
[meter] 18:24:38 2.4000 GHz  windows 23020  with tone 22716  worst SNR -32.4 dB | tone +192757.0 Hz 10000 samples | ch1   +0.11 (max dev 0.06)  ch2   +0.35 (max dev 0.04)  ch3   +0.33 (max dev 0.04)
[meter] 18:24:38 5.8000 GHz  windows 23625  with tone 112  worst SNR -37.4 dB | ch1  -44.68 (max dev 44.67)  ch2 +141.78 (max dev 141.76)  ch3  +31.93 (max dev 31.91)
[meter] 18:24:38 5.2000 GHz  windows 23556  with tone 112  worst SNR -45.8 dB | ch1  -63.64 (max dev 0.03)  ch2  -18.23 (max dev 0.03)  ch3  -99.08 (max dev 0.03)
[meter] 18:24:43 2.4000 GHz  windows 23157  with tone 22853  worst SNR -32.4 dB | tone +192768.0 Hz 10000 samples | ch1   +0.12 (max dev 0.07)  ch2   +0.35 (max dev 0.05)  ch3   +0.34 (max dev 0.05)
[meter] 18:24:43 5.8000 GHz  windows 23764  with tone 112  worst SNR -37.4 dB | ch1  -44.68 (max dev 44.67)  ch2 +141.78 (max dev 141.76)  ch3  +31.93 (max dev 31.91)
[meter] 18:24:43 5.2000 GHz  windows 23694  with tone 112  worst SNR -45.8 dB | ch1  -63.64 (max dev 0.03)  ch2  -18.23 (max dev 0.03)  ch3  -99.08 (max dev 0.03)
[meter] 18:24:48 2.4000 GHz  windows 23293  with tone 22989  worst SNR -32.4 dB | tone +192779.0 Hz 10000 samples | ch1   +0.12 (max dev 0.06)  ch2   +0.37 (max dev 0.05)  ch3   +0.35 (max dev 0.05)
[meter] 18:24:48 5.2000 GHz  windows 23833  with tone 112  worst SNR -45.8 dB | ch1  -63.64 (max dev 0.03)  ch2  -18.23 (max dev 0.03)  ch3  -99.08 (max dev 0.03)
[meter] 18:24:48 5.8000 GHz  windows 23903  with tone 112  worst SNR -37.4 dB | ch1  -44.68 (max dev 44.67)  ch2 +141.78 (max dev 141.76)  ch3  +31.93 (max dev 31.91)
[meter] 18:24:53 2.4000 GHz  windows 23429  with tone 23125  worst SNR -32.4 dB | tone +192778.0 Hz 10000 samples | ch1   +0.12 (max dev 0.07)  ch2   +0.37 (max dev 0.06)  ch3   +0.36 (max dev 0.06)
[meter] 18:24:53 5.8000 GHz  windows 24042  with tone 112  worst SNR -37.4 dB | ch1  -44.68 (max dev 44.67)  ch2 +141.78 (max dev 141.76)  ch3  +31.93 (max dev 31.91)
[meter] 18:24:53 5.2000 GHz  windows 23971  with tone 112  worst SNR -45.8 dB | ch1  -63.64 (max dev 0.03)  ch2  -18.23 (max dev 0.03)  ch3  -99.08 (max dev 0.03)
[meter] 18:24:58 2.4000 GHz  windows 23561  with tone 23257  worst SNR -32.4 dB | tone +192754.5 Hz 10000 samples | ch1   +0.12 (max dev 0.08)  ch2   +0.37 (max dev 0.04)  ch3   +0.35 (max dev 0.04)
[meter] 18:24:58 5.8000 GHz  windows 24181  with tone 112  worst SNR -37.4 dB | ch1  -44.68 (max dev 44.67)  ch2 +141.78 (max dev 141.76)  ch3  +31.93 (max dev 31.91)
[meter] 18:24:58 5.2000 GHz  windows 24110  with tone 112  worst SNR -45.8 dB | ch1  -63.64 (max dev 0.03)  ch2  -18.23 (max dev 0.03)  ch3  -99.08 (max dev 0.03)
[meter] 18:25:03 2.4000 GHz  windows 23698  with tone 23394  worst SNR -32.4 dB | tone +192769.8 Hz 10000 samples | ch1   +0.12 (max dev 0.05)  ch2   +0.38 (max dev 0.04)  ch3   +0.36 (max dev 0.04)
[meter] 18:25:03 5.8000 GHz  windows 24320  with tone 112  worst SNR -37.4 dB | ch1  -44.68 (max dev 44.67)  ch2 +141.78 (max dev 141.76)  ch3  +31.93 (max dev 31.91)
[meter] 18:25:03 5.2000 GHz  windows 24249  with tone 112  worst SNR -45.8 dB | ch1  -63.64 (max dev 0.03)  ch2  -18.23 (max dev 0.03)  ch3  -99.08 (max dev 0.03)
[meter] 18:25:08 2.4000 GHz  windows 23834  with tone 23530  worst SNR -32.4 dB | tone +192767.0 Hz 10000 samples | ch1   +0.12 (max dev 0.05)  ch2   +0.39 (max dev 0.06)  ch3   +0.37 (max dev 0.05)
[meter] 18:25:08 5.2000 GHz  windows 24388  with tone 112  worst SNR -45.8 dB | ch1  -63.64 (max dev 0.03)  ch2  -18.23 (max dev 0.03)  ch3  -99.08 (max dev 0.03)
[meter] 18:25:08 5.8000 GHz  windows 24459  with tone 112  worst SNR -37.4 dB | ch1  -44.68 (max dev 44.67)  ch2 +141.78 (max dev 141.76)  ch3  +31.93 (max dev 31.91)
[meter] 18:25:13 2.4000 GHz  windows 23969  with tone 23665  worst SNR -32.4 dB | tone +192770.4 Hz 10000 samples | ch1   +0.12 (max dev 0.06)  ch2   +0.39 (max dev 0.05)  ch3   +0.38 (max dev 0.04)
[meter] 18:25:13 5.8000 GHz  windows 24598  with tone 112  worst SNR -37.4 dB | ch1  -44.68 (max dev 44.67)  ch2 +141.78 (max dev 141.76)  ch3  +31.93 (max dev 31.91)
[meter] 18:25:13 5.2000 GHz  windows 24527  with tone 112  worst SNR -45.8 dB | ch1  -63.64 (max dev 0.03)  ch2  -18.23 (max dev 0.03)  ch3  -99.08 (max dev 0.03)
[meter] 18:25:18 2.4000 GHz  windows 24106  with tone 23802  worst SNR -32.4 dB | tone +192775.8 Hz 10000 samples | ch1   +0.12 (max dev 0.07)  ch2   +0.40 (max dev 0.05)  ch3   +0.38 (max dev 0.05)
[meter] 18:25:18 5.2000 GHz  windows 24666  with tone 112  worst SNR -45.8 dB | ch1  -63.64 (max dev 0.03)  ch2  -18.23 (max dev 0.03)  ch3  -99.08 (max dev 0.03)
[meter] 18:25:18 5.8000 GHz  windows 24737  with tone 112  worst SNR -37.4 dB | ch1  -44.68 (max dev 44.67)  ch2 +141.78 (max dev 141.76)  ch3  +31.93 (max dev 31.91)
[meter] 18:25:23 5.8000 GHz  windows 24875  with tone 112  worst SNR -37.4 dB | ch1  -44.68 (max dev 44.67)  ch2 +141.78 (max dev 141.76)  ch3  +31.93 (max dev 31.91)
[meter] 18:25:23 5.2000 GHz  windows 24804  with tone 112  worst SNR -45.8 dB | ch1  -63.64 (max dev 0.03)  ch2  -18.23 (max dev 0.03)  ch3  -99.08 (max dev 0.03)
[meter] 18:25:23 2.4000 GHz  windows 24236  with tone 23932  worst SNR -32.4 dB | tone +192773.6 Hz 10000 samples | ch1   +0.12 (max dev 0.06)  ch2   +0.39 (max dev 0.05)  ch3   +0.38 (max dev 0.05)
[meter] 18:25:28 5.2000 GHz  windows 24944  with tone 112  worst SNR -45.8 dB | ch1  -63.64 (max dev 0.03)  ch2  -18.23 (max dev 0.03)  ch3  -99.08 (max dev 0.03)
[meter] 18:25:28 2.4000 GHz  windows 24371  with tone 24067  worst SNR -32.4 dB | tone +192784.6 Hz 10000 samples | ch1   +0.12 (max dev 0.06)  ch2   +0.39 (max dev 0.04)  ch3   +0.38 (max dev 0.05)
[meter] 18:25:28 5.8000 GHz  windows 25015  with tone 112  worst SNR -37.4 dB | ch1  -44.68 (max dev 44.67)  ch2 +141.78 (max dev 141.76)  ch3  +31.93 (max dev 31.91)
[meter] 18:25:33 5.2000 GHz  windows 25083  with tone 112  worst SNR -45.8 dB | ch1  -63.64 (max dev 0.03)  ch2  -18.23 (max dev 0.03)  ch3  -99.08 (max dev 0.03)
[meter] 18:25:33 2.4000 GHz  windows 24507  with tone 24203  worst SNR -32.4 dB | tone +192779.1 Hz 10000 samples | ch1   +0.12 (max dev 0.06)  ch2   +0.40 (max dev 0.05)  ch3   +0.38 (max dev 0.05)
[meter] 18:25:33 5.8000 GHz  windows 25154  with tone 112  worst SNR -37.4 dB | ch1  -44.68 (max dev 44.67)  ch2 +141.78 (max dev 141.76)  ch3  +31.93 (max dev 31.91)
[meter] 18:25:38 5.2000 GHz  windows 25222  with tone 112  worst SNR -45.8 dB | ch1  -63.64 (max dev 0.03)  ch2  -18.23 (max dev 0.03)  ch3  -99.08 (max dev 0.03)
[meter] 18:25:38 2.4000 GHz  windows 24642  with tone 24338  worst SNR -32.4 dB | tone +192801.5 Hz 10000 samples | ch1   +0.12 (max dev 0.06)  ch2   +0.39 (max dev 0.05)  ch3   +0.38 (max dev 0.05)
[meter] 18:25:38 5.8000 GHz  windows 25293  with tone 112  worst SNR -37.4 dB | ch1  -44.68 (max dev 44.67)  ch2 +141.78 (max dev 141.76)  ch3  +31.93 (max dev 31.91)
[meter] 18:25:43 5.2000 GHz  windows 25358  with tone 112  worst SNR -45.8 dB | ch1  -63.64 (max dev 0.03)  ch2  -18.23 (max dev 0.03)  ch3  -99.08 (max dev 0.03)
[meter] 18:25:43 5.8000 GHz  windows 25432  with tone 112  worst SNR -37.4 dB | ch1  -44.68 (max dev 44.67)  ch2 +141.78 (max dev 141.76)  ch3  +31.93 (max dev 31.91)
[meter] 18:25:43 2.4000 GHz  windows 24777  with tone 24473  worst SNR -32.4 dB | tone +192799.7 Hz 10000 samples | ch1   +0.12 (max dev 0.07)  ch2   +0.39 (max dev 0.05)  ch3   +0.38 (max dev 0.04)
[meter] 18:25:48 5.2000 GHz  windows 25497  with tone 112  worst SNR -45.8 dB | ch1  -63.64 (max dev 0.03)  ch2  -18.23 (max dev 0.03)  ch3  -99.08 (max dev 0.03)
[meter] 18:25:48 2.4000 GHz  windows 24915  with tone 24611  worst SNR -32.4 dB | tone +192782.0 Hz 10000 samples | ch1   +0.12 (max dev 0.07)  ch2   +0.40 (max dev 0.04)  ch3   +0.39 (max dev 0.04)
[meter] 18:25:48 5.8000 GHz  windows 25570  with tone 112  worst SNR -37.4 dB | ch1  -44.68 (max dev 44.67)  ch2 +141.78 (max dev 141.76)  ch3  +31.93 (max dev 31.91)
[meter] 18:25:53 5.2000 GHz  windows 25635  with tone 112  worst SNR -45.8 dB | ch1  -63.64 (max dev 0.03)  ch2  -18.23 (max dev 0.03)  ch3  -99.08 (max dev 0.03)
[meter] 18:25:53 2.4000 GHz  windows 25051  with tone 24747  worst SNR -32.4 dB | tone +192771.1 Hz 10000 samples | ch1   +0.12 (max dev 0.06)  ch2   +0.41 (max dev 0.05)  ch3   +0.40 (max dev 0.06)
[meter] 18:25:53 5.8000 GHz  windows 25709  with tone 112  worst SNR -37.4 dB | ch1  -44.68 (max dev 44.67)  ch2 +141.78 (max dev 141.76)  ch3  +31.93 (max dev 31.91)
[meter] 18:25:58 5.2000 GHz  windows 25773  with tone 112  worst SNR -45.8 dB | ch1  -63.64 (max dev 0.03)  ch2  -18.23 (max dev 0.03)  ch3  -99.08 (max dev 0.03)
[meter] 18:25:58 5.8000 GHz  windows 25848  with tone 112  worst SNR -37.4 dB | ch1  -44.68 (max dev 44.67)  ch2 +141.78 (max dev 141.76)  ch3  +31.93 (max dev 31.91)
[meter] 18:25:58 2.4000 GHz  windows 25186  with tone 24882  worst SNR -32.4 dB | tone +192791.9 Hz 10000 samples | ch1   +0.12 (max dev 0.06)  ch2   +0.42 (max dev 0.04)  ch3   +0.41 (max dev 0.05)
[meter] 18:26:03 5.2000 GHz  windows 25911  with tone 112  worst SNR -45.8 dB | ch1  -63.64 (max dev 0.03)  ch2  -18.23 (max dev 0.03)  ch3  -99.08 (max dev 0.03)
[meter] 18:26:03 5.8000 GHz  windows 25987  with tone 112  worst SNR -37.4 dB | ch1  -44.68 (max dev 44.67)  ch2 +141.78 (max dev 141.76)  ch3  +31.93 (max dev 31.91)
[meter] 18:26:03 2.4000 GHz  windows 25323  with tone 25019  worst SNR -32.4 dB | tone +192794.3 Hz 10000 samples | ch1   +0.12 (max dev 0.09)  ch2   +0.43 (max dev 0.05)  ch3   +0.41 (max dev 0.06)
[meter] 18:26:08 5.2000 GHz  windows 26050  with tone 112  worst SNR -45.8 dB | ch1  -63.64 (max dev 0.03)  ch2  -18.23 (max dev 0.03)  ch3  -99.08 (max dev 0.03)
[meter] 18:26:08 5.8000 GHz  windows 26126  with tone 112  worst SNR -37.4 dB | ch1  -44.68 (max dev 44.67)  ch2 +141.78 (max dev 141.76)  ch3  +31.93 (max dev 31.91)
[meter] 18:26:08 2.4000 GHz  windows 25460  with tone 25156  worst SNR -32.4 dB | tone +192810.8 Hz 10000 samples | ch1   +0.12 (max dev 0.09)  ch2   +0.44 (max dev 0.06)  ch3   +0.42 (max dev 0.06)
[meter] 18:26:13 5.2000 GHz  windows 26187  with tone 112  worst SNR -45.8 dB | ch1  -63.64 (max dev 0.03)  ch2  -18.23 (max dev 0.03)  ch3  -99.08 (max dev 0.03)
[meter] 18:26:13 5.8000 GHz  windows 26264  with tone 112  worst SNR -37.4 dB | ch1  -44.68 (max dev 44.67)  ch2 +141.78 (max dev 141.76)  ch3  +31.93 (max dev 31.91)
[meter] 18:26:13 2.4000 GHz  windows 25596  with tone 25292  worst SNR -32.4 dB | tone +192802.5 Hz 10000 samples | ch1   +0.12 (max dev 0.05)  ch2   +0.44 (max dev 0.04)  ch3   +0.43 (max dev 0.05)
[meter] 18:26:18 5.2000 GHz  windows 26325  with tone 112  worst SNR -45.8 dB | ch1  -63.64 (max dev 0.03)  ch2  -18.23 (max dev 0.03)  ch3  -99.08 (max dev 0.03)
[meter] 18:26:18 5.8000 GHz  windows 26403  with tone 112  worst SNR -37.4 dB | ch1  -44.68 (max dev 44.67)  ch2 +141.78 (max dev 141.76)  ch3  +31.93 (max dev 31.91)
[meter] 18:26:18 2.4000 GHz  windows 25730  with tone 25426  worst SNR -32.4 dB | tone +192795.2 Hz 10000 samples | ch1   +0.12 (max dev 0.06)  ch2   +0.44 (max dev 0.04)  ch3   +0.43 (max dev 0.05)
[meter] 18:26:23 5.2000 GHz  windows 26463  with tone 112  worst SNR -45.8 dB | ch1  -63.64 (max dev 0.03)  ch2  -18.23 (max dev 0.03)  ch3  -99.08 (max dev 0.03)
[meter] 18:26:23 5.8000 GHz  windows 26542  with tone 112  worst SNR -37.4 dB | ch1  -44.68 (max dev 44.67)  ch2 +141.78 (max dev 141.76)  ch3  +31.93 (max dev 31.91)
[meter] 18:26:23 2.4000 GHz  windows 25866  with tone 25562  worst SNR -32.4 dB | tone +192809.6 Hz 10000 samples | ch1   +0.12 (max dev 0.06)  ch2   +0.44 (max dev 0.05)  ch3   +0.42 (max dev 0.06)
[meter] 18:26:28 5.2000 GHz  windows 26602  with tone 112  worst SNR -45.8 dB | ch1  -63.64 (max dev 0.03)  ch2  -18.23 (max dev 0.03)  ch3  -99.08 (max dev 0.03)
[meter] 18:26:28 5.8000 GHz  windows 26681  with tone 112  worst SNR -37.4 dB | ch1  -44.68 (max dev 44.67)  ch2 +141.78 (max dev 141.76)  ch3  +31.93 (max dev 31.91)
[meter] 18:26:28 2.4000 GHz  windows 25999  with tone 25695  worst SNR -32.4 dB | tone +192814.7 Hz 10000 samples | ch1   +0.12 (max dev 0.07)  ch2   +0.44 (max dev 0.05)  ch3   +0.42 (max dev 0.05)
[meter] 18:26:33 5.2000 GHz  windows 26741  with tone 112  worst SNR -45.8 dB | ch1  -63.64 (max dev 0.03)  ch2  -18.23 (max dev 0.03)  ch3  -99.08 (max dev 0.03)
[meter] 18:26:33 5.8000 GHz  windows 26820  with tone 112  worst SNR -37.4 dB | ch1  -44.68 (max dev 44.67)  ch2 +141.78 (max dev 141.76)  ch3  +31.93 (max dev 31.91)
[meter] 18:26:33 2.4000 GHz  windows 26134  with tone 25830  worst SNR -32.4 dB | tone +192829.8 Hz 10000 samples | ch1   +0.12 (max dev 0.08)  ch2   +0.44 (max dev 0.05)  ch3   +0.42 (max dev 0.04)
[meter] 18:26:38 5.2000 GHz  windows 26880  with tone 112  worst SNR -45.8 dB | ch1  -63.64 (max dev 0.03)  ch2  -18.23 (max dev 0.03)  ch3  -99.08 (max dev 0.03)
[meter] 18:26:38 5.8000 GHz  windows 26959  with tone 112  worst SNR -37.4 dB | ch1  -44.68 (max dev 44.67)  ch2 +141.78 (max dev 141.76)  ch3  +31.93 (max dev 31.91)
[meter] 18:26:38 2.4000 GHz  windows 26270  with tone 25966  worst SNR -32.4 dB | tone +192791.5 Hz 10000 samples | ch1   +0.12 (max dev 0.08)  ch2   +0.43 (max dev 0.05)  ch3   +0.41 (max dev 0.04)
[meter] 18:26:43 5.2000 GHz  windows 27019  with tone 112  worst SNR -45.8 dB | ch1  -63.64 (max dev 0.03)  ch2  -18.23 (max dev 0.03)  ch3  -99.08 (max dev 0.03)
[meter] 18:26:43 5.8000 GHz  windows 27098  with tone 112  worst SNR -37.4 dB | ch1  -44.68 (max dev 44.67)  ch2 +141.78 (max dev 141.76)  ch3  +31.93 (max dev 31.91)
[meter] 18:26:43 2.4000 GHz  windows 26405  with tone 26101  worst SNR -32.4 dB | tone +192812.2 Hz 10000 samples | ch1   +0.12 (max dev 0.07)  ch2   +0.43 (max dev 0.04)  ch3   +0.41 (max dev 0.03)
[meter] 18:26:48 5.2000 GHz  windows 27158  with tone 112  worst SNR -45.8 dB | ch1  -63.64 (max dev 0.03)  ch2  -18.23 (max dev 0.03)  ch3  -99.08 (max dev 0.03)
[meter] 18:26:48 5.8000 GHz  windows 27237  with tone 112  worst SNR -37.4 dB | ch1  -44.68 (max dev 44.67)  ch2 +141.78 (max dev 141.76)  ch3  +31.93 (max dev 31.91)
[meter] 18:26:48 2.4000 GHz  windows 26541  with tone 26237  worst SNR -32.4 dB | tone +192814.3 Hz 10000 samples | ch1   +0.12 (max dev 0.06)  ch2   +0.43 (max dev 0.04)  ch3   +0.41 (max dev 0.04)
[meter] 18:26:53 5.2000 GHz  windows 27297  with tone 112  worst SNR -45.8 dB | ch1  -63.64 (max dev 0.03)  ch2  -18.23 (max dev 0.03)  ch3  -99.08 (max dev 0.03)
[meter] 18:26:53 5.8000 GHz  windows 27376  with tone 112  worst SNR -37.4 dB | ch1  -44.68 (max dev 44.67)  ch2 +141.78 (max dev 141.76)  ch3  +31.93 (max dev 31.91)
[meter] 18:26:53 2.4000 GHz  windows 26675  with tone 26371  worst SNR -32.4 dB | tone +192817.1 Hz 10000 samples | ch1   +0.12 (max dev 0.05)  ch2   +0.43 (max dev 0.04)  ch3   +0.41 (max dev 0.05)
[meter] 18:26:58 5.2000 GHz  windows 27436  with tone 112  worst SNR -45.8 dB | ch1  -63.64 (max dev 0.03)  ch2  -18.23 (max dev 0.03)  ch3  -99.08 (max dev 0.03)
[meter] 18:26:58 5.8000 GHz  windows 27515  with tone 112  worst SNR -37.4 dB | ch1  -44.68 (max dev 44.67)  ch2 +141.78 (max dev 141.76)  ch3  +31.93 (max dev 31.91)
[meter] 18:26:58 2.4000 GHz  windows 26813  with tone 26509  worst SNR -32.4 dB | tone +192832.3 Hz 10000 samples | ch1   +0.12 (max dev 0.06)  ch2   +0.43 (max dev 0.04)  ch3   +0.41 (max dev 0.04)
[meter] 18:27:03 5.2000 GHz  windows 27575  with tone 112  worst SNR -45.8 dB | ch1  -63.64 (max dev 0.03)  ch2  -18.23 (max dev 0.03)  ch3  -99.08 (max dev 0.03)
[meter] 18:27:03 5.8000 GHz  windows 27654  with tone 112  worst SNR -37.4 dB | ch1  -44.68 (max dev 44.67)  ch2 +141.78 (max dev 141.76)  ch3  +31.93 (max dev 31.91)
[meter] 18:27:03 2.4000 GHz  windows 26950  with tone 26646  worst SNR -32.4 dB | tone +192817.0 Hz 10000 samples | ch1   +0.12 (max dev 0.08)  ch2   +0.43 (max dev 0.04)  ch3   +0.41 (max dev 0.04)
[meter] 18:27:08 5.2000 GHz  windows 27714  with tone 112  worst SNR -45.8 dB | ch1  -63.64 (max dev 0.03)  ch2  -18.23 (max dev 0.03)  ch3  -99.08 (max dev 0.03)
[meter] 18:27:08 5.8000 GHz  windows 27793  with tone 112  worst SNR -37.4 dB | ch1  -44.68 (max dev 44.67)  ch2 +141.78 (max dev 141.76)  ch3  +31.93 (max dev 31.91)
[meter] 18:27:08 2.4000 GHz  windows 27086  with tone 26782  worst SNR -32.4 dB | tone +192836.5 Hz 10000 samples | ch1   +0.12 (max dev 0.08)  ch2   +0.43 (max dev 0.04)  ch3   +0.41 (max dev 0.04)
[meter] 18:27:13 5.2000 GHz  windows 27853  with tone 112  worst SNR -45.8 dB | ch1  -63.64 (max dev 0.03)  ch2  -18.23 (max dev 0.03)  ch3  -99.08 (max dev 0.03)
[meter] 18:27:13 5.8000 GHz  windows 27932  with tone 112  worst SNR -37.4 dB | ch1  -44.68 (max dev 44.67)  ch2 +141.78 (max dev 141.76)  ch3  +31.93 (max dev 31.91)
[meter] 18:27:13 2.4000 GHz  windows 27225  with tone 26921  worst SNR -32.4 dB | tone +192822.0 Hz 10000 samples | ch1   +0.12 (max dev 0.08)  ch2   +0.44 (max dev 0.05)  ch3   +0.42 (max dev 0.05)
[meter] 18:27:18 5.2000 GHz  windows 27992  with tone 112  worst SNR -45.8 dB | ch1  -63.64 (max dev 0.03)  ch2  -18.23 (max dev 0.03)  ch3  -99.08 (max dev 0.03)
[meter] 18:27:18 5.8000 GHz  windows 28071  with tone 112  worst SNR -37.4 dB | ch1  -44.68 (max dev 44.67)  ch2 +141.78 (max dev 141.76)  ch3  +31.93 (max dev 31.91)
[meter] 18:27:18 2.4000 GHz  windows 27360  with tone 27056  worst SNR -32.4 dB | tone +192820.2 Hz 10000 samples | ch1   +0.12 (max dev 0.05)  ch2   +0.44 (max dev 0.05)  ch3   +0.42 (max dev 0.05)
[meter] 18:27:23 5.2000 GHz  windows 28131  with tone 112  worst SNR -45.8 dB | ch1  -63.64 (max dev 0.03)  ch2  -18.23 (max dev 0.03)  ch3  -99.08 (max dev 0.03)
[meter] 18:27:23 2.4000 GHz  windows 27495  with tone 27191  worst SNR -32.4 dB | tone +192805.9 Hz 10000 samples | ch1   +0.12 (max dev 0.06)  ch2   +0.44 (max dev 0.05)  ch3   +0.42 (max dev 0.05)
[meter] 18:27:23 5.8000 GHz  windows 28210  with tone 112  worst SNR -37.4 dB | ch1  -44.68 (max dev 44.67)  ch2 +141.78 (max dev 141.76)  ch3  +31.93 (max dev 31.91)
[meter] 18:27:28 5.2000 GHz  windows 28270  with tone 112  worst SNR -45.8 dB | ch1  -63.64 (max dev 0.03)  ch2  -18.23 (max dev 0.03)  ch3  -99.08 (max dev 0.03)
[meter] 18:27:28 2.4000 GHz  windows 27631  with tone 27327  worst SNR -32.4 dB | tone +192796.2 Hz 10000 samples | ch1   +0.13 (max dev 0.06)  ch2   +0.44 (max dev 0.04)  ch3   +0.42 (max dev 0.04)
[meter] 18:27:28 5.8000 GHz  windows 28349  with tone 112  worst SNR -37.4 dB | ch1  -44.68 (max dev 44.67)  ch2 +141.78 (max dev 141.76)  ch3  +31.93 (max dev 31.91)
[meter] 18:27:33 5.2000 GHz  windows 28409  with tone 112  worst SNR -45.8 dB | ch1  -63.64 (max dev 0.03)  ch2  -18.23 (max dev 0.03)  ch3  -99.08 (max dev 0.03)
[meter] 18:27:33 5.8000 GHz  windows 28488  with tone 112  worst SNR -37.4 dB | ch1  -44.68 (max dev 44.67)  ch2 +141.78 (max dev 141.76)  ch3  +31.93 (max dev 31.91)
[meter] 18:27:33 2.4000 GHz  windows 27760  with tone 27456  worst SNR -32.4 dB | tone +192800.6 Hz 10000 samples | ch1   +0.13 (max dev 0.07)  ch2   +0.45 (max dev 0.05)  ch3   +0.42 (max dev 0.04)
[meter] 18:27:38 5.2000 GHz  windows 28547  with tone 112  worst SNR -45.8 dB | ch1  -63.64 (max dev 0.03)  ch2  -18.23 (max dev 0.03)  ch3  -99.08 (max dev 0.03)
[meter] 18:27:38 5.8000 GHz  windows 28627  with tone 112  worst SNR -37.4 dB | ch1  -44.68 (max dev 44.67)  ch2 +141.78 (max dev 141.76)  ch3  +31.93 (max dev 31.91)
[meter] 18:27:38 2.4000 GHz  windows 27895  with tone 27591  worst SNR -32.4 dB | tone +192813.9 Hz 10000 samples | ch1   +0.13 (max dev 0.06)  ch2   +0.45 (max dev 0.05)  ch3   +0.42 (max dev 0.05)
[meter] 18:27:43 5.2000 GHz  windows 28685  with tone 112  worst SNR -45.8 dB | ch1  -63.64 (max dev 0.03)  ch2  -18.23 (max dev 0.03)  ch3  -99.08 (max dev 0.03)
[meter] 18:27:43 5.8000 GHz  windows 28765  with tone 112  worst SNR -37.4 dB | ch1  -44.68 (max dev 44.67)  ch2 +141.78 (max dev 141.76)  ch3  +31.93 (max dev 31.91)
[meter] 18:27:43 2.4000 GHz  windows 28028  with tone 27724  worst SNR -32.4 dB | tone +192804.9 Hz 10000 samples | ch1   +0.13 (max dev 0.06)  ch2   +0.45 (max dev 0.05)  ch3   +0.42 (max dev 0.05)
[meter] 18:27:48 5.2000 GHz  windows 28822  with tone 112  worst SNR -45.8 dB | ch1  -63.64 (max dev 0.03)  ch2  -18.23 (max dev 0.03)  ch3  -99.08 (max dev 0.03)
[meter] 18:27:48 5.8000 GHz  windows 28905  with tone 112  worst SNR -37.4 dB | ch1  -44.68 (max dev 44.67)  ch2 +141.78 (max dev 141.76)  ch3  +31.93 (max dev 31.91)
[meter] 18:27:48 2.4000 GHz  windows 28167  with tone 27863  worst SNR -32.4 dB | tone +192823.0 Hz 10000 samples | ch1   +0.13 (max dev 0.06)  ch2   +0.45 (max dev 0.04)  ch3   +0.42 (max dev 0.04)
[meter] 18:27:53 5.2000 GHz  windows 28961  with tone 112  worst SNR -45.8 dB | ch1  -63.64 (max dev 0.03)  ch2  -18.23 (max dev 0.03)  ch3  -99.08 (max dev 0.03)
[meter] 18:27:53 5.8000 GHz  windows 29043  with tone 112  worst SNR -37.4 dB | ch1  -44.68 (max dev 44.67)  ch2 +141.78 (max dev 141.76)  ch3  +31.93 (max dev 31.91)
[meter] 18:27:53 2.4000 GHz  windows 28299  with tone 27995  worst SNR -32.4 dB | tone +192825.6 Hz 10000 samples | ch1   +0.13 (max dev 0.06)  ch2   +0.45 (max dev 0.04)  ch3   +0.42 (max dev 0.05)
[meter] 18:27:58 5.2000 GHz  windows 29099  with tone 112  worst SNR -45.8 dB | ch1  -63.64 (max dev 0.03)  ch2  -18.23 (max dev 0.03)  ch3  -99.08 (max dev 0.03)
[meter] 18:27:58 5.8000 GHz  windows 29183  with tone 112  worst SNR -37.4 dB | ch1  -44.68 (max dev 44.67)  ch2 +141.78 (max dev 141.76)  ch3  +31.93 (max dev 31.91)
[meter] 18:27:58 2.4000 GHz  windows 28437  with tone 28133  worst SNR -32.4 dB | tone +192815.6 Hz 10000 samples | ch1   +0.13 (max dev 0.06)  ch2   +0.45 (max dev 0.04)  ch3   +0.42 (max dev 0.05)
[meter] 18:28:03 5.2000 GHz  windows 29237  with tone 112  worst SNR -45.8 dB | ch1  -63.64 (max dev 0.03)  ch2  -18.23 (max dev 0.03)  ch3  -99.08 (max dev 0.03)
[meter] 18:28:03 5.8000 GHz  windows 29321  with tone 112  worst SNR -37.4 dB | ch1  -44.68 (max dev 44.67)  ch2 +141.78 (max dev 141.76)  ch3  +31.93 (max dev 31.91)
[meter] 18:28:03 2.4000 GHz  windows 28570  with tone 28266  worst SNR -32.4 dB | tone +192825.5 Hz 10000 samples | ch1   +0.13 (max dev 0.06)  ch2   +0.45 (max dev 0.05)  ch3   +0.43 (max dev 0.05)
[meter] 18:28:08 5.2000 GHz  windows 29375  with tone 112  worst SNR -45.8 dB | ch1  -63.64 (max dev 0.03)  ch2  -18.23 (max dev 0.03)  ch3  -99.08 (max dev 0.03)
[meter] 18:28:08 5.8000 GHz  windows 29461  with tone 112  worst SNR -37.4 dB | ch1  -44.68 (max dev 44.67)  ch2 +141.78 (max dev 141.76)  ch3  +31.93 (max dev 31.91)
[meter] 18:28:08 2.4000 GHz  windows 28707  with tone 28403  worst SNR -32.4 dB | tone +192830.3 Hz 10000 samples | ch1   +0.13 (max dev 0.07)  ch2   +0.45 (max dev 0.04)  ch3   +0.43 (max dev 0.05)
[meter] 18:28:13 5.2000 GHz  windows 29514  with tone 112  worst SNR -45.8 dB | ch1  -63.64 (max dev 0.03)  ch2  -18.23 (max dev 0.03)  ch3  -99.08 (max dev 0.03)
[meter] 18:28:13 5.8000 GHz  windows 29600  with tone 112  worst SNR -37.4 dB | ch1  -44.68 (max dev 44.67)  ch2 +141.78 (max dev 141.76)  ch3  +31.93 (max dev 31.91)
[meter] 18:28:13 2.4000 GHz  windows 28843  with tone 28539  worst SNR -32.4 dB | tone +192807.2 Hz 10000 samples | ch1   +0.12 (max dev 0.06)  ch2   +0.46 (max dev 0.04)  ch3   +0.44 (max dev 0.04)
[meter] 18:28:18 5.2000 GHz  windows 29643  with tone 112  worst SNR -45.8 dB | ch1  -63.64 (max dev 0.03)  ch2  -18.23 (max dev 0.03)  ch3  -99.08 (max dev 0.03)
[meter] 18:28:18 5.8000 GHz  windows 29737  with tone 112  worst SNR -37.4 dB | ch1  -44.68 (max dev 44.67)  ch2 +141.78 (max dev 141.76)  ch3  +31.93 (max dev 31.91)
[meter] 18:28:18 2.4000 GHz  windows 28959  with tone 28655  worst SNR -32.4 dB | tone +192846.4 Hz 10000 samples | ch1   +0.13 (max dev 0.07)  ch2   +0.46 (max dev 0.05)  ch3   +0.44 (max dev 0.04)
[meter] 18:28:23 5.2000 GHz  windows 29765  with tone 112  worst SNR -45.8 dB | ch1  -63.64 (max dev 0.03)  ch2  -18.23 (max dev 0.03)  ch3  -99.08 (max dev 0.03)
[meter] 18:28:23 5.8000 GHz  windows 29871  with tone 112  worst SNR -37.4 dB | ch1  -44.68 (max dev 44.67)  ch2 +141.78 (max dev 141.76)  ch3  +31.93 (max dev 31.91)
[meter] 18:28:23 2.4000 GHz  windows 29072  with tone 28768  worst SNR -32.4 dB | tone +192857.3 Hz 10000 samples | ch1   +0.13 (max dev 0.07)  ch2   +0.47 (max dev 0.05)  ch3   +0.44 (max dev 0.04)
[meter] 18:28:28 5.2000 GHz  windows 29890  with tone 112  worst SNR -45.8 dB | ch1  -63.64 (max dev 0.03)  ch2  -18.23 (max dev 0.03)  ch3  -99.08 (max dev 0.03)
[meter] 18:28:28 5.8000 GHz  windows 30008  with tone 112  worst SNR -37.4 dB | ch1  -44.68 (max dev 44.67)  ch2 +141.78 (max dev 141.76)  ch3  +31.93 (max dev 31.91)
[meter] 18:28:28 2.4000 GHz  windows 29176  with tone 28872  worst SNR -32.4 dB | tone +192839.3 Hz 10000 samples | ch1   +0.13 (max dev 0.07)  ch2   +0.47 (max dev 0.05)  ch3   +0.45 (max dev 0.05)
[meter] 18:28:33 5.2000 GHz  windows 30017  with tone 112  worst SNR -45.8 dB | ch1  -63.64 (max dev 0.03)  ch2  -18.23 (max dev 0.03)  ch3  -99.08 (max dev 0.03)
[meter] 18:28:33 5.8000 GHz  windows 30142  with tone 112  worst SNR -37.4 dB | ch1  -44.68 (max dev 44.67)  ch2 +141.78 (max dev 141.76)  ch3  +31.93 (max dev 31.91)
[meter] 18:28:33 2.4000 GHz  windows 29286  with tone 28982  worst SNR -32.4 dB | tone +192836.2 Hz 10000 samples | ch1   +0.13 (max dev 0.07)  ch2   +0.47 (max dev 0.04)  ch3   +0.45 (max dev 0.04)
[meter] 18:28:38 5.2000 GHz  windows 30139  with tone 112  worst SNR -45.8 dB | ch1  -63.64 (max dev 0.03)  ch2  -18.23 (max dev 0.03)  ch3  -99.08 (max dev 0.03)
[meter] 18:28:38 5.8000 GHz  windows 30280  with tone 112  worst SNR -37.4 dB | ch1  -44.68 (max dev 44.67)  ch2 +141.78 (max dev 141.76)  ch3  +31.93 (max dev 31.91)
[meter] 18:28:38 2.4000 GHz  windows 29396  with tone 29092  worst SNR -32.4 dB | tone +192851.8 Hz 10000 samples | ch1   +0.13 (max dev 0.07)  ch2   +0.47 (max dev 0.04)  ch3   +0.45 (max dev 0.05)
[meter] 18:28:43 5.2000 GHz  windows 30265  with tone 112  worst SNR -45.8 dB | ch1  -63.64 (max dev 0.03)  ch2  -18.23 (max dev 0.03)  ch3  -99.08 (max dev 0.03)
[meter] 18:28:43 5.8000 GHz  windows 30418  with tone 112  worst SNR -37.4 dB | ch1  -44.68 (max dev 44.67)  ch2 +141.78 (max dev 141.76)  ch3  +31.93 (max dev 31.91)
[meter] 18:28:43 2.4000 GHz  windows 29504  with tone 29200  worst SNR -32.4 dB | tone +192844.3 Hz 10000 samples | ch1   +0.13 (max dev 0.06)  ch2   +0.47 (max dev 0.04)  ch3   +0.45 (max dev 0.04)
[meter] 18:28:48 5.2000 GHz  windows 30387  with tone 112  worst SNR -45.8 dB | ch1  -63.64 (max dev 0.03)  ch2  -18.23 (max dev 0.03)  ch3  -99.08 (max dev 0.03)
[meter] 18:28:48 5.8000 GHz  windows 30553  with tone 112  worst SNR -37.4 dB | ch1  -44.68 (max dev 44.67)  ch2 +141.78 (max dev 141.76)  ch3  +31.93 (max dev 31.91)
[meter] 18:28:48 2.4000 GHz  windows 29612  with tone 29308  worst SNR -32.4 dB | tone +192835.7 Hz 10000 samples | ch1   +0.13 (max dev 0.08)  ch2   +0.47 (max dev 0.05)  ch3   +0.45 (max dev 0.05)
[meter] 18:28:53 5.2000 GHz  windows 30515  with tone 112  worst SNR -45.8 dB | ch1  -63.64 (max dev 0.03)  ch2  -18.23 (max dev 0.03)  ch3  -99.08 (max dev 0.03)
[meter] 18:28:53 5.8000 GHz  windows 30687  with tone 112  worst SNR -37.4 dB | ch1  -44.68 (max dev 44.67)  ch2 +141.78 (max dev 141.76)  ch3  +31.93 (max dev 31.91)
[meter] 18:28:53 2.4000 GHz  windows 29723  with tone 29419  worst SNR -32.4 dB | tone +192881.4 Hz 10000 samples | ch1   +0.13 (max dev 0.08)  ch2   +0.46 (max dev 0.05)  ch3   +0.44 (max dev 0.05)
[meter] 18:28:58 5.2000 GHz  windows 30644  with tone 112  worst SNR -45.8 dB | ch1  -63.64 (max dev 0.03)  ch2  -18.23 (max dev 0.03)  ch3  -99.08 (max dev 0.03)
[meter] 18:28:58 5.8000 GHz  windows 30821  with tone 112  worst SNR -37.4 dB | ch1  -44.68 (max dev 44.67)  ch2 +141.78 (max dev 141.76)  ch3  +31.93 (max dev 31.91)
[meter] 18:28:58 2.4000 GHz  windows 29838  with tone 29534  worst SNR -32.4 dB | tone +192865.3 Hz 10000 samples | ch1   +0.13 (max dev 0.06)  ch2   +0.46 (max dev 0.05)  ch3   +0.44 (max dev 0.04)
[meter] 18:29:03 5.2000 GHz  windows 30769  with tone 112  worst SNR -45.8 dB | ch1  -63.64 (max dev 0.03)  ch2  -18.23 (max dev 0.03)  ch3  -99.08 (max dev 0.03)
[meter] 18:29:03 5.8000 GHz  windows 30958  with tone 112  worst SNR -37.4 dB | ch1  -44.68 (max dev 44.67)  ch2 +141.78 (max dev 141.76)  ch3  +31.93 (max dev 31.91)
[meter] 18:29:03 2.4000 GHz  windows 29949  with tone 29645  worst SNR -32.4 dB | tone +192858.0 Hz 10000 samples | ch1   +0.13 (max dev 0.07)  ch2   +0.47 (max dev 0.04)  ch3   +0.44 (max dev 0.04)
[meter] 18:29:08 5.2000 GHz  windows 30891  with tone 112  worst SNR -45.8 dB | ch1  -63.64 (max dev 0.03)  ch2  -18.23 (max dev 0.03)  ch3  -99.08 (max dev 0.03)
[meter] 18:29:08 5.8000 GHz  windows 31094  with tone 112  worst SNR -37.4 dB | ch1  -44.68 (max dev 44.67)  ch2 +141.78 (max dev 141.76)  ch3  +31.93 (max dev 31.91)
[meter] 18:29:08 2.4000 GHz  windows 30060  with tone 29756  worst SNR -32.4 dB | tone +192878.6 Hz 10000 samples | ch1   +0.12 (max dev 0.07)  ch2   +0.47 (max dev 0.04)  ch3   +0.44 (max dev 0.05)
[meter] 18:29:13 5.2000 GHz  windows 31019  with tone 112  worst SNR -45.8 dB | ch1  -63.64 (max dev 0.03)  ch2  -18.23 (max dev 0.03)  ch3  -99.08 (max dev 0.03)
[meter] 18:29:13 5.8000 GHz  windows 31233  with tone 112  worst SNR -37.4 dB | ch1  -44.68 (max dev 44.67)  ch2 +141.78 (max dev 141.76)  ch3  +31.93 (max dev 31.91)
[meter] 18:29:13 2.4000 GHz  windows 30159  with tone 29855  worst SNR -32.4 dB | tone +192861.3 Hz 10000 samples | ch1   +0.12 (max dev 0.06)  ch2   +0.46 (max dev 0.04)  ch3   +0.44 (max dev 0.05)
[meter] 18:29:18 5.2000 GHz  windows 31148  with tone 112  worst SNR -45.8 dB | ch1  -63.64 (max dev 0.03)  ch2  -18.23 (max dev 0.03)  ch3  -99.08 (max dev 0.03)
[meter] 18:29:18 5.8000 GHz  windows 31366  with tone 112  worst SNR -37.4 dB | ch1  -44.68 (max dev 44.67)  ch2 +141.78 (max dev 141.76)  ch3  +31.93 (max dev 31.91)
[meter] 18:29:18 2.4000 GHz  windows 30273  with tone 29969  worst SNR -32.4 dB | tone +192859.9 Hz 10000 samples | ch1   +0.12 (max dev 0.06)  ch2   +0.47 (max dev 0.04)  ch3   +0.44 (max dev 0.05)
[meter] 18:29:23 5.2000 GHz  windows 31280  with tone 112  worst SNR -45.8 dB | ch1  -63.64 (max dev 0.03)  ch2  -18.23 (max dev 0.03)  ch3  -99.08 (max dev 0.03)
[meter] 18:29:23 5.8000 GHz  windows 31502  with tone 112  worst SNR -37.4 dB | ch1  -44.68 (max dev 44.67)  ch2 +141.78 (max dev 141.76)  ch3  +31.93 (max dev 31.91)
[meter] 18:29:23 2.4000 GHz  windows 30375  with tone 30071  worst SNR -32.4 dB | tone +192875.2 Hz 10000 samples | ch1   +0.12 (max dev 0.07)  ch2   +0.47 (max dev 0.04)  ch3   +0.45 (max dev 0.05)
[meter] 18:29:28 5.2000 GHz  windows 31403  with tone 112  worst SNR -45.8 dB | ch1  -63.64 (max dev 0.03)  ch2  -18.23 (max dev 0.03)  ch3  -99.08 (max dev 0.03)
[meter] 18:29:28 5.8000 GHz  windows 31638  with tone 112  worst SNR -37.4 dB | ch1  -44.68 (max dev 44.67)  ch2 +141.78 (max dev 141.76)  ch3  +31.93 (max dev 31.91)
[meter] 18:29:28 2.4000 GHz  windows 30486  with tone 30182  worst SNR -32.4 dB | tone +192875.2 Hz 10000 samples | ch1   +0.12 (max dev 0.07)  ch2   +0.47 (max dev 0.04)  ch3   +0.45 (max dev 0.04)
[meter] 18:29:33 5.2000 GHz  windows 31530  with tone 112  worst SNR -45.8 dB | ch1  -63.64 (max dev 0.03)  ch2  -18.23 (max dev 0.03)  ch3  -99.08 (max dev 0.03)
[meter] 18:29:33 5.8000 GHz  windows 31774  with tone 112  worst SNR -37.4 dB | ch1  -44.68 (max dev 44.67)  ch2 +141.78 (max dev 141.76)  ch3  +31.93 (max dev 31.91)
[meter] 18:29:33 2.4000 GHz  windows 30596  with tone 30292  worst SNR -32.4 dB | tone +192886.9 Hz 10000 samples | ch1   +0.12 (max dev 0.06)  ch2   +0.47 (max dev 0.04)  ch3   +0.45 (max dev 0.05)
[meter] 18:29:38 5.2000 GHz  windows 31652  with tone 112  worst SNR -45.8 dB | ch1  -63.64 (max dev 0.03)  ch2  -18.23 (max dev 0.03)  ch3  -99.08 (max dev 0.03)
[meter] 18:29:38 5.8000 GHz  windows 31908  with tone 112  worst SNR -37.4 dB | ch1  -44.68 (max dev 44.67)  ch2 +141.78 (max dev 141.76)  ch3  +31.93 (max dev 31.91)
[meter] 18:29:38 2.4000 GHz  windows 30707  with tone 30403  worst SNR -32.4 dB | tone +192869.7 Hz 10000 samples | ch1   +0.12 (max dev 0.09)  ch2   +0.47 (max dev 0.05)  ch3   +0.45 (max dev 0.05)
[meter] 18:29:43 5.2000 GHz  windows 31775  with tone 112  worst SNR -45.8 dB | ch1  -63.64 (max dev 0.03)  ch2  -18.23 (max dev 0.03)  ch3  -99.08 (max dev 0.03)
[meter] 18:29:43 5.8000 GHz  windows 32037  with tone 112  worst SNR -37.4 dB | ch1  -44.68 (max dev 44.67)  ch2 +141.78 (max dev 141.76)  ch3  +31.93 (max dev 31.91)
[meter] 18:29:43 2.4000 GHz  windows 30824  with tone 30520  worst SNR -32.4 dB | tone +192859.4 Hz 10000 samples | ch1   +0.12 (max dev 0.09)  ch2   +0.47 (max dev 0.06)  ch3   +0.45 (max dev 0.05)
[meter] 18:29:48 5.2000 GHz  windows 31901  with tone 112  worst SNR -45.8 dB | ch1  -63.64 (max dev 0.03)  ch2  -18.23 (max dev 0.03)  ch3  -99.08 (max dev 0.03)
[meter] 18:29:48 5.8000 GHz  windows 32170  with tone 112  worst SNR -37.4 dB | ch1  -44.68 (max dev 44.67)  ch2 +141.78 (max dev 141.76)  ch3  +31.93 (max dev 31.91)
[meter] 18:29:48 2.4000 GHz  windows 30943  with tone 30639  worst SNR -32.4 dB | tone +192871.8 Hz 10000 samples | ch1   +0.13 (max dev 0.06)  ch2   +0.48 (max dev 0.06)  ch3   +0.46 (max dev 0.05)
[meter] 18:29:53 5.2000 GHz  windows 32024  with tone 112  worst SNR -45.8 dB | ch1  -63.64 (max dev 0.03)  ch2  -18.23 (max dev 0.03)  ch3  -99.08 (max dev 0.03)
[meter] 18:29:53 5.8000 GHz  windows 32302  with tone 112  worst SNR -37.4 dB | ch1  -44.68 (max dev 44.67)  ch2 +141.78 (max dev 141.76)  ch3  +31.93 (max dev 31.91)
[meter] 18:29:53 2.4000 GHz  windows 31052  with tone 30748  worst SNR -32.4 dB | tone +192852.7 Hz 10000 samples | ch1   +0.13 (max dev 0.06)  ch2   +0.48 (max dev 0.06)  ch3   +0.47 (max dev 0.05)
[meter] 18:29:58 5.2000 GHz  windows 32153  with tone 112  worst SNR -45.8 dB | ch1  -63.64 (max dev 0.03)  ch2  -18.23 (max dev 0.03)  ch3  -99.08 (max dev 0.03)
[meter] 18:29:58 5.8000 GHz  windows 32438  with tone 112  worst SNR -37.4 dB | ch1  -44.68 (max dev 44.67)  ch2 +141.78 (max dev 141.76)  ch3  +31.93 (max dev 31.91)
[meter] 18:29:58 2.4000 GHz  windows 31158  with tone 30854  worst SNR -32.4 dB | tone +192854.8 Hz 10000 samples | ch1   +0.13 (max dev 0.05)  ch2   +0.49 (max dev 0.05)  ch3   +0.47 (max dev 0.05)
[meter] 18:30:03 5.2000 GHz  windows 32277  with tone 112  worst SNR -45.8 dB | ch1  -63.64 (max dev 0.03)  ch2  -18.23 (max dev 0.03)  ch3  -99.08 (max dev 0.03)
[meter] 18:30:03 5.8000 GHz  windows 32571  with tone 112  worst SNR -37.4 dB | ch1  -44.68 (max dev 44.67)  ch2 +141.78 (max dev 141.76)  ch3  +31.93 (max dev 31.91)
[meter] 18:30:03 2.4000 GHz  windows 31258  with tone 30954  worst SNR -32.4 dB | tone +192852.6 Hz 10000 samples | ch1   +0.13 (max dev 0.06)  ch2   +0.50 (max dev 0.04)  ch3   +0.48 (max dev 0.04)
[meter] 18:30:08 5.2000 GHz  windows 32406  with tone 112  worst SNR -45.8 dB | ch1  -63.64 (max dev 0.03)  ch2  -18.23 (max dev 0.03)  ch3  -99.08 (max dev 0.03)
[meter] 18:30:08 5.8000 GHz  windows 32708  with tone 112  worst SNR -37.4 dB | ch1  -44.68 (max dev 44.67)  ch2 +141.78 (max dev 141.76)  ch3  +31.93 (max dev 31.91)
[meter] 18:30:08 2.4000 GHz  windows 31368  with tone 31064  worst SNR -32.4 dB | tone +192838.5 Hz 10000 samples | ch1   +0.13 (max dev 0.05)  ch2   +0.49 (max dev 0.05)  ch3   +0.48 (max dev 0.05)
[meter] 18:30:13 5.2000 GHz  windows 32531  with tone 112  worst SNR -45.8 dB | ch1  -63.64 (max dev 0.03)  ch2  -18.23 (max dev 0.03)  ch3  -99.08 (max dev 0.03)
[meter] 18:30:13 5.8000 GHz  windows 32842  with tone 112  worst SNR -37.4 dB | ch1  -44.68 (max dev 44.67)  ch2 +141.78 (max dev 141.76)  ch3  +31.93 (max dev 31.91)
[meter] 18:30:13 2.4000 GHz  windows 31468  with tone 31164  worst SNR -32.4 dB | tone +192841.2 Hz 10000 samples | ch1   +0.13 (max dev 0.06)  ch2   +0.49 (max dev 0.05)  ch3   +0.47 (max dev 0.05)
[meter] 18:30:18 5.2000 GHz  windows 32658  with tone 112  worst SNR -45.8 dB | ch1  -63.64 (max dev 0.03)  ch2  -18.23 (max dev 0.03)  ch3  -99.08 (max dev 0.03)
[meter] 18:30:18 5.8000 GHz  windows 32982  with tone 112  worst SNR -37.4 dB | ch1  -44.68 (max dev 44.67)  ch2 +141.78 (max dev 141.76)  ch3  +31.93 (max dev 31.91)
[meter] 18:30:18 2.4000 GHz  windows 31578  with tone 31274  worst SNR -32.4 dB | tone +192846.2 Hz 10000 samples | ch1   +0.13 (max dev 0.07)  ch2   +0.49 (max dev 0.05)  ch3   +0.47 (max dev 0.05)
[meter] 18:30:23 5.2000 GHz  windows 32788  with tone 112  worst SNR -45.8 dB | ch1  -63.64 (max dev 0.03)  ch2  -18.23 (max dev 0.03)  ch3  -99.08 (max dev 0.03)
[meter] 18:30:23 5.8000 GHz  windows 33118  with tone 112  worst SNR -37.4 dB | ch1  -44.68 (max dev 44.67)  ch2 +141.78 (max dev 141.76)  ch3  +31.93 (max dev 31.91)
[meter] 18:30:23 2.4000 GHz  windows 31691  with tone 31387  worst SNR -32.4 dB | tone +192853.7 Hz 10000 samples | ch1   +0.13 (max dev 0.06)  ch2   +0.50 (max dev 0.04)  ch3   +0.48 (max dev 0.05)
[meter] 18:30:28 5.2000 GHz  windows 32914  with tone 112  worst SNR -45.8 dB | ch1  -63.64 (max dev 0.03)  ch2  -18.23 (max dev 0.03)  ch3  -99.08 (max dev 0.03)
[meter] 18:30:28 5.8000 GHz  windows 33257  with tone 112  worst SNR -41.0 dB | ch1  -44.68 (max dev 44.67)  ch2 +141.78 (max dev 141.76)  ch3  +31.93 (max dev 31.91)
[meter] 18:30:28 2.4000 GHz  windows 31803  with tone 31499  worst SNR -32.4 dB | tone +192889.1 Hz 10000 samples | ch1   +0.14 (max dev 0.06)  ch2   +0.51 (max dev 0.05)  ch3   +0.49 (max dev 0.05)
[meter] 18:30:33 5.2000 GHz  windows 33043  with tone 112  worst SNR -45.8 dB | ch1  -63.64 (max dev 0.03)  ch2  -18.23 (max dev 0.03)  ch3  -99.08 (max dev 0.03)
[meter] 18:30:33 5.8000 GHz  windows 33391  with tone 112  worst SNR -41.0 dB | ch1  -44.68 (max dev 44.67)  ch2 +141.78 (max dev 141.76)  ch3  +31.93 (max dev 31.91)
[meter] 18:30:33 2.4000 GHz  windows 31925  with tone 31621  worst SNR -32.4 dB | tone +192931.2 Hz 10000 samples | ch1   +0.13 (max dev 0.06)  ch2   +0.51 (max dev 0.04)  ch3   +0.50 (max dev 0.04)
[meter] 18:30:38 5.2000 GHz  windows 33187  with tone 112  worst SNR -45.8 dB | ch1  -63.64 (max dev 0.03)  ch2  -18.23 (max dev 0.03)  ch3  -99.08 (max dev 0.03)
[meter] 18:30:38 5.8000 GHz  windows 33535  with tone 112  worst SNR -41.0 dB | ch1  -44.68 (max dev 44.67)  ch2 +141.78 (max dev 141.76)  ch3  +31.93 (max dev 31.91)
[meter] 18:30:38 2.4000 GHz  windows 32069  with tone 31765  worst SNR -32.4 dB | tone +193017.8 Hz 10000 samples | ch1   +0.13 (max dev 0.06)  ch2   +0.52 (max dev 0.05)  ch3   +0.51 (max dev 0.05)
[meter] 18:30:43 5.2000 GHz  windows 33326  with tone 112  worst SNR -45.8 dB | ch1  -63.64 (max dev 0.03)  ch2  -18.23 (max dev 0.03)  ch3  -99.08 (max dev 0.03)
[meter] 18:30:43 5.8000 GHz  windows 33674  with tone 112  worst SNR -41.0 dB | ch1  -44.68 (max dev 44.67)  ch2 +141.78 (max dev 141.76)  ch3  +31.93 (max dev 31.91)
[meter] 18:30:43 2.4000 GHz  windows 32208  with tone 31904  worst SNR -32.4 dB | tone +193026.3 Hz 10000 samples | ch1   +0.13 (max dev 0.07)  ch2   +0.52 (max dev 0.05)  ch3   +0.52 (max dev 0.05)
[meter] 18:30:48 5.2000 GHz  windows 33465  with tone 112  worst SNR -45.8 dB | ch1  -63.64 (max dev 0.03)  ch2  -18.23 (max dev 0.03)  ch3  -99.08 (max dev 0.03)
[meter] 18:30:48 5.8000 GHz  windows 33812  with tone 112  worst SNR -41.0 dB | ch1  -44.68 (max dev 44.67)  ch2 +141.78 (max dev 141.76)  ch3  +31.93 (max dev 31.91)
[meter] 18:30:48 2.4000 GHz  windows 32346  with tone 32042  worst SNR -32.4 dB | tone +193002.5 Hz 10000 samples | ch1   +0.13 (max dev 0.07)  ch2   +0.52 (max dev 0.05)  ch3   +0.51 (max dev 0.05)
[meter] 18:30:53 5.2000 GHz  windows 33604  with tone 112  worst SNR -45.8 dB | ch1  -63.64 (max dev 0.03)  ch2  -18.23 (max dev 0.03)  ch3  -99.08 (max dev 0.03)
[meter] 18:30:53 5.8000 GHz  windows 33952  with tone 112  worst SNR -41.0 dB | ch1  -44.68 (max dev 44.67)  ch2 +141.78 (max dev 141.76)  ch3  +31.93 (max dev 31.91)
[meter] 18:30:53 2.4000 GHz  windows 32486  with tone 32182  worst SNR -32.4 dB | tone +193018.8 Hz 10000 samples | ch1   +0.13 (max dev 0.07)  ch2   +0.52 (max dev 0.04)  ch3   +0.51 (max dev 0.04)
[meter] 18:30:58 5.2000 GHz  windows 33743  with tone 112  worst SNR -45.8 dB | ch1  -63.64 (max dev 0.03)  ch2  -18.23 (max dev 0.03)  ch3  -99.08 (max dev 0.03)
[meter] 18:30:58 5.8000 GHz  windows 34090  with tone 112  worst SNR -41.0 dB | ch1  -44.68 (max dev 44.67)  ch2 +141.78 (max dev 141.76)  ch3  +31.93 (max dev 31.91)
[meter] 18:30:58 2.4000 GHz  windows 32625  with tone 32321  worst SNR -32.4 dB | tone +192990.0 Hz 10000 samples | ch1   +0.13 (max dev 0.06)  ch2   +0.51 (max dev 0.04)  ch3   +0.51 (max dev 0.05)
[meter] 18:31:03 5.2000 GHz  windows 33882  with tone 112  worst SNR -45.8 dB | ch1  -63.64 (max dev 0.03)  ch2  -18.23 (max dev 0.03)  ch3  -99.08 (max dev 0.03)
[meter] 18:31:03 5.8000 GHz  windows 34229  with tone 112  worst SNR -41.0 dB | ch1  -44.68 (max dev 44.67)  ch2 +141.78 (max dev 141.76)  ch3  +31.93 (max dev 31.91)
[meter] 18:31:03 2.4000 GHz  windows 32760  with tone 32456  worst SNR -32.4 dB | tone +192992.4 Hz 10000 samples | ch1   +0.13 (max dev 0.05)  ch2   +0.52 (max dev 0.05)  ch3   +0.51 (max dev 0.04)
[meter] 18:31:08 5.2000 GHz  windows 34020  with tone 112  worst SNR -45.8 dB | ch1  -63.64 (max dev 0.03)  ch2  -18.23 (max dev 0.03)  ch3  -99.08 (max dev 0.03)
[meter] 18:31:08 5.8000 GHz  windows 34368  with tone 112  worst SNR -41.0 dB | ch1  -44.68 (max dev 44.67)  ch2 +141.78 (max dev 141.76)  ch3  +31.93 (max dev 31.91)
[meter] 18:31:08 2.4000 GHz  windows 32897  with tone 32593  worst SNR -32.4 dB | tone +192981.8 Hz 10000 samples | ch1   +0.13 (max dev 0.07)  ch2   +0.53 (max dev 0.04)  ch3   +0.52 (max dev 0.04)
[meter] 18:31:13 5.2000 GHz  windows 34159  with tone 112  worst SNR -45.8 dB | ch1  -63.64 (max dev 0.03)  ch2  -18.23 (max dev 0.03)  ch3  -99.08 (max dev 0.03)
[meter] 18:31:13 5.8000 GHz  windows 34507  with tone 112  worst SNR -41.0 dB | ch1  -44.68 (max dev 44.67)  ch2 +141.78 (max dev 141.76)  ch3  +31.93 (max dev 31.91)
[meter] 18:31:13 2.4000 GHz  windows 33034  with tone 32730  worst SNR -32.4 dB | tone +192981.2 Hz 10000 samples | ch1   +0.13 (max dev 0.08)  ch2   +0.52 (max dev 0.05)  ch3   +0.52 (max dev 0.05)
[meter] 18:31:18 5.2000 GHz  windows 34298  with tone 112  worst SNR -45.8 dB | ch1  -63.64 (max dev 0.03)  ch2  -18.23 (max dev 0.03)  ch3  -99.08 (max dev 0.03)
[meter] 18:31:18 5.8000 GHz  windows 34646  with tone 112  worst SNR -41.0 dB | ch1  -44.68 (max dev 44.67)  ch2 +141.78 (max dev 141.76)  ch3  +31.93 (max dev 31.91)
[meter] 18:31:18 2.4000 GHz  windows 33171  with tone 32867  worst SNR -32.4 dB | tone +192995.6 Hz 10000 samples | ch1   +0.13 (max dev 0.06)  ch2   +0.53 (max dev 0.06)  ch3   +0.52 (max dev 0.05)
[meter] 18:31:23 5.2000 GHz  windows 34436  with tone 112  worst SNR -45.8 dB | ch1  -63.64 (max dev 0.03)  ch2  -18.23 (max dev 0.03)  ch3  -99.08 (max dev 0.03)
[meter] 18:31:23 5.8000 GHz  windows 34785  with tone 112  worst SNR -41.0 dB | ch1  -44.68 (max dev 44.67)  ch2 +141.78 (max dev 141.76)  ch3  +31.93 (max dev 31.91)
[meter] 18:31:23 2.4000 GHz  windows 33310  with tone 33006  worst SNR -32.4 dB | tone +193005.3 Hz 10000 samples | ch1   +0.13 (max dev 0.07)  ch2   +0.53 (max dev 0.06)  ch3   +0.52 (max dev 0.05)
[meter] 18:31:28 5.2000 GHz  windows 34576  with tone 112  worst SNR -51.3 dB | ch1  -63.64 (max dev 0.03)  ch2  -18.23 (max dev 0.03)  ch3  -99.08 (max dev 0.03)
[meter] 18:31:28 5.8000 GHz  windows 34924  with tone 112  worst SNR -41.0 dB | ch1  -44.68 (max dev 44.67)  ch2 +141.78 (max dev 141.76)  ch3  +31.93 (max dev 31.91)
[meter] 18:31:28 2.4000 GHz  windows 33448  with tone 33144  worst SNR -32.4 dB | tone +193009.8 Hz 10000 samples | ch1   +0.13 (max dev 0.07)  ch2   +0.53 (max dev 0.04)  ch3   +0.52 (max dev 0.04)
[meter] 18:31:33 5.2000 GHz  windows 34714  with tone 112  worst SNR -51.3 dB | ch1  -63.64 (max dev 0.03)  ch2  -18.23 (max dev 0.03)  ch3  -99.08 (max dev 0.03)
[meter] 18:31:33 5.8000 GHz  windows 35063  with tone 112  worst SNR -41.0 dB | ch1  -44.68 (max dev 44.67)  ch2 +141.78 (max dev 141.76)  ch3  +31.93 (max dev 31.91)
[meter] 18:31:33 2.4000 GHz  windows 33585  with tone 33281  worst SNR -32.4 dB | tone +193003.0 Hz 10000 samples | ch1   +0.13 (max dev 0.06)  ch2   +0.53 (max dev 0.04)  ch3   +0.52 (max dev 0.04)
[meter] 18:31:38 5.2000 GHz  windows 34852  with tone 112  worst SNR -51.3 dB | ch1  -63.64 (max dev 0.03)  ch2  -18.23 (max dev 0.03)  ch3  -99.08 (max dev 0.03)
[meter] 18:31:38 5.8000 GHz  windows 35202  with tone 112  worst SNR -41.0 dB | ch1  -44.68 (max dev 44.67)  ch2 +141.78 (max dev 141.76)  ch3  +31.93 (max dev 31.91)
[meter] 18:31:38 2.4000 GHz  windows 33721  with tone 33417  worst SNR -32.4 dB | tone +193001.8 Hz 10000 samples | ch1   +0.13 (max dev 0.06)  ch2   +0.52 (max dev 0.04)  ch3   +0.52 (max dev 0.04)
[meter] 18:31:43 5.2000 GHz  windows 34991  with tone 112  worst SNR -51.3 dB | ch1  -63.64 (max dev 0.03)  ch2  -18.23 (max dev 0.03)  ch3  -99.08 (max dev 0.03)
[meter] 18:31:43 5.8000 GHz  windows 35341  with tone 112  worst SNR -41.0 dB | ch1  -44.68 (max dev 44.67)  ch2 +141.78 (max dev 141.76)  ch3  +31.93 (max dev 31.91)
[meter] 18:31:43 2.4000 GHz  windows 33858  with tone 33554  worst SNR -32.4 dB | tone +193011.7 Hz 10000 samples | ch1   +0.14 (max dev 0.09)  ch2   +0.52 (max dev 0.06)  ch3   +0.51 (max dev 0.06)
[meter] 18:31:48 5.2000 GHz  windows 35129  with tone 112  worst SNR -51.3 dB | ch1  -63.64 (max dev 0.03)  ch2  -18.23 (max dev 0.03)  ch3  -99.08 (max dev 0.03)
[meter] 18:31:48 5.8000 GHz  windows 35480  with tone 112  worst SNR -41.0 dB | ch1  -44.68 (max dev 44.67)  ch2 +141.78 (max dev 141.76)  ch3  +31.93 (max dev 31.91)
[meter] 18:31:48 2.4000 GHz  windows 33992  with tone 33688  worst SNR -32.4 dB | tone +193026.3 Hz 10000 samples | ch1   +0.14 (max dev 0.07)  ch2   +0.52 (max dev 0.05)  ch3   +0.51 (max dev 0.05)
[meter] 18:31:53 5.2000 GHz  windows 35267  with tone 112  worst SNR -51.3 dB | ch1  -63.64 (max dev 0.03)  ch2  -18.23 (max dev 0.03)  ch3  -99.08 (max dev 0.03)
[meter] 18:31:53 5.8000 GHz  windows 35619  with tone 112  worst SNR -41.0 dB | ch1  -44.68 (max dev 44.67)  ch2 +141.78 (max dev 141.76)  ch3  +31.93 (max dev 31.91)
[meter] 18:31:53 2.4000 GHz  windows 34124  with tone 33820  worst SNR -32.4 dB | tone +193035.2 Hz 10000 samples | ch1   +0.13 (max dev 0.07)  ch2   +0.51 (max dev 0.05)  ch3   +0.50 (max dev 0.04)
[meter] 18:31:58 5.2000 GHz  windows 35406  with tone 112  worst SNR -51.3 dB | ch1  -63.64 (max dev 0.03)  ch2  -18.23 (max dev 0.03)  ch3  -99.08 (max dev 0.03)
[meter] 18:31:58 5.8000 GHz  windows 35757  with tone 112  worst SNR -41.0 dB | ch1  -44.68 (max dev 44.67)  ch2 +141.78 (max dev 141.76)  ch3  +31.93 (max dev 31.91)
[meter] 18:31:58 2.4000 GHz  windows 34258  with tone 33954  worst SNR -32.4 dB | tone +193061.8 Hz 10000 samples | ch1   +0.13 (max dev 0.06)  ch2   +0.51 (max dev 0.05)  ch3   +0.50 (max dev 0.04)
[meter] 18:32:03 5.2000 GHz  windows 35537  with tone 112  worst SNR -51.3 dB | ch1  -63.64 (max dev 0.03)  ch2  -18.23 (max dev 0.03)  ch3  -99.08 (max dev 0.03)
[radio] mode MON requested
[meter] 18:32:03 5.8000 GHz  windows 35894  with tone 112  worst SNR -41.0 dB | ch1  -44.68 (max dev 44.67)  ch2 +141.78 (max dev 141.76)  ch3  +31.93 (max dev 31.91)
[meter] 18:32:03 2.4000 GHz  windows 34377  with tone 34073  worst SNR -32.4 dB | tone +193057.6 Hz 10000 samples | ch1   +0.13 (max dev 0.05)  ch2   +0.50 (max dev 0.05)  ch3   +0.49 (max dev 0.05)
[meter] 18:32:08 5.8000 GHz  windows 35896  with tone 112  worst SNR -41.0 dB | ch1  -44.68 (max dev 44.67)  ch2 +141.78 (max dev 141.76)  ch3  +31.93 (max dev 31.91)
[meter] 18:32:08 5.2000 GHz  windows 35540  with tone 112  worst SNR -51.3 dB | ch1  -63.64 (max dev 0.03)  ch2  -18.23 (max dev 0.03)  ch3  -99.08 (max dev 0.03)
[meter] 18:32:08 2.4000 GHz  windows 34379  with tone 34075  worst SNR -32.4 dB | tone +193061.5 Hz 10000 samples | ch1   +0.13 (max dev 0.05)  ch2   +0.50 (max dev 0.05)  ch3   +0.49 (max dev 0.05)
[meter] 18:32:13 5.8000 GHz  windows 35896  with tone 112  worst SNR -41.0 dB | ch1  -44.68 (max dev 44.67)  ch2 +141.78 (max dev 141.76)  ch3  +31.93 (max dev 31.91)
[meter] 18:32:13 5.2000 GHz  windows 35540  with tone 112  worst SNR -51.3 dB | ch1  -63.64 (max dev 0.03)  ch2  -18.23 (max dev 0.03)  ch3  -99.08 (max dev 0.03)
[meter] 18:32:13 2.4000 GHz  windows 34379  with tone 34075  worst SNR -32.4 dB | tone +193061.5 Hz 10000 samples | ch1   +0.13 (max dev 0.05)  ch2   +0.50 (max dev 0.05)  ch3   +0.49 (max dev 0.05)
[meter] 18:32:19 5.2000 GHz  windows 35540  with tone 112  worst SNR -51.3 dB | ch1  -63.64 (max dev 0.03)  ch2  -18.23 (max dev 0.03)  ch3  -99.08 (max dev 0.03)
[meter] 18:32:19 5.8000 GHz  windows 35896  with tone 112  worst SNR -41.0 dB | ch1  -44.68 (max dev 44.67)  ch2 +141.78 (max dev 141.76)  ch3  +31.93 (max dev 31.91)
[meter] 18:32:19 2.4000 GHz  windows 34379  with tone 34075  worst SNR -32.4 dB | tone +193061.5 Hz 10000 samples | ch1   +0.13 (max dev 0.05)  ch2   +0.50 (max dev 0.05)  ch3   +0.49 (max dev 0.05)
[meter] 18:32:24 5.2000 GHz  windows 35540  with tone 112  worst SNR -51.3 dB | ch1  -63.64 (max dev 0.03)  ch2  -18.23 (max dev 0.03)  ch3  -99.08 (max dev 0.03)
[meter] 18:32:24 5.8000 GHz  windows 35896  with tone 112  worst SNR -41.0 dB | ch1  -44.68 (max dev 44.67)  ch2 +141.78 (max dev 141.76)  ch3  +31.93 (max dev 31.91)
[meter] 18:32:24 2.4000 GHz  windows 34379  with tone 34075  worst SNR -32.4 dB | tone +193061.5 Hz 10000 samples | ch1   +0.13 (max dev 0.05)  ch2   +0.50 (max dev 0.05)  ch3   +0.49 (max dev 0.05)
[meter] 18:32:29 5.2000 GHz  windows 35540  with tone 112  worst SNR -51.3 dB | ch1  -63.64 (max dev 0.03)  ch2  -18.23 (max dev 0.03)  ch3  -99.08 (max dev 0.03)
[meter] 18:32:29 5.8000 GHz  windows 35896  with tone 112  worst SNR -41.0 dB | ch1  -44.68 (max dev 44.67)  ch2 +141.78 (max dev 141.76)  ch3  +31.93 (max dev 31.91)
[meter] 18:32:29 2.4000 GHz  windows 34379  with tone 34075  worst SNR -32.4 dB | tone +193061.5 Hz 10000 samples | ch1   +0.13 (max dev 0.05)  ch2   +0.50 (max dev 0.05)  ch3   +0.49 (max dev 0.05)
[meter] 18:32:34 5.8000 GHz  windows 35896  with tone 112  worst SNR -41.0 dB | ch1  -44.68 (max dev 44.67)  ch2 +141.78 (max dev 141.76)  ch3  +31.93 (max dev 31.91)
[meter] 18:32:34 5.2000 GHz  windows 35540  with tone 112  worst SNR -51.3 dB | ch1  -63.64 (max dev 0.03)  ch2  -18.23 (max dev 0.03)  ch3  -99.08 (max dev 0.03)
[meter] 18:32:34 2.4000 GHz  windows 34379  with tone 34075  worst SNR -32.4 dB | tone +193061.5 Hz 10000 samples | ch1   +0.13 (max dev 0.05)  ch2   +0.50 (max dev 0.05)  ch3   +0.49 (max dev 0.05)
[meter] 18:32:39 5.2000 GHz  windows 35540  with tone 112  worst SNR -51.3 dB | ch1  -63.64 (max dev 0.03)  ch2  -18.23 (max dev 0.03)  ch3  -99.08 (max dev 0.03)
[meter] 18:32:39 5.8000 GHz  windows 35896  with tone 112  worst SNR -41.0 dB | ch1  -44.68 (max dev 44.67)  ch2 +141.78 (max dev 141.76)  ch3  +31.93 (max dev 31.91)
[meter] 18:32:39 2.4000 GHz  windows 34379  with tone 34075  worst SNR -32.4 dB | tone +193061.5 Hz 10000 samples | ch1   +0.13 (max dev 0.05)  ch2   +0.50 (max dev 0.05)  ch3   +0.49 (max dev 0.05)
[meter] 18:32:44 5.2000 GHz  windows 35540  with tone 112  worst SNR -51.3 dB | ch1  -63.64 (max dev 0.03)  ch2  -18.23 (max dev 0.03)  ch3  -99.08 (max dev 0.03)[meter] 18:32:44 5.8000 GHz  windows 35896  with tone 112  worst SNR -41.0 dB | ch1  -44.68 (max dev 44.67)  ch2 +141.78 (max dev 141.76)  ch3  +31.93 (max dev 31.91)

[meter] 18:32:44 2.4000 GHz  windows 34379  with tone 34075  worst SNR -32.4 dB | tone +193061.5 Hz 10000 samples | ch1   +0.13 (max dev 0.05)  ch2   +0.50 (max dev 0.05)  ch3   +0.49 (max dev 0.05)
[meter] 18:32:49 5.2000 GHz  windows 35540  with tone 112  worst SNR -51.3 dB | ch1  -63.64 (max dev 0.03)  ch2  -18.23 (max dev 0.03)  ch3  -99.08 (max dev 0.03)[meter] 18:32:49 5.8000 GHz  windows 35896  with tone 112  worst SNR -41.0 dB | ch1  -44.68 (max dev 44.67)  ch2 +141.78 (max dev 141.76)  ch3  +31.93 (max dev 31.91)

[meter] 18:32:49 2.4000 GHz  windows 34379  with tone 34075  worst SNR -32.4 dB | tone +193061.5 Hz 10000 samples | ch1   +0.13 (max dev 0.05)  ch2   +0.50 (max dev 0.05)  ch3   +0.49 (max dev 0.05)
[meter] 18:32:54 5.2000 GHz  windows 35540  with tone 112  worst SNR -51.3 dB | ch1  -63.64 (max dev 0.03)  ch2  -18.23 (max dev 0.03)  ch3  -99.08 (max dev 0.03)
[meter] 18:32:54 2.4000 GHz  windows 34379  with tone 34075  worst SNR -32.4 dB | tone +193061.5 Hz 10000 samples | ch1   +0.13 (max dev 0.05)  ch2   +0.50 (max dev 0.05)  ch3   +0.49 (max dev 0.05)
[meter] 18:32:54 5.8000 GHz  windows 35896  with tone 112  worst SNR -41.0 dB | ch1  -44.68 (max dev 44.67)  ch2 +141.78 (max dev 141.76)  ch3  +31.93 (max dev 31.91)
[meter] 18:32:59 5.8000 GHz  windows 35896  with tone 112  worst SNR -41.0 dB | ch1  -44.68 (max dev 44.67)  ch2 +141.78 (max dev 141.76)  ch3  +31.93 (max dev 31.91)
[meter] 18:32:59 5.2000 GHz  windows 35540  with tone 112  worst SNR -51.3 dB | ch1  -63.64 (max dev 0.03)  ch2  -18.23 (max dev 0.03)  ch3  -99.08 (max dev 0.03)
[meter] 18:32:59 2.4000 GHz  windows 34379  with tone 34075  worst SNR -32.4 dB | tone +193061.5 Hz 10000 samples | ch1   +0.13 (max dev 0.05)  ch2   +0.50 (max dev 0.05)  ch3   +0.49 (max dev 0.05)
[meter] 18:33:04 5.2000 GHz  windows 35540  with tone 112  worst SNR -51.3 dB | ch1  -63.64 (max dev 0.03)  ch2  -18.23 (max dev 0.03)  ch3  -99.08 (max dev 0.03)
[meter] 18:33:04 5.8000 GHz  windows 35896  with tone 112  worst SNR -41.0 dB | ch1  -44.68 (max dev 44.67)  ch2 +141.78 (max dev 141.76)  ch3  +31.93 (max dev 31.91)
[meter] 18:33:04 2.4000 GHz  windows 34379  with tone 34075  worst SNR -32.4 dB | tone +193061.5 Hz 10000 samples | ch1   +0.13 (max dev 0.05)  ch2   +0.50 (max dev 0.05)  ch3   +0.49 (max dev 0.05)
[meter] 18:33:09 5.8000 GHz  windows 35896  with tone 112  worst SNR -41.0 dB | ch1  -44.68 (max dev 44.67)  ch2 +141.78 (max dev 141.76)  ch3  +31.93 (max dev 31.91)[meter] 18:33:09 5.2000 GHz  windows 35540  with tone 112  worst SNR -51.3 dB | ch1  -63.64 (max dev 0.03)  ch2  -18.23 (max dev 0.03)  ch3  -99.08 (max dev 0.03)

[meter] 18:33:09 2.4000 GHz  windows 34379  with tone 34075  worst SNR -32.4 dB | tone +193061.5 Hz 10000 samples | ch1   +0.13 (max dev 0.05)  ch2   +0.50 (max dev 0.05)  ch3   +0.49 (max dev 0.05)
[meter] 18:33:14 5.2000 GHz  windows 35540  with tone 112  worst SNR -51.3 dB | ch1  -63.64 (max dev 0.03)  ch2  -18.23 (max dev 0.03)  ch3  -99.08 (max dev 0.03)
[meter] 18:33:14 5.8000 GHz  windows 35896  with tone 112  worst SNR -41.0 dB | ch1  -44.68 (max dev 44.67)  ch2 +141.78 (max dev 141.76)  ch3  +31.93 (max dev 31.91)
[meter] 18:33:14 2.4000 GHz  windows 34379  with tone 34075  worst SNR -32.4 dB | tone +193061.5 Hz 10000 samples | ch1   +0.13 (max dev 0.05)  ch2   +0.50 (max dev 0.05)  ch3   +0.49 (max dev 0.05)
[meter] 18:33:19 5.2000 GHz  windows 35540  with tone 112  worst SNR -51.3 dB | ch1  -63.64 (max dev 0.03)  ch2  -18.23 (max dev 0.03)  ch3  -99.08 (max dev 0.03)
[meter] 18:33:19 5.8000 GHz  windows 35896  with tone 112  worst SNR -41.0 dB | ch1  -44.68 (max dev 44.67)  ch2 +141.78 (max dev 141.76)  ch3  +31.93 (max dev 31.91)
[meter] 18:33:19 2.4000 GHz  windows 34379  with tone 34075  worst SNR -32.4 dB | tone +193061.5 Hz 10000 samples | ch1   +0.13 (max dev 0.05)  ch2   +0.50 (max dev 0.05)  ch3   +0.49 (max dev 0.05)
[meter] 18:33:24 2.4000 GHz  windows 34379  with tone 34075  worst SNR -32.4 dB | tone +193061.5 Hz 10000 samples | ch1   +0.13 (max dev 0.05)  ch2   +0.50 (max dev 0.05)  ch3   +0.49 (max dev 0.05)
[meter] 18:33:24 5.2000 GHz  windows 35540  with tone 112  worst SNR -51.3 dB | ch1  -63.64 (max dev 0.03)  ch2  -18.23 (max dev 0.03)  ch3  -99.08 (max dev 0.03)
[meter] 18:33:24 5.8000 GHz  windows 35896  with tone 112  worst SNR -41.0 dB | ch1  -44.68 (max dev 44.67)  ch2 +141.78 (max dev 141.76)  ch3  +31.93 (max dev 31.91)
[meter] 18:33:29 5.2000 GHz  windows 35540  with tone 112  worst SNR -51.3 dB | ch1  -63.64 (max dev 0.03)  ch2  -18.23 (max dev 0.03)  ch3  -99.08 (max dev 0.03)
[meter] 18:33:29 2.4000 GHz  windows 34379  with tone 34075  worst SNR -32.4 dB | tone +193061.5 Hz 10000 samples | ch1   +0.13 (max dev 0.05)  ch2   +0.50 (max dev 0.05)  ch3   +0.49 (max dev 0.05)
[meter] 18:33:29 5.8000 GHz  windows 35896  with tone 112  worst SNR -41.0 dB | ch1  -44.68 (max dev 44.67)  ch2 +141.78 (max dev 141.76)  ch3  +31.93 (max dev 31.91)
[meter] 18:33:34 5.2000 GHz  windows 35540  with tone 112  worst SNR -51.3 dB | ch1  -63.64 (max dev 0.03)  ch2  -18.23 (max dev 0.03)  ch3  -99.08 (max dev 0.03)
[meter] 18:33:34 5.8000 GHz  windows 35896  with tone 112  worst SNR -41.0 dB | ch1  -44.68 (max dev 44.67)  ch2 +141.78 (max dev 141.76)  ch3  +31.93 (max dev 31.91)
[meter] 18:33:34 2.4000 GHz  windows 34379  with tone 34075  worst SNR -32.4 dB | tone +193061.5 Hz 10000 samples | ch1   +0.13 (max dev 0.05)  ch2   +0.50 (max dev 0.05)  ch3   +0.49 (max dev 0.05)
[meter] 18:33:39 5.2000 GHz  windows 35540  with tone 112  worst SNR -51.3 dB | ch1  -63.64 (max dev 0.03)  ch2  -18.23 (max dev 0.03)  ch3  -99.08 (max dev 0.03)
[meter] 18:33:39 5.8000 GHz  windows 35896  with tone 112  worst SNR -41.0 dB | ch1  -44.68 (max dev 44.67)  ch2 +141.78 (max dev 141.76)  ch3  +31.93 (max dev 31.91)
[meter] 18:33:39 2.4000 GHz  windows 34379  with tone 34075  worst SNR -32.4 dB | tone +193061.5 Hz 10000 samples | ch1   +0.13 (max dev 0.05)  ch2   +0.50 (max dev 0.05)  ch3   +0.49 (max dev 0.05)
[meter] 18:33:45 5.2000 GHz  windows 35540  with tone 112  worst SNR -51.3 dB | ch1  -63.64 (max dev 0.03)  ch2  -18.23 (max dev 0.03)  ch3  -99.08 (max dev 0.03)[meter] 18:33:45 5.8000 GHz  windows 35896  with tone 112  worst SNR -41.0 dB | ch1  -44.68 (max dev 44.67)  ch2 +141.78 (max dev 141.76)  ch3  +31.93 (max dev 31.91)

[meter] 18:33:45 2.4000 GHz  windows 34379  with tone 34075  worst SNR -32.4 dB | tone +193061.5 Hz 10000 samples | ch1   +0.13 (max dev 0.05)  ch2   +0.50 (max dev 0.05)  ch3   +0.49 (max dev 0.05)
[meter] 18:33:50 5.8000 GHz  windows 35896  with tone 112  worst SNR -41.0 dB | ch1  -44.68 (max dev 44.67)  ch2 +141.78 (max dev 141.76)  ch3  +31.93 (max dev 31.91)
[meter] 18:33:50 2.4000 GHz  windows 34379  with tone 34075  worst SNR -32.4 dB | tone +193061.5 Hz 10000 samples | ch1   +0.13 (max dev 0.05)  ch2   +0.50 (max dev 0.05)  ch3   +0.49 (max dev 0.05)
[meter] 18:33:50 5.2000 GHz  windows 35540  with tone 112  worst SNR -51.3 dB | ch1  -63.64 (max dev 0.03)  ch2  -18.23 (max dev 0.03)  ch3  -99.08 (max dev 0.03)
[meter] 18:33:55 5.8000 GHz  windows 35896  with tone 112  worst SNR -41.0 dB | ch1  -44.68 (max dev 44.67)  ch2 +141.78 (max dev 141.76)  ch3  +31.93 (max dev 31.91)
[meter] 18:33:55 5.2000 GHz  windows 35540  with tone 112  worst SNR -51.3 dB | ch1  -63.64 (max dev 0.03)  ch2  -18.23 (max dev 0.03)  ch3  -99.08 (max dev 0.03)
[meter] 18:33:55 2.4000 GHz  windows 34379  with tone 34075  worst SNR -32.4 dB | tone +193061.5 Hz 10000 samples | ch1   +0.13 (max dev 0.05)  ch2   +0.50 (max dev 0.05)  ch3   +0.49 (max dev 0.05)
[meter] 18:34:00 5.8000 GHz  windows 35896  with tone 112  worst SNR -41.0 dB | ch1  -44.68 (max dev 44.67)  ch2 +141.78 (max dev 141.76)  ch3  +31.93 (max dev 31.91)
[meter] 18:34:00 2.4000 GHz  windows 34379  with tone 34075  worst SNR -32.4 dB | tone +193061.5 Hz 10000 samples | ch1   +0.13 (max dev 0.05)  ch2   +0.50 (max dev 0.05)  ch3   +0.49 (max dev 0.05)
[meter] 18:34:00 5.2000 GHz  windows 35540  with tone 112  worst SNR -51.3 dB | ch1  -63.64 (max dev 0.03)  ch2  -18.23 (max dev 0.03)  ch3  -99.08 (max dev 0.03)
[meter] 18:34:05 5.8000 GHz  windows 35896  with tone 112  worst SNR -41.0 dB | ch1  -44.68 (max dev 44.67)  ch2 +141.78 (max dev 141.76)  ch3  +31.93 (max dev 31.91)
[meter] 18:34:05 2.4000 GHz  windows 34379  with tone 34075  worst SNR -32.4 dB | tone +193061.5 Hz 10000 samples | ch1   +0.13 (max dev 0.05)  ch2   +0.50 (max dev 0.05)  ch3   +0.49 (max dev 0.05)
[meter] 18:34:05 5.2000 GHz  windows 35540  with tone 112  worst SNR -51.3 dB | ch1  -63.64 (max dev 0.03)  ch2  -18.23 (max dev 0.03)  ch3  -99.08 (max dev 0.03)
[meter] 18:34:10 5.8000 GHz  windows 35896  with tone 112  worst SNR -41.0 dB | ch1  -44.68 (max dev 44.67)  ch2 +141.78 (max dev 141.76)  ch3  +31.93 (max dev 31.91)
[meter] 18:34:10 5.2000 GHz  windows 35540  with tone 112  worst SNR -51.3 dB | ch1  -63.64 (max dev 0.03)  ch2  -18.23 (max dev 0.03)  ch3  -99.08 (max dev 0.03)
[meter] 18:34:10 2.4000 GHz  windows 34379  with tone 34075  worst SNR -32.4 dB | tone +193061.5 Hz 10000 samples | ch1   +0.13 (max dev 0.05)  ch2   +0.50 (max dev 0.05)  ch3   +0.49 (max dev 0.05)
[meter] 18:34:15 5.8000 GHz  windows 35896  with tone 112  worst SNR -41.0 dB | ch1  -44.68 (max dev 44.67)  ch2 +141.78 (max dev 141.76)  ch3  +31.93 (max dev 31.91)
[meter] 18:34:15 5.2000 GHz  windows 35540  with tone 112  worst SNR -51.3 dB | ch1  -63.64 (max dev 0.03)  ch2  -18.23 (max dev 0.03)  ch3  -99.08 (max dev 0.03)
[meter] 18:34:15 2.4000 GHz  windows 34379  with tone 34075  worst SNR -32.4 dB | tone +193061.5 Hz 10000 samples | ch1   +0.13 (max dev 0.05)  ch2   +0.50 (max dev 0.05)  ch3   +0.49 (max dev 0.05)
[meter] 18:34:20 5.2000 GHz  windows 35540  with tone 112  worst SNR -51.3 dB | ch1  -63.64 (max dev 0.03)  ch2  -18.23 (max dev 0.03)  ch3  -99.08 (max dev 0.03)[meter] 18:34:20 5.8000 GHz  windows 35896  with tone 112  worst SNR -41.0 dB | ch1  -44.68 (max dev 44.67)  ch2 +141.78 (max dev 141.76)  ch3  +31.93 (max dev 31.91)

[meter] 18:34:20 2.4000 GHz  windows 34379  with tone 34075  worst SNR -32.4 dB | tone +193061.5 Hz 10000 samples | ch1   +0.13 (max dev 0.05)  ch2   +0.50 (max dev 0.05)  ch3   +0.49 (max dev 0.05)
[meter] 18:34:25 5.2000 GHz  windows 35540  with tone 112  worst SNR -51.3 dB | ch1  -63.64 (max dev 0.03)  ch2  -18.23 (max dev 0.03)  ch3  -99.08 (max dev 0.03)
[meter] 18:34:25 5.8000 GHz  windows 35896  with tone 112  worst SNR -41.0 dB | ch1  -44.68 (max dev 44.67)  ch2 +141.78 (max dev 141.76)  ch3  +31.93 (max dev 31.91)
[meter] 18:34:25 2.4000 GHz  windows 34379  with tone 34075  worst SNR -32.4 dB | tone +193061.5 Hz 10000 samples | ch1   +0.13 (max dev 0.05)  ch2   +0.50 (max dev 0.05)  ch3   +0.49 (max dev 0.05)
[meter] 18:34:30 5.2000 GHz  windows 35540  with tone 112  worst SNR -51.3 dB | ch1  -63.64 (max dev 0.03)  ch2  -18.23 (max dev 0.03)  ch3  -99.08 (max dev 0.03)
[meter] 18:34:30 5.8000 GHz  windows 35896  with tone 112  worst SNR -41.0 dB | ch1  -44.68 (max dev 44.67)  ch2 +141.78 (max dev 141.76)  ch3  +31.93 (max dev 31.91)
[meter] 18:34:30 2.4000 GHz  windows 34379  with tone 34075  worst SNR -32.4 dB | tone +193061.5 Hz 10000 samples | ch1   +0.13 (max dev 0.05)  ch2   +0.50 (max dev 0.05)  ch3   +0.49 (max dev 0.05)
[meter] 18:34:35 5.2000 GHz  windows 35540  with tone 112  worst SNR -51.3 dB | ch1  -63.64 (max dev 0.03)  ch2  -18.23 (max dev 0.03)  ch3  -99.08 (max dev 0.03)
[meter] 18:34:35 5.8000 GHz  windows 35896  with tone 112  worst SNR -41.0 dB | ch1  -44.68 (max dev 44.67)  ch2 +141.78 (max dev 141.76)  ch3  +31.93 (max dev 31.91)
[meter] 18:34:35 2.4000 GHz  windows 34379  with tone 34075  worst SNR -32.4 dB | tone +193061.5 Hz 10000 samples | ch1   +0.13 (max dev 0.05)  ch2   +0.50 (max dev 0.05)  ch3   +0.49 (max dev 0.05)
[meter] 18:34:40 5.2000 GHz  windows 35540  with tone 112  worst SNR -51.3 dB | ch1  -63.64 (max dev 0.03)  ch2  -18.23 (max dev 0.03)  ch3  -99.08 (max dev 0.03)[meter] 18:34:40 5.8000 GHz  windows 35896  with tone 112  worst SNR -41.0 dB | ch1  -44.68 (max dev 44.67)  ch2 +141.78 (max dev 141.76)  ch3  +31.93 (max dev 31.91)

[meter] 18:34:40 2.4000 GHz  windows 34379  with tone 34075  worst SNR -32.4 dB | tone +193061.5 Hz 10000 samples | ch1   +0.13 (max dev 0.05)  ch2   +0.50 (max dev 0.05)  ch3   +0.49 (max dev 0.05)
[meter] 18:34:45 5.8000 GHz  windows 35896  with tone 112  worst SNR -41.0 dB | ch1  -44.68 (max dev 44.67)  ch2 +141.78 (max dev 141.76)  ch3  +31.93 (max dev 31.91)
[meter] 18:34:45 5.2000 GHz  windows 35540  with tone 112  worst SNR -51.3 dB | ch1  -63.64 (max dev 0.03)  ch2  -18.23 (max dev 0.03)  ch3  -99.08 (max dev 0.03)
[meter] 18:34:45 2.4000 GHz  windows 34379  with tone 34075  worst SNR -32.4 dB | tone +193061.5 Hz 10000 samples | ch1   +0.13 (max dev 0.05)  ch2   +0.50 (max dev 0.05)  ch3   +0.49 (max dev 0.05)
[meter] 18:34:50 5.8000 GHz  windows 35896  with tone 112  worst SNR -41.0 dB | ch1  -44.68 (max dev 44.67)  ch2 +141.78 (max dev 141.76)  ch3  +31.93 (max dev 31.91)
[meter] 18:34:50 5.2000 GHz  windows 35540  with tone 112  worst SNR -51.3 dB | ch1  -63.64 (max dev 0.03)  ch2  -18.23 (max dev 0.03)  ch3  -99.08 (max dev 0.03)
[meter] 18:34:50 2.4000 GHz  windows 34379  with tone 34075  worst SNR -32.4 dB | tone +193061.5 Hz 10000 samples | ch1   +0.13 (max dev 0.05)  ch2   +0.50 (max dev 0.05)  ch3   +0.49 (max dev 0.05)
[meter] 18:34:55 5.8000 GHz  windows 35896  with tone 112  worst SNR -41.0 dB | ch1  -44.68 (max dev 44.67)  ch2 +141.78 (max dev 141.76)  ch3  +31.93 (max dev 31.91)
[meter] 18:34:55 5.2000 GHz  windows 35540  with tone 112  worst SNR -51.3 dB | ch1  -63.64 (max dev 0.03)  ch2  -18.23 (max dev 0.03)  ch3  -99.08 (max dev 0.03)
[meter] 18:34:55 2.4000 GHz  windows 34379  with tone 34075  worst SNR -32.4 dB | tone +193061.5 Hz 10000 samples | ch1   +0.13 (max dev 0.05)  ch2   +0.50 (max dev 0.05)  ch3   +0.49 (max dev 0.05)
[meter] 18:35:00 5.8000 GHz  windows 35896  with tone 112  worst SNR -41.0 dB | ch1  -44.68 (max dev 44.67)  ch2 +141.78 (max dev 141.76)  ch3  +31.93 (max dev 31.91)
[meter] 18:35:00 2.4000 GHz  windows 34379  with tone 34075  worst SNR -32.4 dB | tone +193061.5 Hz 10000 samples | ch1   +0.13 (max dev 0.05)  ch2   +0.50 (max dev 0.05)  ch3   +0.49 (max dev 0.05)
[meter] 18:35:00 5.2000 GHz  windows 35540  with tone 112  worst SNR -51.3 dB | ch1  -63.64 (max dev 0.03)  ch2  -18.23 (max dev 0.03)  ch3  -99.08 (max dev 0.03)
[meter] 18:35:05 5.2000 GHz  windows 35540  with tone 112  worst SNR -51.3 dB | ch1  -63.64 (max dev 0.03)  ch2  -18.23 (max dev 0.03)  ch3  -99.08 (max dev 0.03)[meter] 18:35:05 5.8000 GHz  windows 35896  with tone 112  worst SNR -41.0 dB | ch1  -44.68 (max dev 44.67)  ch2 +141.78 (max dev 141.76)  ch3  +31.93 (max dev 31.91)

[meter] 18:35:05 2.4000 GHz  windows 34379  with tone 34075  worst SNR -32.4 dB | tone +193061.5 Hz 10000 samples | ch1   +0.13 (max dev 0.05)  ch2   +0.50 (max dev 0.05)  ch3   +0.49 (max dev 0.05)
[meter] 18:35:10 5.8000 GHz  windows 35896  with tone 112  worst SNR -41.0 dB | ch1  -44.68 (max dev 44.67)  ch2 +141.78 (max dev 141.76)  ch3  +31.93 (max dev 31.91)
[meter] 18:35:10 2.4000 GHz  windows 34379  with tone 34075  worst SNR -32.4 dB | tone +193061.5 Hz 10000 samples | ch1   +0.13 (max dev 0.05)  ch2   +0.50 (max dev 0.05)  ch3   +0.49 (max dev 0.05)
[meter] 18:35:10 5.2000 GHz  windows 35540  with tone 112  worst SNR -51.3 dB | ch1  -63.64 (max dev 0.03)  ch2  -18.23 (max dev 0.03)  ch3  -99.08 (max dev 0.03)
[meter] 18:35:16 5.2000 GHz  windows 35540  with tone 112  worst SNR -51.3 dB | ch1  -63.64 (max dev 0.03)  ch2  -18.23 (max dev 0.03)  ch3  -99.08 (max dev 0.03)
[meter] 18:35:16 5.8000 GHz  windows 35896  with tone 112  worst SNR -41.0 dB | ch1  -44.68 (max dev 44.67)  ch2 +141.78 (max dev 141.76)  ch3  +31.93 (max dev 31.91)
[meter] 18:35:16 2.4000 GHz  windows 34379  with tone 34075  worst SNR -32.4 dB | tone +193061.5 Hz 10000 samples | ch1   +0.13 (max dev 0.05)  ch2   +0.50 (max dev 0.05)  ch3   +0.49 (max dev 0.05)
[meter] 18:35:20 2.4000 GHz  windows 34379  with tone 34075  worst SNR -32.4 dB | tone +193061.5 Hz 10000 samples | ch1   +0.13 (max dev 0.05)  ch2   +0.50 (max dev 0.05)  ch3   +0.49 (max dev 0.05)
[meter] 18:35:20 5.8000 GHz  windows 35896  with tone 112  worst SNR -41.0 dB | ch1  -44.68 (max dev 44.67)  ch2 +141.78 (max dev 141.76)  ch3  +31.93 (max dev 31.91)
[meter] 18:35:20 5.2000 GHz  windows 35540  with tone 112  worst SNR -51.3 dB | ch1  -63.64 (max dev 0.03)  ch2  -18.23 (max dev 0.03)  ch3  -99.08 (max dev 0.03)
[meter] 18:35:26 5.8000 GHz  windows 35896  with tone 112  worst SNR -41.0 dB | ch1  -44.68 (max dev 44.67)  ch2 +141.78 (max dev 141.76)  ch3  +31.93 (max dev 31.91)
[meter] 18:35:26 5.2000 GHz  windows 35540  with tone 112  worst SNR -51.3 dB | ch1  -63.64 (max dev 0.03)  ch2  -18.23 (max dev 0.03)  ch3  -99.08 (max dev 0.03)
[meter] 18:35:26 2.4000 GHz  windows 34379  with tone 34075  worst SNR -32.4 dB | tone +193061.5 Hz 10000 samples | ch1   +0.13 (max dev 0.05)  ch2   +0.50 (max dev 0.05)  ch3   +0.49 (max dev 0.05)
[meter] 18:35:31 5.2000 GHz  windows 35540  with tone 112  worst SNR -51.3 dB | ch1  -63.64 (max dev 0.03)  ch2  -18.23 (max dev 0.03)  ch3  -99.08 (max dev 0.03)
[meter] 18:35:31 5.8000 GHz  windows 35896  with tone 112  worst SNR -41.0 dB | ch1  -44.68 (max dev 44.67)  ch2 +141.78 (max dev 141.76)  ch3  +31.93 (max dev 31.91)
[meter] 18:35:31 2.4000 GHz  windows 34379  with tone 34075  worst SNR -32.4 dB | tone +193061.5 Hz 10000 samples | ch1   +0.13 (max dev 0.05)  ch2   +0.50 (max dev 0.05)  ch3   +0.49 (max dev 0.05)
[meter] 18:35:36 5.8000 GHz  windows 35896  with tone 112  worst SNR -41.0 dB | ch1  -44.68 (max dev 44.67)  ch2 +141.78 (max dev 141.76)  ch3  +31.93 (max dev 31.91)
[meter] 18:35:36 5.2000 GHz  windows 35540  with tone 112  worst SNR -51.3 dB | ch1  -63.64 (max dev 0.03)  ch2  -18.23 (max dev 0.03)  ch3  -99.08 (max dev 0.03)
[meter] 18:35:36 2.4000 GHz  windows 34379  with tone 34075  worst SNR -32.4 dB | tone +193061.5 Hz 10000 samples | ch1   +0.13 (max dev 0.05)  ch2   +0.50 (max dev 0.05)  ch3   +0.49 (max dev 0.05)
[meter] 18:35:41 5.8000 GHz  windows 35896  with tone 112  worst SNR -41.0 dB | ch1  -44.68 (max dev 44.67)  ch2 +141.78 (max dev 141.76)  ch3  +31.93 (max dev 31.91)
[meter] 18:35:41 5.2000 GHz  windows 35540  with tone 112  worst SNR -51.3 dB | ch1  -63.64 (max dev 0.03)  ch2  -18.23 (max dev 0.03)  ch3  -99.08 (max dev 0.03)
[meter] 18:35:41 2.4000 GHz  windows 34379  with tone 34075  worst SNR -32.4 dB | tone +193061.5 Hz 10000 samples | ch1   +0.13 (max dev 0.05)  ch2   +0.50 (max dev 0.05)  ch3   +0.49 (max dev 0.05)
[meter] 18:35:46 5.8000 GHz  windows 35896  with tone 112  worst SNR -41.0 dB | ch1  -44.68 (max dev 44.67)  ch2 +141.78 (max dev 141.76)  ch3  +31.93 (max dev 31.91)
[meter] 18:35:46 5.2000 GHz  windows 35540  with tone 112  worst SNR -51.3 dB | ch1  -63.64 (max dev 0.03)  ch2  -18.23 (max dev 0.03)  ch3  -99.08 (max dev 0.03)
[meter] 18:35:46 2.4000 GHz  windows 34379  with tone 34075  worst SNR -32.4 dB | tone +193061.5 Hz 10000 samples | ch1   +0.13 (max dev 0.05)  ch2   +0.50 (max dev 0.05)  ch3   +0.49 (max dev 0.05)
[meter] 18:35:51 5.2000 GHz  windows 35540  with tone 112  worst SNR -51.3 dB | ch1  -63.64 (max dev 0.03)  ch2  -18.23 (max dev 0.03)  ch3  -99.08 (max dev 0.03)
[meter] 18:35:51 5.8000 GHz  windows 35896  with tone 112  worst SNR -41.0 dB | ch1  -44.68 (max dev 44.67)  ch2 +141.78 (max dev 141.76)  ch3  +31.93 (max dev 31.91)
[meter] 18:35:51 2.4000 GHz  windows 34379  with tone 34075  worst SNR -32.4 dB | tone +193061.5 Hz 10000 samples | ch1   +0.13 (max dev 0.05)  ch2   +0.50 (max dev 0.05)  ch3   +0.49 (max dev 0.05)
[meter] 18:35:56 5.8000 GHz  windows 35896  with tone 112  worst SNR -41.0 dB | ch1  -44.68 (max dev 44.67)  ch2 +141.78 (max dev 141.76)  ch3  +31.93 (max dev 31.91)
[meter] 18:35:56 5.2000 GHz  windows 35540  with tone 112  worst SNR -51.3 dB | ch1  -63.64 (max dev 0.03)  ch2  -18.23 (max dev 0.03)  ch3  -99.08 (max dev 0.03)
[meter] 18:35:56 2.4000 GHz  windows 34379  with tone 34075  worst SNR -32.4 dB | tone +193061.5 Hz 10000 samples | ch1   +0.13 (max dev 0.05)  ch2   +0.50 (max dev 0.05)  ch3   +0.49 (max dev 0.05)
[meter] 18:36:01 2.4000 GHz  windows 34379  with tone 34075  worst SNR -32.4 dB | tone +193061.5 Hz 10000 samples | ch1   +0.13 (max dev 0.05)  ch2   +0.50 (max dev 0.05)  ch3   +0.49 (max dev 0.05)
[meter] 18:36:01 5.8000 GHz  windows 35896  with tone 112  worst SNR -41.0 dB | ch1  -44.68 (max dev 44.67)  ch2 +141.78 (max dev 141.76)  ch3  +31.93 (max dev 31.91)
[meter] 18:36:01 5.2000 GHz  windows 35540  with tone 112  worst SNR -51.3 dB | ch1  -63.64 (max dev 0.03)  ch2  -18.23 (max dev 0.03)  ch3  -99.08 (max dev 0.03)
[meter] 18:36:06 5.2000 GHz  windows 35540  with tone 112  worst SNR -51.3 dB | ch1  -63.64 (max dev 0.03)  ch2  -18.23 (max dev 0.03)  ch3  -99.08 (max dev 0.03)
[meter] 18:36:06 5.8000 GHz  windows 35896  with tone 112  worst SNR -41.0 dB | ch1  -44.68 (max dev 44.67)  ch2 +141.78 (max dev 141.76)  ch3  +31.93 (max dev 31.91)
[meter] 18:36:06 2.4000 GHz  windows 34379  with tone 34075  worst SNR -32.4 dB | tone +193061.5 Hz 10000 samples | ch1   +0.13 (max dev 0.05)  ch2   +0.50 (max dev 0.05)  ch3   +0.49 (max dev 0.05)
[meter] 18:36:11 5.8000 GHz  windows 35896  with tone 112  worst SNR -41.0 dB | ch1  -44.68 (max dev 44.67)  ch2 +141.78 (max dev 141.76)  ch3  +31.93 (max dev 31.91)
[meter] 18:36:11 5.2000 GHz  windows 35540  with tone 112  worst SNR -51.3 dB | ch1  -63.64 (max dev 0.03)  ch2  -18.23 (max dev 0.03)  ch3  -99.08 (max dev 0.03)
[meter] 18:36:11 2.4000 GHz  windows 34379  with tone 34075  worst SNR -32.4 dB | tone +193061.5 Hz 10000 samples | ch1   +0.13 (max dev 0.05)  ch2   +0.50 (max dev 0.05)  ch3   +0.49 (max dev 0.05)
[meter] 18:36:16 5.2000 GHz  windows 35540  with tone 112  worst SNR -51.3 dB | ch1  -63.64 (max dev 0.03)  ch2  -18.23 (max dev 0.03)  ch3  -99.08 (max dev 0.03)
[meter] 18:36:16 5.8000 GHz  windows 35896  with tone 112  worst SNR -41.0 dB | ch1  -44.68 (max dev 44.67)  ch2 +141.78 (max dev 141.76)  ch3  +31.93 (max dev 31.91)
[meter] 18:36:16 2.4000 GHz  windows 34379  with tone 34075  worst SNR -32.4 dB | tone +193061.5 Hz 10000 samples | ch1   +0.13 (max dev 0.05)  ch2   +0.50 (max dev 0.05)  ch3   +0.49 (max dev 0.05)
[meter] 18:36:21 5.2000 GHz  windows 35540  with tone 112  worst SNR -51.3 dB | ch1  -63.64 (max dev 0.03)  ch2  -18.23 (max dev 0.03)  ch3  -99.08 (max dev 0.03)
[meter] 18:36:21 5.8000 GHz  windows 35896  with tone 112  worst SNR -41.0 dB | ch1  -44.68 (max dev 44.67)  ch2 +141.78 (max dev 141.76)  ch3  +31.93 (max dev 31.91)
[meter] 18:36:21 2.4000 GHz  windows 34379  with tone 34075  worst SNR -32.4 dB | tone +193061.5 Hz 10000 samples | ch1   +0.13 (max dev 0.05)  ch2   +0.50 (max dev 0.05)  ch3   +0.49 (max dev 0.05)
[meter] 18:36:26 5.8000 GHz  windows 35896  with tone 112  worst SNR -41.0 dB | ch1  -44.68 (max dev 44.67)  ch2 +141.78 (max dev 141.76)  ch3  +31.93 (max dev 31.91)
[meter] 18:36:27 5.2000 GHz  windows 35540  with tone 112  worst SNR -51.3 dB | ch1  -63.64 (max dev 0.03)  ch2  -18.23 (max dev 0.03)  ch3  -99.08 (max dev 0.03)
[meter] 18:36:27 2.4000 GHz  windows 34379  with tone 34075  worst SNR -32.4 dB | tone +193061.5 Hz 10000 samples | ch1   +0.13 (max dev 0.05)  ch2   +0.50 (max dev 0.05)  ch3   +0.49 (max dev 0.05)
[meter] 18:36:31 5.8000 GHz  windows 35896  with tone 112  worst SNR -41.0 dB | ch1  -44.68 (max dev 44.67)  ch2 +141.78 (max dev 141.76)  ch3  +31.93 (max dev 31.91)
[meter] 18:36:32 5.2000 GHz  windows 35540  with tone 112  worst SNR -51.3 dB | ch1  -63.64 (max dev 0.03)  ch2  -18.23 (max dev 0.03)  ch3  -99.08 (max dev 0.03)
[meter] 18:36:32 2.4000 GHz  windows 34379  with tone 34075  worst SNR -32.4 dB | tone +193061.5 Hz 10000 samples | ch1   +0.13 (max dev 0.05)  ch2   +0.50 (max dev 0.05)  ch3   +0.49 (max dev 0.05)
[meter] 18:36:36 5.8000 GHz  windows 35896  with tone 112  worst SNR -41.0 dB | ch1  -44.68 (max dev 44.67)  ch2 +141.78 (max dev 141.76)  ch3  +31.93 (max dev 31.91)
[meter] 18:36:37 5.2000 GHz  windows 35540  with tone 112  worst SNR -51.3 dB | ch1  -63.64 (max dev 0.03)  ch2  -18.23 (max dev 0.03)  ch3  -99.08 (max dev 0.03)
[meter] 18:36:37 2.4000 GHz  windows 34379  with tone 34075  worst SNR -32.4 dB | tone +193061.5 Hz 10000 samples | ch1   +0.13 (max dev 0.05)  ch2   +0.50 (max dev 0.05)  ch3   +0.49 (max dev 0.05)
[meter] 18:36:42 5.8000 GHz  windows 35896  with tone 112  worst SNR -41.0 dB | ch1  -44.68 (max dev 44.67)  ch2 +141.78 (max dev 141.76)  ch3  +31.93 (max dev 31.91)
[meter] 18:36:42 5.2000 GHz  windows 35540  with tone 112  worst SNR -51.3 dB | ch1  -63.64 (max dev 0.03)  ch2  -18.23 (max dev 0.03)  ch3  -99.08 (max dev 0.03)
[meter] 18:36:42 2.4000 GHz  windows 34379  with tone 34075  worst SNR -32.4 dB | tone +193061.5 Hz 10000 samples | ch1   +0.13 (max dev 0.05)  ch2   +0.50 (max dev 0.05)  ch3   +0.49 (max dev 0.05)
[meter] 18:36:47 5.8000 GHz  windows 35896  with tone 112  worst SNR -41.0 dB | ch1  -44.68 (max dev 44.67)  ch2 +141.78 (max dev 141.76)  ch3  +31.93 (max dev 31.91)
[meter] 18:36:47 5.2000 GHz  windows 35540  with tone 112  worst SNR -51.3 dB | ch1  -63.64 (max dev 0.03)  ch2  -18.23 (max dev 0.03)  ch3  -99.08 (max dev 0.03)
[meter] 18:36:47 2.4000 GHz  windows 34379  with tone 34075  worst SNR -32.4 dB | tone +193061.5 Hz 10000 samples | ch1   +0.13 (max dev 0.05)  ch2   +0.50 (max dev 0.05)  ch3   +0.49 (max dev 0.05)
[meter] 18:36:52 5.8000 GHz  windows 35896  with tone 112  worst SNR -41.0 dB | ch1  -44.68 (max dev 44.67)  ch2 +141.78 (max dev 141.76)  ch3  +31.93 (max dev 31.91)
[meter] 18:36:52 5.2000 GHz  windows 35540  with tone 112  worst SNR -51.3 dB | ch1  -63.64 (max dev 0.03)  ch2  -18.23 (max dev 0.03)  ch3  -99.08 (max dev 0.03)
[meter] 18:36:52 2.4000 GHz  windows 34379  with tone 34075  worst SNR -32.4 dB | tone +193061.5 Hz 10000 samples | ch1   +0.13 (max dev 0.05)  ch2   +0.50 (max dev 0.05)  ch3   +0.49 (max dev 0.05)
[meter] 18:36:57 5.8000 GHz  windows 35896  with tone 112  worst SNR -41.0 dB | ch1  -44.68 (max dev 44.67)  ch2 +141.78 (max dev 141.76)  ch3  +31.93 (max dev 31.91)
[meter] 18:36:57 5.2000 GHz  windows 35540  with tone 112  worst SNR -51.3 dB | ch1  -63.64 (max dev 0.03)  ch2  -18.23 (max dev 0.03)  ch3  -99.08 (max dev 0.03)
[meter] 18:36:57 2.4000 GHz  windows 34379  with tone 34075  worst SNR -32.4 dB | tone +193061.5 Hz 10000 samples | ch1   +0.13 (max dev 0.05)  ch2   +0.50 (max dev 0.05)  ch3   +0.49 (max dev 0.05)
[meter] 18:37:02 5.8000 GHz  windows 35896  with tone 112  worst SNR -41.0 dB | ch1  -44.68 (max dev 44.67)  ch2 +141.78 (max dev 141.76)  ch3  +31.93 (max dev 31.91)
[meter] 18:37:02 5.2000 GHz  windows 35540  with tone 112  worst SNR -51.3 dB | ch1  -63.64 (max dev 0.03)  ch2  -18.23 (max dev 0.03)  ch3  -99.08 (max dev 0.03)
[meter] 18:37:02 2.4000 GHz  windows 34379  with tone 34075  worst SNR -32.4 dB | tone +193061.5 Hz 10000 samples | ch1   +0.13 (max dev 0.05)  ch2   +0.50 (max dev 0.05)  ch3   +0.49 (max dev 0.05)
[meter] 18:37:07 5.8000 GHz  windows 35896  with tone 112  worst SNR -41.0 dB | ch1  -44.68 (max dev 44.67)  ch2 +141.78 (max dev 141.76)  ch3  +31.93 (max dev 31.91)
[meter] 18:37:07 5.2000 GHz  windows 35540  with tone 112  worst SNR -51.3 dB | ch1  -63.64 (max dev 0.03)  ch2  -18.23 (max dev 0.03)  ch3  -99.08 (max dev 0.03)
[meter] 18:37:07 2.4000 GHz  windows 34379  with tone 34075  worst SNR -32.4 dB | tone +193061.5 Hz 10000 samples | ch1   +0.13 (max dev 0.05)  ch2   +0.50 (max dev 0.05)  ch3   +0.49 (max dev 0.05)
[meter] 18:37:12 5.8000 GHz  windows 35896  with tone 112  worst SNR -41.0 dB | ch1  -44.68 (max dev 44.67)  ch2 +141.78 (max dev 141.76)  ch3  +31.93 (max dev 31.91)
[meter] 18:37:12 5.2000 GHz  windows 35540  with tone 112  worst SNR -51.3 dB | ch1  -63.64 (max dev 0.03)  ch2  -18.23 (max dev 0.03)  ch3  -99.08 (max dev 0.03)
[meter] 18:37:12 2.4000 GHz  windows 34379  with tone 34075  worst SNR -32.4 dB | tone +193061.5 Hz 10000 samples | ch1   +0.13 (max dev 0.05)  ch2   +0.50 (max dev 0.05)  ch3   +0.49 (max dev 0.05)
[meter] 18:37:17 5.2000 GHz  windows 35540  with tone 112  worst SNR -51.3 dB | ch1  -63.64 (max dev 0.03)  ch2  -18.23 (max dev 0.03)  ch3  -99.08 (max dev 0.03)
[meter] 18:37:17 5.8000 GHz  windows 35896  with tone 112  worst SNR -41.0 dB | ch1  -44.68 (max dev 44.67)  ch2 +141.78 (max dev 141.76)  ch3  +31.93 (max dev 31.91)
[meter] 18:37:17 2.4000 GHz  windows 34379  with tone 34075  worst SNR -32.4 dB | tone +193061.5 Hz 10000 samples | ch1   +0.13 (max dev 0.05)  ch2   +0.50 (max dev 0.05)  ch3   +0.49 (max dev 0.05)
[meter] 18:37:22 5.8000 GHz  windows 35896  with tone 112  worst SNR -41.0 dB | ch1  -44.68 (max dev 44.67)  ch2 +141.78 (max dev 141.76)  ch3  +31.93 (max dev 31.91)
[meter] 18:37:22 2.4000 GHz  windows 34379  with tone 34075  worst SNR -32.4 dB | tone +193061.5 Hz 10000 samples | ch1   +0.13 (max dev 0.05)  ch2   +0.50 (max dev 0.05)  ch3   +0.49 (max dev 0.05)
[meter] 18:37:22 5.2000 GHz  windows 35540  with tone 112  worst SNR -51.3 dB | ch1  -63.64 (max dev 0.03)  ch2  -18.23 (max dev 0.03)  ch3  -99.08 (max dev 0.03)
[meter] 18:37:28 5.2000 GHz  windows 35540  with tone 112  worst SNR -51.3 dB | ch1  -63.64 (max dev 0.03)  ch2  -18.23 (max dev 0.03)  ch3  -99.08 (max dev 0.03)
[meter] 18:37:28 5.8000 GHz  windows 35896  with tone 112  worst SNR -41.0 dB | ch1  -44.68 (max dev 44.67)  ch2 +141.78 (max dev 141.76)  ch3  +31.93 (max dev 31.91)
[meter] 18:37:28 2.4000 GHz  windows 34379  with tone 34075  worst SNR -32.4 dB | tone +193061.5 Hz 10000 samples | ch1   +0.13 (max dev 0.05)  ch2   +0.50 (max dev 0.05)  ch3   +0.49 (max dev 0.05)
[meter] 18:37:33 5.2000 GHz  windows 35540  with tone 112  worst SNR -51.3 dB | ch1  -63.64 (max dev 0.03)  ch2  -18.23 (max dev 0.03)  ch3  -99.08 (max dev 0.03)
[meter] 18:37:33 5.8000 GHz  windows 35896  with tone 112  worst SNR -41.0 dB | ch1  -44.68 (max dev 44.67)  ch2 +141.78 (max dev 141.76)  ch3  +31.93 (max dev 31.91)
[meter] 18:37:33 2.4000 GHz  windows 34379  with tone 34075  worst SNR -32.4 dB | tone +193061.5 Hz 10000 samples | ch1   +0.13 (max dev 0.05)  ch2   +0.50 (max dev 0.05)  ch3   +0.49 (max dev 0.05)
[meter] 18:37:38 5.8000 GHz  windows 35896  with tone 112  worst SNR -41.0 dB | ch1  -44.68 (max dev 44.67)  ch2 +141.78 (max dev 141.76)  ch3  +31.93 (max dev 31.91)
[meter] 18:37:38 5.2000 GHz  windows 35540  with tone 112  worst SNR -51.3 dB | ch1  -63.64 (max dev 0.03)  ch2  -18.23 (max dev 0.03)  ch3  -99.08 (max dev 0.03)
[meter] 18:37:38 2.4000 GHz  windows 34379  with tone 34075  worst SNR -32.4 dB | tone +193061.5 Hz 10000 samples | ch1   +0.13 (max dev 0.05)  ch2   +0.50 (max dev 0.05)  ch3   +0.49 (max dev 0.05)
[meter] 18:37:43 5.8000 GHz  windows 35896  with tone 112  worst SNR -41.0 dB | ch1  -44.68 (max dev 44.67)  ch2 +141.78 (max dev 141.76)  ch3  +31.93 (max dev 31.91)
[meter] 18:37:43 5.2000 GHz  windows 35540  with tone 112  worst SNR -51.3 dB | ch1  -63.64 (max dev 0.03)  ch2  -18.23 (max dev 0.03)  ch3  -99.08 (max dev 0.03)
[meter] 18:37:43 2.4000 GHz  windows 34379  with tone 34075  worst SNR -32.4 dB | tone +193061.5 Hz 10000 samples | ch1   +0.13 (max dev 0.05)  ch2   +0.50 (max dev 0.05)  ch3   +0.49 (max dev 0.05)
[meter] 18:37:48 5.8000 GHz  windows 35896  with tone 112  worst SNR -41.0 dB | ch1  -44.68 (max dev 44.67)  ch2 +141.78 (max dev 141.76)  ch3  +31.93 (max dev 31.91)
[meter] 18:37:48 5.2000 GHz  windows 35540  with tone 112  worst SNR -51.3 dB | ch1  -63.64 (max dev 0.03)  ch2  -18.23 (max dev 0.03)  ch3  -99.08 (max dev 0.03)
[meter] 18:37:48 2.4000 GHz  windows 34379  with tone 34075  worst SNR -32.4 dB | tone +193061.5 Hz 10000 samples | ch1   +0.13 (max dev 0.05)  ch2   +0.50 (max dev 0.05)  ch3   +0.49 (max dev 0.05)
[meter] 18:37:53 5.8000 GHz  windows 35896  with tone 112  worst SNR -41.0 dB | ch1  -44.68 (max dev 44.67)  ch2 +141.78 (max dev 141.76)  ch3  +31.93 (max dev 31.91)
[meter] 18:37:53 5.2000 GHz  windows 35540  with tone 112  worst SNR -51.3 dB | ch1  -63.64 (max dev 0.03)  ch2  -18.23 (max dev 0.03)  ch3  -99.08 (max dev 0.03)
[meter] 18:37:53 2.4000 GHz  windows 34379  with tone 34075  worst SNR -32.4 dB | tone +193061.5 Hz 10000 samples | ch1   +0.13 (max dev 0.05)  ch2   +0.50 (max dev 0.05)  ch3   +0.49 (max dev 0.05)
[meter] 18:37:58 5.8000 GHz  windows 35896  with tone 112  worst SNR -41.0 dB | ch1  -44.68 (max dev 44.67)  ch2 +141.78 (max dev 141.76)  ch3  +31.93 (max dev 31.91)
[meter] 18:37:58 5.2000 GHz  windows 35540  with tone 112  worst SNR -51.3 dB | ch1  -63.64 (max dev 0.03)  ch2  -18.23 (max dev 0.03)  ch3  -99.08 (max dev 0.03)
[meter] 18:37:58 2.4000 GHz  windows 34379  with tone 34075  worst SNR -32.4 dB | tone +193061.5 Hz 10000 samples | ch1   +0.13 (max dev 0.05)  ch2   +0.50 (max dev 0.05)  ch3   +0.49 (max dev 0.05)
[meter] 18:38:03 5.8000 GHz  windows 35896  with tone 112  worst SNR -41.0 dB | ch1  -44.68 (max dev 44.67)  ch2 +141.78 (max dev 141.76)  ch3  +31.93 (max dev 31.91)
[meter] 18:38:03 5.2000 GHz  windows 35540  with tone 112  worst SNR -51.3 dB | ch1  -63.64 (max dev 0.03)  ch2  -18.23 (max dev 0.03)  ch3  -99.08 (max dev 0.03)
[meter] 18:38:03 2.4000 GHz  windows 34379  with tone 34075  worst SNR -32.4 dB | tone +193061.5 Hz 10000 samples | ch1   +0.13 (max dev 0.05)  ch2   +0.50 (max dev 0.05)  ch3   +0.49 (max dev 0.05)
[meter] 18:38:08 5.8000 GHz  windows 35896  with tone 112  worst SNR -41.0 dB | ch1  -44.68 (max dev 44.67)  ch2 +141.78 (max dev 141.76)  ch3  +31.93 (max dev 31.91)
[meter] 18:38:08 2.4000 GHz  windows 34379  with tone 34075  worst SNR -32.4 dB | tone +193061.5 Hz 10000 samples | ch1   +0.13 (max dev 0.05)  ch2   +0.50 (max dev 0.05)  ch3   +0.49 (max dev 0.05)
[meter] 18:38:08 5.2000 GHz  windows 35540  with tone 112  worst SNR -51.3 dB | ch1  -63.64 (max dev 0.03)  ch2  -18.23 (max dev 0.03)  ch3  -99.08 (max dev 0.03)
[meter] 18:38:13 5.8000 GHz  windows 35896  with tone 112  worst SNR -41.0 dB | ch1  -44.68 (max dev 44.67)  ch2 +141.78 (max dev 141.76)  ch3  +31.93 (max dev 31.91)
[meter] 18:38:13 5.2000 GHz  windows 35540  with tone 112  worst SNR -51.3 dB | ch1  -63.64 (max dev 0.03)  ch2  -18.23 (max dev 0.03)  ch3  -99.08 (max dev 0.03)
[meter] 18:38:13 2.4000 GHz  windows 34379  with tone 34075  worst SNR -32.4 dB | tone +193061.5 Hz 10000 samples | ch1   +0.13 (max dev 0.05)  ch2   +0.50 (max dev 0.05)  ch3   +0.49 (max dev 0.05)
[meter] 18:38:18 5.8000 GHz  windows 35896  with tone 112  worst SNR -41.0 dB | ch1  -44.68 (max dev 44.67)  ch2 +141.78 (max dev 141.76)  ch3  +31.93 (max dev 31.91)
[meter] 18:38:18 5.2000 GHz  windows 35540  with tone 112  worst SNR -51.3 dB | ch1  -63.64 (max dev 0.03)  ch2  -18.23 (max dev 0.03)  ch3  -99.08 (max dev 0.03)
[meter] 18:38:18 2.4000 GHz  windows 34379  with tone 34075  worst SNR -32.4 dB | tone +193061.5 Hz 10000 samples | ch1   +0.13 (max dev 0.05)  ch2   +0.50 (max dev 0.05)  ch3   +0.49 (max dev 0.05)
[meter] 18:38:23 5.8000 GHz  windows 35896  with tone 112  worst SNR -41.0 dB | ch1  -44.68 (max dev 44.67)  ch2 +141.78 (max dev 141.76)  ch3  +31.93 (max dev 31.91)
[meter] 18:38:23 5.2000 GHz  windows 35540  with tone 112  worst SNR -51.3 dB | ch1  -63.64 (max dev 0.03)  ch2  -18.23 (max dev 0.03)  ch3  -99.08 (max dev 0.03)
[meter] 18:38:23 2.4000 GHz  windows 34379  with tone 34075  worst SNR -32.4 dB | tone +193061.5 Hz 10000 samples | ch1   +0.13 (max dev 0.05)  ch2   +0.50 (max dev 0.05)  ch3   +0.49 (max dev 0.05)
[meter] 18:38:28 2.4000 GHz  windows 34379  with tone 34075  worst SNR -32.4 dB | tone +193061.5 Hz 10000 samples | ch1   +0.13 (max dev 0.05)  ch2   +0.50 (max dev 0.05)  ch3   +0.49 (max dev 0.05)
[meter] 18:38:28 5.8000 GHz  windows 35896  with tone 112  worst SNR -41.0 dB | ch1  -44.68 (max dev 44.67)  ch2 +141.78 (max dev 141.76)  ch3  +31.93 (max dev 31.91)
[meter] 18:38:28 5.2000 GHz  windows 35540  with tone 112  worst SNR -51.3 dB | ch1  -63.64 (max dev 0.03)  ch2  -18.23 (max dev 0.03)  ch3  -99.08 (max dev 0.03)
[meter] 18:38:33 5.2000 GHz  windows 35540  with tone 112  worst SNR -51.3 dB | ch1  -63.64 (max dev 0.03)  ch2  -18.23 (max dev 0.03)  ch3  -99.08 (max dev 0.03)
[meter] 18:38:33 5.8000 GHz  windows 35896  with tone 112  worst SNR -41.0 dB | ch1  -44.68 (max dev 44.67)  ch2 +141.78 (max dev 141.76)  ch3  +31.93 (max dev 31.91)
[meter] 18:38:33 2.4000 GHz  windows 34379  with tone 34075  worst SNR -32.4 dB | tone +193061.5 Hz 10000 samples | ch1   +0.13 (max dev 0.05)  ch2   +0.50 (max dev 0.05)  ch3   +0.49 (max dev 0.05)
[meter] 18:38:38 5.8000 GHz  windows 35896  with tone 112  worst SNR -41.0 dB | ch1  -44.68 (max dev 44.67)  ch2 +141.78 (max dev 141.76)  ch3  +31.93 (max dev 31.91)
[meter] 18:38:38 5.2000 GHz  windows 35540  with tone 112  worst SNR -51.3 dB | ch1  -63.64 (max dev 0.03)  ch2  -18.23 (max dev 0.03)  ch3  -99.08 (max dev 0.03)
[meter] 18:38:38 2.4000 GHz  windows 34379  with tone 34075  worst SNR -32.4 dB | tone +193061.5 Hz 10000 samples | ch1   +0.13 (max dev 0.05)  ch2   +0.50 (max dev 0.05)  ch3   +0.49 (max dev 0.05)
[meter] 18:38:43 5.2000 GHz  windows 35540  with tone 112  worst SNR -51.3 dB | ch1  -63.64 (max dev 0.03)  ch2  -18.23 (max dev 0.03)  ch3  -99.08 (max dev 0.03)
[meter] 18:38:43 5.8000 GHz  windows 35896  with tone 112  worst SNR -41.0 dB | ch1  -44.68 (max dev 44.67)  ch2 +141.78 (max dev 141.76)  ch3  +31.93 (max dev 31.91)
[meter] 18:38:43 2.4000 GHz  windows 34379  with tone 34075  worst SNR -32.4 dB | tone +193061.5 Hz 10000 samples | ch1   +0.13 (max dev 0.05)  ch2   +0.50 (max dev 0.05)  ch3   +0.49 (max dev 0.05)
[meter] 18:38:48 5.2000 GHz  windows 35540  with tone 112  worst SNR -51.3 dB | ch1  -63.64 (max dev 0.03)  ch2  -18.23 (max dev 0.03)  ch3  -99.08 (max dev 0.03)
[meter] 18:38:48 5.8000 GHz  windows 35896  with tone 112  worst SNR -41.0 dB | ch1  -44.68 (max dev 44.67)  ch2 +141.78 (max dev 141.76)  ch3  +31.93 (max dev 31.91)
[meter] 18:38:48 2.4000 GHz  windows 34379  with tone 34075  worst SNR -32.4 dB | tone +193061.5 Hz 10000 samples | ch1   +0.13 (max dev 0.05)  ch2   +0.50 (max dev 0.05)  ch3   +0.49 (max dev 0.05)
[meter] 18:38:53 5.2000 GHz  windows 35540  with tone 112  worst SNR -51.3 dB | ch1  -63.64 (max dev 0.03)  ch2  -18.23 (max dev 0.03)  ch3  -99.08 (max dev 0.03)
[meter] 18:38:53 5.8000 GHz  windows 35896  with tone 112  worst SNR -41.0 dB | ch1  -44.68 (max dev 44.67)  ch2 +141.78 (max dev 141.76)  ch3  +31.93 (max dev 31.91)
[meter] 18:38:53 2.4000 GHz  windows 34379  with tone 34075  worst SNR -32.4 dB | tone +193061.5 Hz 10000 samples | ch1   +0.13 (max dev 0.05)  ch2   +0.50 (max dev 0.05)  ch3   +0.49 (max dev 0.05)
[meter] 18:38:58 5.8000 GHz  windows 35896  with tone 112  worst SNR -41.0 dB | ch1  -44.68 (max dev 44.67)  ch2 +141.78 (max dev 141.76)  ch3  +31.93 (max dev 31.91)
[meter] 18:38:58 5.2000 GHz  windows 35540  with tone 112  worst SNR -51.3 dB | ch1  -63.64 (max dev 0.03)  ch2  -18.23 (max dev 0.03)  ch3  -99.08 (max dev 0.03)
[meter] 18:38:58 2.4000 GHz  windows 34379  with tone 34075  worst SNR -32.4 dB | tone +193061.5 Hz 10000 samples | ch1   +0.13 (max dev 0.05)  ch2   +0.50 (max dev 0.05)  ch3   +0.49 (max dev 0.05)
[meter] 18:39:03 5.8000 GHz  windows 35896  with tone 112  worst SNR -41.0 dB | ch1  -44.68 (max dev 44.67)  ch2 +141.78 (max dev 141.76)  ch3  +31.93 (max dev 31.91)
[meter] 18:39:03 5.2000 GHz  windows 35540  with tone 112  worst SNR -51.3 dB | ch1  -63.64 (max dev 0.03)  ch2  -18.23 (max dev 0.03)  ch3  -99.08 (max dev 0.03)
[meter] 18:39:03 2.4000 GHz  windows 34379  with tone 34075  worst SNR -32.4 dB | tone +193061.5 Hz 10000 samples | ch1   +0.13 (max dev 0.05)  ch2   +0.50 (max dev 0.05)  ch3   +0.49 (max dev 0.05)
[meter] 18:39:08 5.8000 GHz  windows 35896  with tone 112  worst SNR -41.0 dB | ch1  -44.68 (max dev 44.67)  ch2 +141.78 (max dev 141.76)  ch3  +31.93 (max dev 31.91)
[meter] 18:39:08 5.2000 GHz  windows 35540  with tone 112  worst SNR -51.3 dB | ch1  -63.64 (max dev 0.03)  ch2  -18.23 (max dev 0.03)  ch3  -99.08 (max dev 0.03)
[meter] 18:39:08 2.4000 GHz  windows 34379  with tone 34075  worst SNR -32.4 dB | tone +193061.5 Hz 10000 samples | ch1   +0.13 (max dev 0.05)  ch2   +0.50 (max dev 0.05)  ch3   +0.49 (max dev 0.05)
[meter] 18:39:13 5.2000 GHz  windows 35540  with tone 112  worst SNR -51.3 dB | ch1  -63.64 (max dev 0.03)  ch2  -18.23 (max dev 0.03)  ch3  -99.08 (max dev 0.03)
[meter] 18:39:13 5.8000 GHz  windows 35896  with tone 112  worst SNR -41.0 dB | ch1  -44.68 (max dev 44.67)  ch2 +141.78 (max dev 141.76)  ch3  +31.93 (max dev 31.91)
[meter] 18:39:13 2.4000 GHz  windows 34379  with tone 34075  worst SNR -32.4 dB | tone +193061.5 Hz 10000 samples | ch1   +0.13 (max dev 0.05)  ch2   +0.50 (max dev 0.05)  ch3   +0.49 (max dev 0.05)
[meter] 18:39:18 5.2000 GHz  windows 35540  with tone 112  worst SNR -51.3 dB | ch1  -63.64 (max dev 0.03)  ch2  -18.23 (max dev 0.03)  ch3  -99.08 (max dev 0.03)[meter] 18:39:18 5.8000 GHz  windows 35896  with tone 112  worst SNR -41.0 dB | ch1  -44.68 (max dev 44.67)  ch2 +141.78 (max dev 141.76)  ch3  +31.93 (max dev 31.91)

[meter] 18:39:18 2.4000 GHz  windows 34379  with tone 34075  worst SNR -32.4 dB | tone +193061.5 Hz 10000 samples | ch1   +0.13 (max dev 0.05)  ch2   +0.50 (max dev 0.05)  ch3   +0.49 (max dev 0.05)
[meter] 18:39:24 5.8000 GHz  windows 35896  with tone 112  worst SNR -41.0 dB | ch1  -44.68 (max dev 44.67)  ch2 +141.78 (max dev 141.76)  ch3  +31.93 (max dev 31.91)
[meter] 18:39:24 5.2000 GHz  windows 35540  with tone 112  worst SNR -51.3 dB | ch1  -63.64 (max dev 0.03)  ch2  -18.23 (max dev 0.03)  ch3  -99.08 (max dev 0.03)
[meter] 18:39:24 2.4000 GHz  windows 34379  with tone 34075  worst SNR -32.4 dB | tone +193061.5 Hz 10000 samples | ch1   +0.13 (max dev 0.05)  ch2   +0.50 (max dev 0.05)  ch3   +0.49 (max dev 0.05)
[meter] 18:39:29 5.2000 GHz  windows 35540  with tone 112  worst SNR -51.3 dB | ch1  -63.64 (max dev 0.03)  ch2  -18.23 (max dev 0.03)  ch3  -99.08 (max dev 0.03)
[meter] 18:39:29 5.8000 GHz  windows 35896  with tone 112  worst SNR -41.0 dB | ch1  -44.68 (max dev 44.67)  ch2 +141.78 (max dev 141.76)  ch3  +31.93 (max dev 31.91)
[meter] 18:39:29 2.4000 GHz  windows 34379  with tone 34075  worst SNR -32.4 dB | tone +193061.5 Hz 10000 samples | ch1   +0.13 (max dev 0.05)  ch2   +0.50 (max dev 0.05)  ch3   +0.49 (max dev 0.05)
[meter] 18:39:34 5.2000 GHz  windows 35540  with tone 112  worst SNR -51.3 dB | ch1  -63.64 (max dev 0.03)  ch2  -18.23 (max dev 0.03)  ch3  -99.08 (max dev 0.03)
[meter] 18:39:34 5.8000 GHz  windows 35896  with tone 112  worst SNR -41.0 dB | ch1  -44.68 (max dev 44.67)  ch2 +141.78 (max dev 141.76)  ch3  +31.93 (max dev 31.91)
[meter] 18:39:34 2.4000 GHz  windows 34379  with tone 34075  worst SNR -32.4 dB | tone +193061.5 Hz 10000 samples | ch1   +0.13 (max dev 0.05)  ch2   +0.50 (max dev 0.05)  ch3   +0.49 (max dev 0.05)
[meter] 18:39:39 5.2000 GHz  windows 35540  with tone 112  worst SNR -51.3 dB | ch1  -63.64 (max dev 0.03)  ch2  -18.23 (max dev 0.03)  ch3  -99.08 (max dev 0.03)
[meter] 18:39:39 5.8000 GHz  windows 35896  with tone 112  worst SNR -41.0 dB | ch1  -44.68 (max dev 44.67)  ch2 +141.78 (max dev 141.76)  ch3  +31.93 (max dev 31.91)
[meter] 18:39:39 2.4000 GHz  windows 34379  with tone 34075  worst SNR -32.4 dB | tone +193061.5 Hz 10000 samples | ch1   +0.13 (max dev 0.05)  ch2   +0.50 (max dev 0.05)  ch3   +0.49 (max dev 0.05)
[meter] 18:39:44 5.2000 GHz  windows 35540  with tone 112  worst SNR -51.3 dB | ch1  -63.64 (max dev 0.03)  ch2  -18.23 (max dev 0.03)  ch3  -99.08 (max dev 0.03)
[meter] 18:39:44 5.8000 GHz  windows 35896  with tone 112  worst SNR -41.0 dB | ch1  -44.68 (max dev 44.67)  ch2 +141.78 (max dev 141.76)  ch3  +31.93 (max dev 31.91)
[meter] 18:39:44 2.4000 GHz  windows 34379  with tone 34075  worst SNR -32.4 dB | tone +193061.5 Hz 10000 samples | ch1   +0.13 (max dev 0.05)  ch2   +0.50 (max dev 0.05)  ch3   +0.49 (max dev 0.05)
[meter] 18:39:49 5.2000 GHz  windows 35540  with tone 112  worst SNR -51.3 dB | ch1  -63.64 (max dev 0.03)  ch2  -18.23 (max dev 0.03)  ch3  -99.08 (max dev 0.03)
[meter] 18:39:49 5.8000 GHz  windows 35896  with tone 112  worst SNR -41.0 dB | ch1  -44.68 (max dev 44.67)  ch2 +141.78 (max dev 141.76)  ch3  +31.93 (max dev 31.91)
[meter] 18:39:49 2.4000 GHz  windows 34379  with tone 34075  worst SNR -32.4 dB | tone +193061.5 Hz 10000 samples | ch1   +0.13 (max dev 0.05)  ch2   +0.50 (max dev 0.05)  ch3   +0.49 (max dev 0.05)
[meter] 18:39:54 5.8000 GHz  windows 35896  with tone 112  worst SNR -41.0 dB | ch1  -44.68 (max dev 44.67)  ch2 +141.78 (max dev 141.76)  ch3  +31.93 (max dev 31.91)
[meter] 18:39:54 5.2000 GHz  windows 35540  with tone 112  worst SNR -51.3 dB | ch1  -63.64 (max dev 0.03)  ch2  -18.23 (max dev 0.03)  ch3  -99.08 (max dev 0.03)
[meter] 18:39:54 2.4000 GHz  windows 34379  with tone 34075  worst SNR -32.4 dB | tone +193061.5 Hz 10000 samples | ch1   +0.13 (max dev 0.05)  ch2   +0.50 (max dev 0.05)  ch3   +0.49 (max dev 0.05)
[meter] 18:39:59 5.2000 GHz  windows 35540  with tone 112  worst SNR -51.3 dB | ch1  -63.64 (max dev 0.03)  ch2  -18.23 (max dev 0.03)  ch3  -99.08 (max dev 0.03)
[meter] 18:39:59 5.8000 GHz  windows 35896  with tone 112  worst SNR -41.0 dB | ch1  -44.68 (max dev 44.67)  ch2 +141.78 (max dev 141.76)  ch3  +31.93 (max dev 31.91)
[meter] 18:39:59 2.4000 GHz  windows 34379  with tone 34075  worst SNR -32.4 dB | tone +193061.5 Hz 10000 samples | ch1   +0.13 (max dev 0.05)  ch2   +0.50 (max dev 0.05)  ch3   +0.49 (max dev 0.05)
[meter] 18:40:04 5.8000 GHz  windows 35896  with tone 112  worst SNR -41.0 dB | ch1  -44.68 (max dev 44.67)  ch2 +141.78 (max dev 141.76)  ch3  +31.93 (max dev 31.91)
[meter] 18:40:04 5.2000 GHz  windows 35540  with tone 112  worst SNR -51.3 dB | ch1  -63.64 (max dev 0.03)  ch2  -18.23 (max dev 0.03)  ch3  -99.08 (max dev 0.03)
[meter] 18:40:04 2.4000 GHz  windows 34379  with tone 34075  worst SNR -32.4 dB | tone +193061.5 Hz 10000 samples | ch1   +0.13 (max dev 0.05)  ch2   +0.50 (max dev 0.05)  ch3   +0.49 (max dev 0.05)
[meter] 18:40:09 5.8000 GHz  windows 35896  with tone 112  worst SNR -41.0 dB | ch1  -44.68 (max dev 44.67)  ch2 +141.78 (max dev 141.76)  ch3  +31.93 (max dev 31.91)
[meter] 18:40:09 2.4000 GHz  windows 34379  with tone 34075  worst SNR -32.4 dB | tone +193061.5 Hz 10000 samples | ch1   +0.13 (max dev 0.05)  ch2   +0.50 (max dev 0.05)  ch3   +0.49 (max dev 0.05)
[meter] 18:40:09 5.2000 GHz  windows 35540  with tone 112  worst SNR -51.3 dB | ch1  -63.64 (max dev 0.03)  ch2  -18.23 (max dev 0.03)  ch3  -99.08 (max dev 0.03)
[meter] 18:40:14 5.8000 GHz  windows 35896  with tone 112  worst SNR -41.0 dB | ch1  -44.68 (max dev 44.67)  ch2 +141.78 (max dev 141.76)  ch3  +31.93 (max dev 31.91)
[meter] 18:40:14 5.2000 GHz  windows 35540  with tone 112  worst SNR -51.3 dB | ch1  -63.64 (max dev 0.03)  ch2  -18.23 (max dev 0.03)  ch3  -99.08 (max dev 0.03)
[meter] 18:40:14 2.4000 GHz  windows 34379  with tone 34075  worst SNR -32.4 dB | tone +193061.5 Hz 10000 samples | ch1   +0.13 (max dev 0.05)  ch2   +0.50 (max dev 0.05)  ch3   +0.49 (max dev 0.05)
[meter] 18:40:19 5.8000 GHz  windows 35896  with tone 112  worst SNR -41.0 dB | ch1  -44.68 (max dev 44.67)  ch2 +141.78 (max dev 141.76)  ch3  +31.93 (max dev 31.91)
[meter] 18:40:19 5.2000 GHz  windows 35540  with tone 112  worst SNR -51.3 dB | ch1  -63.64 (max dev 0.03)  ch2  -18.23 (max dev 0.03)  ch3  -99.08 (max dev 0.03)
[meter] 18:40:19 2.4000 GHz  windows 34379  with tone 34075  worst SNR -32.4 dB | tone +193061.5 Hz 10000 samples | ch1   +0.13 (max dev 0.05)  ch2   +0.50 (max dev 0.05)  ch3   +0.49 (max dev 0.05)
[meter] 18:40:24 5.8000 GHz  windows 35896  with tone 112  worst SNR -41.0 dB | ch1  -44.68 (max dev 44.67)  ch2 +141.78 (max dev 141.76)  ch3  +31.93 (max dev 31.91)
[meter] 18:40:24 5.2000 GHz  windows 35540  with tone 112  worst SNR -51.3 dB | ch1  -63.64 (max dev 0.03)  ch2  -18.23 (max dev 0.03)  ch3  -99.08 (max dev 0.03)
[meter] 18:40:24 2.4000 GHz  windows 34379  with tone 34075  worst SNR -32.4 dB | tone +193061.5 Hz 10000 samples | ch1   +0.13 (max dev 0.05)  ch2   +0.50 (max dev 0.05)  ch3   +0.49 (max dev 0.05)
[meter] 18:40:29 5.8000 GHz  windows 35896  with tone 112  worst SNR -41.0 dB | ch1  -44.68 (max dev 44.67)  ch2 +141.78 (max dev 141.76)  ch3  +31.93 (max dev 31.91)
[meter] 18:40:29 2.4000 GHz  windows 34379  with tone 34075  worst SNR -32.4 dB | tone +193061.5 Hz 10000 samples | ch1   +0.13 (max dev 0.05)  ch2   +0.50 (max dev 0.05)  ch3   +0.49 (max dev 0.05)
[meter] 18:40:29 5.2000 GHz  windows 35540  with tone 112  worst SNR -51.3 dB | ch1  -63.64 (max dev 0.03)  ch2  -18.23 (max dev 0.03)  ch3  -99.08 (max dev 0.03)
[meter] 18:40:34 5.8000 GHz  windows 35896  with tone 112  worst SNR -41.0 dB | ch1  -44.68 (max dev 44.67)  ch2 +141.78 (max dev 141.76)  ch3  +31.93 (max dev 31.91)
[meter] 18:40:34 5.2000 GHz  windows 35540  with tone 112  worst SNR -51.3 dB | ch1  -63.64 (max dev 0.03)  ch2  -18.23 (max dev 0.03)  ch3  -99.08 (max dev 0.03)
[meter] 18:40:34 2.4000 GHz  windows 34379  with tone 34075  worst SNR -32.4 dB | tone +193061.5 Hz 10000 samples | ch1   +0.13 (max dev 0.05)  ch2   +0.50 (max dev 0.05)  ch3   +0.49 (max dev 0.05)
[meter] 18:40:39 5.8000 GHz  windows 35896  with tone 112  worst SNR -41.0 dB | ch1  -44.68 (max dev 44.67)  ch2 +141.78 (max dev 141.76)  ch3  +31.93 (max dev 31.91)
[meter] 18:40:39 5.2000 GHz  windows 35540  with tone 112  worst SNR -51.3 dB | ch1  -63.64 (max dev 0.03)  ch2  -18.23 (max dev 0.03)  ch3  -99.08 (max dev 0.03)
[meter] 18:40:39 2.4000 GHz  windows 34379  with tone 34075  worst SNR -32.4 dB | tone +193061.5 Hz 10000 samples | ch1   +0.13 (max dev 0.05)  ch2   +0.50 (max dev 0.05)  ch3   +0.49 (max dev 0.05)
[meter] 18:40:44 5.2000 GHz  windows 35540  with tone 112  worst SNR -51.3 dB | ch1  -63.64 (max dev 0.03)  ch2  -18.23 (max dev 0.03)  ch3  -99.08 (max dev 0.03)
[meter] 18:40:44 5.8000 GHz  windows 35896  with tone 112  worst SNR -41.0 dB | ch1  -44.68 (max dev 44.67)  ch2 +141.78 (max dev 141.76)  ch3  +31.93 (max dev 31.91)
[meter] 18:40:44 2.4000 GHz  windows 34379  with tone 34075  worst SNR -32.4 dB | tone +193061.5 Hz 10000 samples | ch1   +0.13 (max dev 0.05)  ch2   +0.50 (max dev 0.05)  ch3   +0.49 (max dev 0.05)
[meter] 18:40:49 5.2000 GHz  windows 35540  with tone 112  worst SNR -51.3 dB | ch1  -63.64 (max dev 0.03)  ch2  -18.23 (max dev 0.03)  ch3  -99.08 (max dev 0.03)
[meter] 18:40:49 5.8000 GHz  windows 35896  with tone 112  worst SNR -41.0 dB | ch1  -44.68 (max dev 44.67)  ch2 +141.78 (max dev 141.76)  ch3  +31.93 (max dev 31.91)
[meter] 18:40:49 2.4000 GHz  windows 34379  with tone 34075  worst SNR -32.4 dB | tone +193061.5 Hz 10000 samples | ch1   +0.13 (max dev 0.05)  ch2   +0.50 (max dev 0.05)  ch3   +0.49 (max dev 0.05)
[meter] 18:40:55 5.2000 GHz  windows 35540  with tone 112  worst SNR -51.3 dB | ch1  -63.64 (max dev 0.03)  ch2  -18.23 (max dev 0.03)  ch3  -99.08 (max dev 0.03)
[meter] 18:40:55 5.8000 GHz  windows 35896  with tone 112  worst SNR -41.0 dB | ch1  -44.68 (max dev 44.67)  ch2 +141.78 (max dev 141.76)  ch3  +31.93 (max dev 31.91)
[meter] 18:40:55 2.4000 GHz  windows 34379  with tone 34075  worst SNR -32.4 dB | tone +193061.5 Hz 10000 samples | ch1   +0.13 (max dev 0.05)  ch2   +0.50 (max dev 0.05)  ch3   +0.49 (max dev 0.05)
[meter] 18:41:00 5.8000 GHz  windows 35896  with tone 112  worst SNR -41.0 dB | ch1  -44.68 (max dev 44.67)  ch2 +141.78 (max dev 141.76)  ch3  +31.93 (max dev 31.91)
[meter] 18:41:00 2.4000 GHz  windows 34379  with tone 34075  worst SNR -32.4 dB | tone +193061.5 Hz 10000 samples | ch1   +0.13 (max dev 0.05)  ch2   +0.50 (max dev 0.05)  ch3   +0.49 (max dev 0.05)
[meter] 18:41:00 5.2000 GHz  windows 35540  with tone 112  worst SNR -51.3 dB | ch1  -63.64 (max dev 0.03)  ch2  -18.23 (max dev 0.03)  ch3  -99.08 (max dev 0.03)
[meter] 18:41:05 5.8000 GHz  windows 35896  with tone 112  worst SNR -41.0 dB | ch1  -44.68 (max dev 44.67)  ch2 +141.78 (max dev 141.76)  ch3  +31.93 (max dev 31.91)
[meter] 18:41:05 5.2000 GHz  windows 35540  with tone 112  worst SNR -51.3 dB | ch1  -63.64 (max dev 0.03)  ch2  -18.23 (max dev 0.03)  ch3  -99.08 (max dev 0.03)
[meter] 18:41:05 2.4000 GHz  windows 34379  with tone 34075  worst SNR -32.4 dB | tone +193061.5 Hz 10000 samples | ch1   +0.13 (max dev 0.05)  ch2   +0.50 (max dev 0.05)  ch3   +0.49 (max dev 0.05)
[meter] 18:41:10 2.4000 GHz  windows 34379  with tone 34075  worst SNR -32.4 dB | tone +193061.5 Hz 10000 samples | ch1   +0.13 (max dev 0.05)  ch2   +0.50 (max dev 0.05)  ch3   +0.49 (max dev 0.05)
[meter] 18:41:10 5.8000 GHz  windows 35896  with tone 112  worst SNR -41.0 dB | ch1  -44.68 (max dev 44.67)  ch2 +141.78 (max dev 141.76)  ch3  +31.93 (max dev 31.91)
[meter] 18:41:10 5.2000 GHz  windows 35540  with tone 112  worst SNR -51.3 dB | ch1  -63.64 (max dev 0.03)  ch2  -18.23 (max dev 0.03)  ch3  -99.08 (max dev 0.03)
[meter] 18:41:15 5.2000 GHz  windows 35540  with tone 112  worst SNR -51.3 dB | ch1  -63.64 (max dev 0.03)  ch2  -18.23 (max dev 0.03)  ch3  -99.08 (max dev 0.03)
[meter] 18:41:15 5.8000 GHz  windows 35896  with tone 112  worst SNR -41.0 dB | ch1  -44.68 (max dev 44.67)  ch2 +141.78 (max dev 141.76)  ch3  +31.93 (max dev 31.91)
[meter] 18:41:15 2.4000 GHz  windows 34379  with tone 34075  worst SNR -32.4 dB | tone +193061.5 Hz 10000 samples | ch1   +0.13 (max dev 0.05)  ch2   +0.50 (max dev 0.05)  ch3   +0.49 (max dev 0.05)
[meter] 18:41:20 5.8000 GHz  windows 35896  with tone 112  worst SNR -41.0 dB | ch1  -44.68 (max dev 44.67)  ch2 +141.78 (max dev 141.76)  ch3  +31.93 (max dev 31.91)
[meter] 18:41:20 5.2000 GHz  windows 35540  with tone 112  worst SNR -51.3 dB | ch1  -63.64 (max dev 0.03)  ch2  -18.23 (max dev 0.03)  ch3  -99.08 (max dev 0.03)
[meter] 18:41:20 2.4000 GHz  windows 34379  with tone 34075  worst SNR -32.4 dB | tone +193061.5 Hz 10000 samples | ch1   +0.13 (max dev 0.05)  ch2   +0.50 (max dev 0.05)  ch3   +0.49 (max dev 0.05)
[meter] 18:41:25 5.2000 GHz  windows 35540  with tone 112  worst SNR -51.3 dB | ch1  -63.64 (max dev 0.03)  ch2  -18.23 (max dev 0.03)  ch3  -99.08 (max dev 0.03)
[meter] 18:41:25 5.8000 GHz  windows 35896  with tone 112  worst SNR -41.0 dB | ch1  -44.68 (max dev 44.67)  ch2 +141.78 (max dev 141.76)  ch3  +31.93 (max dev 31.91)
[meter] 18:41:25 2.4000 GHz  windows 34379  with tone 34075  worst SNR -32.4 dB | tone +193061.5 Hz 10000 samples | ch1   +0.13 (max dev 0.05)  ch2   +0.50 (max dev 0.05)  ch3   +0.49 (max dev 0.05)
[meter] 18:41:30 5.2000 GHz  windows 35540  with tone 112  worst SNR -51.3 dB | ch1  -63.64 (max dev 0.03)  ch2  -18.23 (max dev 0.03)  ch3  -99.08 (max dev 0.03)
[meter] 18:41:30 5.8000 GHz  windows 35896  with tone 112  worst SNR -41.0 dB | ch1  -44.68 (max dev 44.67)  ch2 +141.78 (max dev 141.76)  ch3  +31.93 (max dev 31.91)
[meter] 18:41:30 2.4000 GHz  windows 34379  with tone 34075  worst SNR -32.4 dB | tone +193061.5 Hz 10000 samples | ch1   +0.13 (max dev 0.05)  ch2   +0.50 (max dev 0.05)  ch3   +0.49 (max dev 0.05)
[meter] 18:41:35 5.8000 GHz  windows 35896  with tone 112  worst SNR -41.0 dB | ch1  -44.68 (max dev 44.67)  ch2 +141.78 (max dev 141.76)  ch3  +31.93 (max dev 31.91)
[meter] 18:41:35 5.2000 GHz  windows 35540  with tone 112  worst SNR -51.3 dB | ch1  -63.64 (max dev 0.03)  ch2  -18.23 (max dev 0.03)  ch3  -99.08 (max dev 0.03)
[meter] 18:41:35 2.4000 GHz  windows 34379  with tone 34075  worst SNR -32.4 dB | tone +193061.5 Hz 10000 samples | ch1   +0.13 (max dev 0.05)  ch2   +0.50 (max dev 0.05)  ch3   +0.49 (max dev 0.05)
[meter] 18:41:40 5.8000 GHz  windows 35896  with tone 112  worst SNR -41.0 dB | ch1  -44.68 (max dev 44.67)  ch2 +141.78 (max dev 141.76)  ch3  +31.93 (max dev 31.91)
[meter] 18:41:40 5.2000 GHz  windows 35540  with tone 112  worst SNR -51.3 dB | ch1  -63.64 (max dev 0.03)  ch2  -18.23 (max dev 0.03)  ch3  -99.08 (max dev 0.03)
[meter] 18:41:40 2.4000 GHz  windows 34379  with tone 34075  worst SNR -32.4 dB | tone +193061.5 Hz 10000 samples | ch1   +0.13 (max dev 0.05)  ch2   +0.50 (max dev 0.05)  ch3   +0.49 (max dev 0.05)
[meter] 18:41:45 5.2000 GHz  windows 35540  with tone 112  worst SNR -51.3 dB | ch1  -63.64 (max dev 0.03)  ch2  -18.23 (max dev 0.03)  ch3  -99.08 (max dev 0.03)
[meter] 18:41:45 5.8000 GHz  windows 35896  with tone 112  worst SNR -41.0 dB | ch1  -44.68 (max dev 44.67)  ch2 +141.78 (max dev 141.76)  ch3  +31.93 (max dev 31.91)
[meter] 18:41:45 2.4000 GHz  windows 34379  with tone 34075  worst SNR -32.4 dB | tone +193061.5 Hz 10000 samples | ch1   +0.13 (max dev 0.05)  ch2   +0.50 (max dev 0.05)  ch3   +0.49 (max dev 0.05)
[meter] 18:41:50 5.2000 GHz  windows 35540  with tone 112  worst SNR -51.3 dB | ch1  -63.64 (max dev 0.03)  ch2  -18.23 (max dev 0.03)  ch3  -99.08 (max dev 0.03)
[meter] 18:41:50 5.8000 GHz  windows 35896  with tone 112  worst SNR -41.0 dB | ch1  -44.68 (max dev 44.67)  ch2 +141.78 (max dev 141.76)  ch3  +31.93 (max dev 31.91)
[meter] 18:41:50 2.4000 GHz  windows 34379  with tone 34075  worst SNR -32.4 dB | tone +193061.5 Hz 10000 samples | ch1   +0.13 (max dev 0.05)  ch2   +0.50 (max dev 0.05)  ch3   +0.49 (max dev 0.05)
[meter] 18:41:56 5.2000 GHz  windows 35540  with tone 112  worst SNR -51.3 dB | ch1  -63.64 (max dev 0.03)  ch2  -18.23 (max dev 0.03)  ch3  -99.08 (max dev 0.03)
[meter] 18:41:56 5.8000 GHz  windows 35896  with tone 112  worst SNR -41.0 dB | ch1  -44.68 (max dev 44.67)  ch2 +141.78 (max dev 141.76)  ch3  +31.93 (max dev 31.91)
[meter] 18:41:56 2.4000 GHz  windows 34379  with tone 34075  worst SNR -32.4 dB | tone +193061.5 Hz 10000 samples | ch1   +0.13 (max dev 0.05)  ch2   +0.50 (max dev 0.05)  ch3   +0.49 (max dev 0.05)
[meter] 18:42:01 5.8000 GHz  windows 35896  with tone 112  worst SNR -41.0 dB | ch1  -44.68 (max dev 44.67)  ch2 +141.78 (max dev 141.76)  ch3  +31.93 (max dev 31.91)
[meter] 18:42:01 5.2000 GHz  windows 35540  with tone 112  worst SNR -51.3 dB | ch1  -63.64 (max dev 0.03)  ch2  -18.23 (max dev 0.03)  ch3  -99.08 (max dev 0.03)
[meter] 18:42:01 2.4000 GHz  windows 34379  with tone 34075  worst SNR -32.4 dB | tone +193061.5 Hz 10000 samples | ch1   +0.13 (max dev 0.05)  ch2   +0.50 (max dev 0.05)  ch3   +0.49 (max dev 0.05)
[meter] 18:42:06 5.8000 GHz  windows 35896  with tone 112  worst SNR -41.0 dB | ch1  -44.68 (max dev 44.67)  ch2 +141.78 (max dev 141.76)  ch3  +31.93 (max dev 31.91)
[meter] 18:42:06 5.2000 GHz  windows 35540  with tone 112  worst SNR -51.3 dB | ch1  -63.64 (max dev 0.03)  ch2  -18.23 (max dev 0.03)  ch3  -99.08 (max dev 0.03)
[meter] 18:42:06 2.4000 GHz  windows 34379  with tone 34075  worst SNR -32.4 dB | tone +193061.5 Hz 10000 samples | ch1   +0.13 (max dev 0.05)  ch2   +0.50 (max dev 0.05)  ch3   +0.49 (max dev 0.05)
[meter] 18:42:11 5.8000 GHz  windows 35896  with tone 112  worst SNR -41.0 dB | ch1  -44.68 (max dev 44.67)  ch2 +141.78 (max dev 141.76)  ch3  +31.93 (max dev 31.91)
[meter] 18:42:11 5.2000 GHz  windows 35540  with tone 112  worst SNR -51.3 dB | ch1  -63.64 (max dev 0.03)  ch2  -18.23 (max dev 0.03)  ch3  -99.08 (max dev 0.03)
[meter] 18:42:11 2.4000 GHz  windows 34379  with tone 34075  worst SNR -32.4 dB | tone +193061.5 Hz 10000 samples | ch1   +0.13 (max dev 0.05)  ch2   +0.50 (max dev 0.05)  ch3   +0.49 (max dev 0.05)
[meter] 18:42:16 5.8000 GHz  windows 35896  with tone 112  worst SNR -41.0 dB | ch1  -44.68 (max dev 44.67)  ch2 +141.78 (max dev 141.76)  ch3  +31.93 (max dev 31.91)
[meter] 18:42:16 5.2000 GHz  windows 35540  with tone 112  worst SNR -51.3 dB | ch1  -63.64 (max dev 0.03)  ch2  -18.23 (max dev 0.03)  ch3  -99.08 (max dev 0.03)
[meter] 18:42:16 2.4000 GHz  windows 34379  with tone 34075  worst SNR -32.4 dB | tone +193061.5 Hz 10000 samples | ch1   +0.13 (max dev 0.05)  ch2   +0.50 (max dev 0.05)  ch3   +0.49 (max dev 0.05)
[meter] 18:42:21 5.8000 GHz  windows 35896  with tone 112  worst SNR -41.0 dB | ch1  -44.68 (max dev 44.67)  ch2 +141.78 (max dev 141.76)  ch3  +31.93 (max dev 31.91)
[meter] 18:42:21 5.2000 GHz  windows 35540  with tone 112  worst SNR -51.3 dB | ch1  -63.64 (max dev 0.03)  ch2  -18.23 (max dev 0.03)  ch3  -99.08 (max dev 0.03)
[meter] 18:42:21 2.4000 GHz  windows 34379  with tone 34075  worst SNR -32.4 dB | tone +193061.5 Hz 10000 samples | ch1   +0.13 (max dev 0.05)  ch2   +0.50 (max dev 0.05)  ch3   +0.49 (max dev 0.05)
[meter] 18:42:26 5.8000 GHz  windows 35896  with tone 112  worst SNR -41.0 dB | ch1  -44.68 (max dev 44.67)  ch2 +141.78 (max dev 141.76)  ch3  +31.93 (max dev 31.91)
[meter] 18:42:26 5.2000 GHz  windows 35540  with tone 112  worst SNR -51.3 dB | ch1  -63.64 (max dev 0.03)  ch2  -18.23 (max dev 0.03)  ch3  -99.08 (max dev 0.03)
[meter] 18:42:26 2.4000 GHz  windows 34379  with tone 34075  worst SNR -32.4 dB | tone +193061.5 Hz 10000 samples | ch1   +0.13 (max dev 0.05)  ch2   +0.50 (max dev 0.05)  ch3   +0.49 (max dev 0.05)
[meter] 18:42:31 5.2000 GHz  windows 35540  with tone 112  worst SNR -51.3 dB | ch1  -63.64 (max dev 0.03)  ch2  -18.23 (max dev 0.03)  ch3  -99.08 (max dev 0.03)
[meter] 18:42:31 5.8000 GHz  windows 35896  with tone 112  worst SNR -41.0 dB | ch1  -44.68 (max dev 44.67)  ch2 +141.78 (max dev 141.76)  ch3  +31.93 (max dev 31.91)
[meter] 18:42:31 2.4000 GHz  windows 34379  with tone 34075  worst SNR -32.4 dB | tone +193061.5 Hz 10000 samples | ch1   +0.13 (max dev 0.05)  ch2   +0.50 (max dev 0.05)  ch3   +0.49 (max dev 0.05)
[meter] 18:42:36 5.8000 GHz  windows 35896  with tone 112  worst SNR -41.0 dB | ch1  -44.68 (max dev 44.67)  ch2 +141.78 (max dev 141.76)  ch3  +31.93 (max dev 31.91)
[meter] 18:42:36 5.2000 GHz  windows 35540  with tone 112  worst SNR -51.3 dB | ch1  -63.64 (max dev 0.03)  ch2  -18.23 (max dev 0.03)  ch3  -99.08 (max dev 0.03)
[meter] 18:42:36 2.4000 GHz  windows 34379  with tone 34075  worst SNR -32.4 dB | tone +193061.5 Hz 10000 samples | ch1   +0.13 (max dev 0.05)  ch2   +0.50 (max dev 0.05)  ch3   +0.49 (max dev 0.05)
[meter] 18:42:41 5.2000 GHz  windows 35540  with tone 112  worst SNR -51.3 dB | ch1  -63.64 (max dev 0.03)  ch2  -18.23 (max dev 0.03)  ch3  -99.08 (max dev 0.03)
[meter] 18:42:41 5.8000 GHz  windows 35896  with tone 112  worst SNR -41.0 dB | ch1  -44.68 (max dev 44.67)  ch2 +141.78 (max dev 141.76)  ch3  +31.93 (max dev 31.91)[meter] 18:42:41 2.4000 GHz  windows 34379  with tone 34075  worst SNR -32.4 dB | tone +193061.5 Hz 10000 samples | ch1   +0.13 (max dev 0.05)  ch2   +0.50 (max dev 0.05)  ch3   +0.49 (max dev 0.05)

[meter] 18:42:46 5.2000 GHz  windows 35540  with tone 112  worst SNR -51.3 dB | ch1  -63.64 (max dev 0.03)  ch2  -18.23 (max dev 0.03)  ch3  -99.08 (max dev 0.03)
[meter] 18:42:46 5.8000 GHz  windows 35896  with tone 112  worst SNR -41.0 dB | ch1  -44.68 (max dev 44.67)  ch2 +141.78 (max dev 141.76)  ch3  +31.93 (max dev 31.91)
[meter] 18:42:46 2.4000 GHz  windows 34379  with tone 34075  worst SNR -32.4 dB | tone +193061.5 Hz 10000 samples | ch1   +0.13 (max dev 0.05)  ch2   +0.50 (max dev 0.05)  ch3   +0.49 (max dev 0.05)
[meter] 18:42:51 5.2000 GHz  windows 35540  with tone 112  worst SNR -51.3 dB | ch1  -63.64 (max dev 0.03)  ch2  -18.23 (max dev 0.03)  ch3  -99.08 (max dev 0.03)
[meter] 18:42:51 5.8000 GHz  windows 35896  with tone 112  worst SNR -41.0 dB | ch1  -44.68 (max dev 44.67)  ch2 +141.78 (max dev 141.76)  ch3  +31.93 (max dev 31.91)
[meter] 18:42:51 2.4000 GHz  windows 34379  with tone 34075  worst SNR -32.4 dB | tone +193061.5 Hz 10000 samples | ch1   +0.13 (max dev 0.05)  ch2   +0.50 (max dev 0.05)  ch3   +0.49 (max dev 0.05)
[meter] 18:42:56 5.2000 GHz  windows 35540  with tone 112  worst SNR -51.3 dB | ch1  -63.64 (max dev 0.03)  ch2  -18.23 (max dev 0.03)  ch3  -99.08 (max dev 0.03)
[meter] 18:42:56 5.8000 GHz  windows 35896  with tone 112  worst SNR -41.0 dB | ch1  -44.68 (max dev 44.67)  ch2 +141.78 (max dev 141.76)  ch3  +31.93 (max dev 31.91)
[meter] 18:42:56 2.4000 GHz  windows 34379  with tone 34075  worst SNR -32.4 dB | tone +193061.5 Hz 10000 samples | ch1   +0.13 (max dev 0.05)  ch2   +0.50 (max dev 0.05)  ch3   +0.49 (max dev 0.05)
[meter] 18:43:01 5.8000 GHz  windows 35896  with tone 112  worst SNR -41.0 dB | ch1  -44.68 (max dev 44.67)  ch2 +141.78 (max dev 141.76)  ch3  +31.93 (max dev 31.91)
[meter] 18:43:01 5.2000 GHz  windows 35540  with tone 112  worst SNR -51.3 dB | ch1  -63.64 (max dev 0.03)  ch2  -18.23 (max dev 0.03)  ch3  -99.08 (max dev 0.03)
[meter] 18:43:01 2.4000 GHz  windows 34379  with tone 34075  worst SNR -32.4 dB | tone +193061.5 Hz 10000 samples | ch1   +0.13 (max dev 0.05)  ch2   +0.50 (max dev 0.05)  ch3   +0.49 (max dev 0.05)
[meter] 18:43:06 5.2000 GHz  windows 35540  with tone 112  worst SNR -51.3 dB | ch1  -63.64 (max dev 0.03)  ch2  -18.23 (max dev 0.03)  ch3  -99.08 (max dev 0.03)
[meter] 18:43:06 5.8000 GHz  windows 35896  with tone 112  worst SNR -41.0 dB | ch1  -44.68 (max dev 44.67)  ch2 +141.78 (max dev 141.76)  ch3  +31.93 (max dev 31.91)
[meter] 18:43:06 2.4000 GHz  windows 34379  with tone 34075  worst SNR -32.4 dB | tone +193061.5 Hz 10000 samples | ch1   +0.13 (max dev 0.05)  ch2   +0.50 (max dev 0.05)  ch3   +0.49 (max dev 0.05)
[meter] 18:43:11 5.2000 GHz  windows 35540  with tone 112  worst SNR -51.3 dB | ch1  -63.64 (max dev 0.03)  ch2  -18.23 (max dev 0.03)  ch3  -99.08 (max dev 0.03)
[meter] 18:43:11 5.8000 GHz  windows 35896  with tone 112  worst SNR -41.0 dB | ch1  -44.68 (max dev 44.67)  ch2 +141.78 (max dev 141.76)  ch3  +31.93 (max dev 31.91)
[meter] 18:43:11 2.4000 GHz  windows 34379  with tone 34075  worst SNR -32.4 dB | tone +193061.5 Hz 10000 samples | ch1   +0.13 (max dev 0.05)  ch2   +0.50 (max dev 0.05)  ch3   +0.49 (max dev 0.05)
[meter] 18:43:16 5.2000 GHz  windows 35540  with tone 112  worst SNR -51.3 dB | ch1  -63.64 (max dev 0.03)  ch2  -18.23 (max dev 0.03)  ch3  -99.08 (max dev 0.03)
[meter] 18:43:16 5.8000 GHz  windows 35896  with tone 112  worst SNR -41.0 dB | ch1  -44.68 (max dev 44.67)  ch2 +141.78 (max dev 141.76)  ch3  +31.93 (max dev 31.91)
[meter] 18:43:16 2.4000 GHz  windows 34379  with tone 34075  worst SNR -32.4 dB | tone +193061.5 Hz 10000 samples | ch1   +0.13 (max dev 0.05)  ch2   +0.50 (max dev 0.05)  ch3   +0.49 (max dev 0.05)
[meter] 18:43:21 5.2000 GHz  windows 35540  with tone 112  worst SNR -51.3 dB | ch1  -63.64 (max dev 0.03)  ch2  -18.23 (max dev 0.03)  ch3  -99.08 (max dev 0.03)
[meter] 18:43:21 5.8000 GHz  windows 35896  with tone 112  worst SNR -41.0 dB | ch1  -44.68 (max dev 44.67)  ch2 +141.78 (max dev 141.76)  ch3  +31.93 (max dev 31.91)
[meter] 18:43:21 2.4000 GHz  windows 34379  with tone 34075  worst SNR -32.4 dB | tone +193061.5 Hz 10000 samples | ch1   +0.13 (max dev 0.05)  ch2   +0.50 (max dev 0.05)  ch3   +0.49 (max dev 0.05)
[meter] 18:43:26 5.8000 GHz  windows 35896  with tone 112  worst SNR -41.0 dB | ch1  -44.68 (max dev 44.67)  ch2 +141.78 (max dev 141.76)  ch3  +31.93 (max dev 31.91)
[meter] 18:43:26 5.2000 GHz  windows 35540  with tone 112  worst SNR -51.3 dB | ch1  -63.64 (max dev 0.03)  ch2  -18.23 (max dev 0.03)  ch3  -99.08 (max dev 0.03)
[meter] 18:43:26 2.4000 GHz  windows 34379  with tone 34075  worst SNR -32.4 dB | tone +193061.5 Hz 10000 samples | ch1   +0.13 (max dev 0.05)  ch2   +0.50 (max dev 0.05)  ch3   +0.49 (max dev 0.05)
[meter] 18:43:31 5.2000 GHz  windows 35540  with tone 112  worst SNR -51.3 dB | ch1  -63.64 (max dev 0.03)  ch2  -18.23 (max dev 0.03)  ch3  -99.08 (max dev 0.03)
[meter] 18:43:31 5.8000 GHz  windows 35896  with tone 112  worst SNR -41.0 dB | ch1  -44.68 (max dev 44.67)  ch2 +141.78 (max dev 141.76)  ch3  +31.93 (max dev 31.91)
[meter] 18:43:31 2.4000 GHz  windows 34379  with tone 34075  worst SNR -32.4 dB | tone +193061.5 Hz 10000 samples | ch1   +0.13 (max dev 0.05)  ch2   +0.50 (max dev 0.05)  ch3   +0.49 (max dev 0.05)
[meter] 18:43:37 5.2000 GHz  windows 35540  with tone 112  worst SNR -51.3 dB | ch1  -63.64 (max dev 0.03)  ch2  -18.23 (max dev 0.03)  ch3  -99.08 (max dev 0.03)
[meter] 18:43:37 5.8000 GHz  windows 35896  with tone 112  worst SNR -41.0 dB | ch1  -44.68 (max dev 44.67)  ch2 +141.78 (max dev 141.76)  ch3  +31.93 (max dev 31.91)
[meter] 18:43:37 2.4000 GHz  windows 34379  with tone 34075  worst SNR -32.4 dB | tone +193061.5 Hz 10000 samples | ch1   +0.13 (max dev 0.05)  ch2   +0.50 (max dev 0.05)  ch3   +0.49 (max dev 0.05)
[meter] 18:43:42 5.2000 GHz  windows 35540  with tone 112  worst SNR -51.3 dB | ch1  -63.64 (max dev 0.03)  ch2  -18.23 (max dev 0.03)  ch3  -99.08 (max dev 0.03)
[meter] 18:43:42 5.8000 GHz  windows 35896  with tone 112  worst SNR -41.0 dB | ch1  -44.68 (max dev 44.67)  ch2 +141.78 (max dev 141.76)  ch3  +31.93 (max dev 31.91)
[meter] 18:43:42 2.4000 GHz  windows 34379  with tone 34075  worst SNR -32.4 dB | tone +193061.5 Hz 10000 samples | ch1   +0.13 (max dev 0.05)  ch2   +0.50 (max dev 0.05)  ch3   +0.49 (max dev 0.05)
[meter] 18:43:47 5.8000 GHz  windows 35896  with tone 112  worst SNR -41.0 dB | ch1  -44.68 (max dev 44.67)  ch2 +141.78 (max dev 141.76)  ch3  +31.93 (max dev 31.91)
[meter] 18:43:47 5.2000 GHz  windows 35540  with tone 112  worst SNR -51.3 dB | ch1  -63.64 (max dev 0.03)  ch2  -18.23 (max dev 0.03)  ch3  -99.08 (max dev 0.03)
[meter] 18:43:47 2.4000 GHz  windows 34379  with tone 34075  worst SNR -32.4 dB | tone +193061.5 Hz 10000 samples | ch1   +0.13 (max dev 0.05)  ch2   +0.50 (max dev 0.05)  ch3   +0.49 (max dev 0.05)
[meter] 18:43:52 5.2000 GHz  windows 35540  with tone 112  worst SNR -51.3 dB | ch1  -63.64 (max dev 0.03)  ch2  -18.23 (max dev 0.03)  ch3  -99.08 (max dev 0.03)
[meter] 18:43:52 5.8000 GHz  windows 35896  with tone 112  worst SNR -41.0 dB | ch1  -44.68 (max dev 44.67)  ch2 +141.78 (max dev 141.76)  ch3  +31.93 (max dev 31.91)
[meter] 18:43:52 2.4000 GHz  windows 34379  with tone 34075  worst SNR -32.4 dB | tone +193061.5 Hz 10000 samples | ch1   +0.13 (max dev 0.05)  ch2   +0.50 (max dev 0.05)  ch3   +0.49 (max dev 0.05)
[meter] 18:43:57 5.2000 GHz  windows 35540  with tone 112  worst SNR -51.3 dB | ch1  -63.64 (max dev 0.03)  ch2  -18.23 (max dev 0.03)  ch3  -99.08 (max dev 0.03)
[meter] 18:43:57 5.8000 GHz  windows 35896  with tone 112  worst SNR -41.0 dB | ch1  -44.68 (max dev 44.67)  ch2 +141.78 (max dev 141.76)  ch3  +31.93 (max dev 31.91)
[meter] 18:43:57 2.4000 GHz  windows 34379  with tone 34075  worst SNR -32.4 dB | tone +193061.5 Hz 10000 samples | ch1   +0.13 (max dev 0.05)  ch2   +0.50 (max dev 0.05)  ch3   +0.49 (max dev 0.05)
[meter] 18:44:02 5.2000 GHz  windows 35540  with tone 112  worst SNR -51.3 dB | ch1  -63.64 (max dev 0.03)  ch2  -18.23 (max dev 0.03)  ch3  -99.08 (max dev 0.03)
[meter] 18:44:02 5.8000 GHz  windows 35896  with tone 112  worst SNR -41.0 dB | ch1  -44.68 (max dev 44.67)  ch2 +141.78 (max dev 141.76)  ch3  +31.93 (max dev 31.91)
[meter] 18:44:02 2.4000 GHz  windows 34379  with tone 34075  worst SNR -32.4 dB | tone +193061.5 Hz 10000 samples | ch1   +0.13 (max dev 0.05)  ch2   +0.50 (max dev 0.05)  ch3   +0.49 (max dev 0.05)
[meter] 18:44:07 5.8000 GHz  windows 35896  with tone 112  worst SNR -41.0 dB | ch1  -44.68 (max dev 44.67)  ch2 +141.78 (max dev 141.76)  ch3  +31.93 (max dev 31.91)
[meter] 18:44:07 5.2000 GHz  windows 35540  with tone 112  worst SNR -51.3 dB | ch1  -63.64 (max dev 0.03)  ch2  -18.23 (max dev 0.03)  ch3  -99.08 (max dev 0.03)
[meter] 18:44:07 2.4000 GHz  windows 34379  with tone 34075  worst SNR -32.4 dB | tone +193061.5 Hz 10000 samples | ch1   +0.13 (max dev 0.05)  ch2   +0.50 (max dev 0.05)  ch3   +0.49 (max dev 0.05)
[meter] 18:44:12 5.8000 GHz  windows 35896  with tone 112  worst SNR -41.0 dB | ch1  -44.68 (max dev 44.67)  ch2 +141.78 (max dev 141.76)  ch3  +31.93 (max dev 31.91)
[meter] 18:44:12 5.2000 GHz  windows 35540  with tone 112  worst SNR -51.3 dB | ch1  -63.64 (max dev 0.03)  ch2  -18.23 (max dev 0.03)  ch3  -99.08 (max dev 0.03)
[meter] 18:44:12 2.4000 GHz  windows 34379  with tone 34075  worst SNR -32.4 dB | tone +193061.5 Hz 10000 samples | ch1   +0.13 (max dev 0.05)  ch2   +0.50 (max dev 0.05)  ch3   +0.49 (max dev 0.05)
[meter] 18:44:17 5.2000 GHz  windows 35540  with tone 112  worst SNR -51.3 dB | ch1  -63.64 (max dev 0.03)  ch2  -18.23 (max dev 0.03)  ch3  -99.08 (max dev 0.03)[meter] 18:44:17 5.8000 GHz  windows 35896  with tone 112  worst SNR -41.0 dB | ch1  -44.68 (max dev 44.67)  ch2 +141.78 (max dev 141.76)  ch3  +31.93 (max dev 31.91)

[meter] 18:44:17 2.4000 GHz  windows 34379  with tone 34075  worst SNR -32.4 dB | tone +193061.5 Hz 10000 samples | ch1   +0.13 (max dev 0.05)  ch2   +0.50 (max dev 0.05)  ch3   +0.49 (max dev 0.05)
[meter] 18:44:22 5.8000 GHz  windows 35896  with tone 112  worst SNR -41.0 dB | ch1  -44.68 (max dev 44.67)  ch2 +141.78 (max dev 141.76)  ch3  +31.93 (max dev 31.91)
[meter] 18:44:22 5.2000 GHz  windows 35540  with tone 112  worst SNR -51.3 dB | ch1  -63.64 (max dev 0.03)  ch2  -18.23 (max dev 0.03)  ch3  -99.08 (max dev 0.03)
[meter] 18:44:22 2.4000 GHz  windows 34379  with tone 34075  worst SNR -32.4 dB | tone +193061.5 Hz 10000 samples | ch1   +0.13 (max dev 0.05)  ch2   +0.50 (max dev 0.05)  ch3   +0.49 (max dev 0.05)
[meter] 18:44:27 5.2000 GHz  windows 35540  with tone 112  worst SNR -51.3 dB | ch1  -63.64 (max dev 0.03)  ch2  -18.23 (max dev 0.03)  ch3  -99.08 (max dev 0.03)
[meter] 18:44:27 5.8000 GHz  windows 35896  with tone 112  worst SNR -41.0 dB | ch1  -44.68 (max dev 44.67)  ch2 +141.78 (max dev 141.76)  ch3  +31.93 (max dev 31.91)
[meter] 18:44:27 2.4000 GHz  windows 34379  with tone 34075  worst SNR -32.4 dB | tone +193061.5 Hz 10000 samples | ch1   +0.13 (max dev 0.05)  ch2   +0.50 (max dev 0.05)  ch3   +0.49 (max dev 0.05)
[meter] 18:44:32 5.2000 GHz  windows 35540  with tone 112  worst SNR -51.3 dB | ch1  -63.64 (max dev 0.03)  ch2  -18.23 (max dev 0.03)  ch3  -99.08 (max dev 0.03)
[meter] 18:44:32 5.8000 GHz  windows 35896  with tone 112  worst SNR -41.0 dB | ch1  -44.68 (max dev 44.67)  ch2 +141.78 (max dev 141.76)  ch3  +31.93 (max dev 31.91)
[meter] 18:44:32 2.4000 GHz  windows 34379  with tone 34075  worst SNR -32.4 dB | tone +193061.5 Hz 10000 samples | ch1   +0.13 (max dev 0.05)  ch2   +0.50 (max dev 0.05)  ch3   +0.49 (max dev 0.05)
[meter] 18:44:37 5.8000 GHz  windows 35896  with tone 112  worst SNR -41.0 dB | ch1  -44.68 (max dev 44.67)  ch2 +141.78 (max dev 141.76)  ch3  +31.93 (max dev 31.91)
[meter] 18:44:37 5.2000 GHz  windows 35540  with tone 112  worst SNR -51.3 dB | ch1  -63.64 (max dev 0.03)  ch2  -18.23 (max dev 0.03)  ch3  -99.08 (max dev 0.03)
[meter] 18:44:37 2.4000 GHz  windows 34379  with tone 34075  worst SNR -32.4 dB | tone +193061.5 Hz 10000 samples | ch1   +0.13 (max dev 0.05)  ch2   +0.50 (max dev 0.05)  ch3   +0.49 (max dev 0.05)
[meter] 18:44:42 2.4000 GHz  windows 34379  with tone 34075  worst SNR -32.4 dB | tone +193061.5 Hz 10000 samples | ch1   +0.13 (max dev 0.05)  ch2   +0.50 (max dev 0.05)  ch3   +0.49 (max dev 0.05)
[meter] 18:44:42 5.8000 GHz  windows 35896  with tone 112  worst SNR -41.0 dB | ch1  -44.68 (max dev 44.67)  ch2 +141.78 (max dev 141.76)  ch3  +31.93 (max dev 31.91)
[meter] 18:44:42 5.2000 GHz  windows 35540  with tone 112  worst SNR -51.3 dB | ch1  -63.64 (max dev 0.03)  ch2  -18.23 (max dev 0.03)  ch3  -99.08 (max dev 0.03)
[meter] 18:44:47 5.2000 GHz  windows 35540  with tone 112  worst SNR -51.3 dB | ch1  -63.64 (max dev 0.03)  ch2  -18.23 (max dev 0.03)  ch3  -99.08 (max dev 0.03)
[meter] 18:44:47 5.8000 GHz  windows 35896  with tone 112  worst SNR -41.0 dB | ch1  -44.68 (max dev 44.67)  ch2 +141.78 (max dev 141.76)  ch3  +31.93 (max dev 31.91)
[meter] 18:44:47 2.4000 GHz  windows 34379  with tone 34075  worst SNR -32.4 dB | tone +193061.5 Hz 10000 samples | ch1   +0.13 (max dev 0.05)  ch2   +0.50 (max dev 0.05)  ch3   +0.49 (max dev 0.05)
[meter] 18:44:52 5.2000 GHz  windows 35540  with tone 112  worst SNR -51.3 dB | ch1  -63.64 (max dev 0.03)  ch2  -18.23 (max dev 0.03)  ch3  -99.08 (max dev 0.03)
[meter] 18:44:52 5.8000 GHz  windows 35896  with tone 112  worst SNR -41.0 dB | ch1  -44.68 (max dev 44.67)  ch2 +141.78 (max dev 141.76)  ch3  +31.93 (max dev 31.91)
[meter] 18:44:52 2.4000 GHz  windows 34379  with tone 34075  worst SNR -32.4 dB | tone +193061.5 Hz 10000 samples | ch1   +0.13 (max dev 0.05)  ch2   +0.50 (max dev 0.05)  ch3   +0.49 (max dev 0.05)
[meter] 18:44:57 5.2000 GHz  windows 35540  with tone 112  worst SNR -51.3 dB | ch1  -63.64 (max dev 0.03)  ch2  -18.23 (max dev 0.03)  ch3  -99.08 (max dev 0.03)[meter] 18:44:57 5.8000 GHz  windows 35896  with tone 112  worst SNR -41.0 dB | ch1  -44.68 (max dev 44.67)  ch2 +141.78 (max dev 141.76)  ch3  +31.93 (max dev 31.91)

[meter] 18:44:57 2.4000 GHz  windows 34379  with tone 34075  worst SNR -32.4 dB | tone +193061.5 Hz 10000 samples | ch1   +0.13 (max dev 0.05)  ch2   +0.50 (max dev 0.05)  ch3   +0.49 (max dev 0.05)
[meter] 18:45:02 5.2000 GHz  windows 35540  with tone 112  worst SNR -51.3 dB | ch1  -63.64 (max dev 0.03)  ch2  -18.23 (max dev 0.03)  ch3  -99.08 (max dev 0.03)
[meter] 18:45:02 5.8000 GHz  windows 35896  with tone 112  worst SNR -41.0 dB | ch1  -44.68 (max dev 44.67)  ch2 +141.78 (max dev 141.76)  ch3  +31.93 (max dev 31.91)
[meter] 18:45:02 2.4000 GHz  windows 34379  with tone 34075  worst SNR -32.4 dB | tone +193061.5 Hz 10000 samples | ch1   +0.13 (max dev 0.05)  ch2   +0.50 (max dev 0.05)  ch3   +0.49 (max dev 0.05)
[meter] 18:45:07 5.8000 GHz  windows 35896  with tone 112  worst SNR -41.0 dB | ch1  -44.68 (max dev 44.67)  ch2 +141.78 (max dev 141.76)  ch3  +31.93 (max dev 31.91)
[meter] 18:45:07 5.2000 GHz  windows 35540  with tone 112  worst SNR -51.3 dB | ch1  -63.64 (max dev 0.03)  ch2  -18.23 (max dev 0.03)  ch3  -99.08 (max dev 0.03)
[meter] 18:45:07 2.4000 GHz  windows 34379  with tone 34075  worst SNR -32.4 dB | tone +193061.5 Hz 10000 samples | ch1   +0.13 (max dev 0.05)  ch2   +0.50 (max dev 0.05)  ch3   +0.49 (max dev 0.05)
[meter] 18:45:12 5.2000 GHz  windows 35540  with tone 112  worst SNR -51.3 dB | ch1  -63.64 (max dev 0.03)  ch2  -18.23 (max dev 0.03)  ch3  -99.08 (max dev 0.03)
[meter] 18:45:12 5.8000 GHz  windows 35896  with tone 112  worst SNR -41.0 dB | ch1  -44.68 (max dev 44.67)  ch2 +141.78 (max dev 141.76)  ch3  +31.93 (max dev 31.91)
[meter] 18:45:12 2.4000 GHz  windows 34379  with tone 34075  worst SNR -32.4 dB | tone +193061.5 Hz 10000 samples | ch1   +0.13 (max dev 0.05)  ch2   +0.50 (max dev 0.05)  ch3   +0.49 (max dev 0.05)
[meter] 18:45:17 5.2000 GHz  windows 35540  with tone 112  worst SNR -51.3 dB | ch1  -63.64 (max dev 0.03)  ch2  -18.23 (max dev 0.03)  ch3  -99.08 (max dev 0.03)
[meter] 18:45:17 5.8000 GHz  windows 35896  with tone 112  worst SNR -41.0 dB | ch1  -44.68 (max dev 44.67)  ch2 +141.78 (max dev 141.76)  ch3  +31.93 (max dev 31.91)[meter] 18:45:17 2.4000 GHz  windows 34379  with tone 34075  worst SNR -32.4 dB | tone +193061.5 Hz 10000 samples | ch1   +0.13 (max dev 0.05)  ch2   +0.50 (max dev 0.05)  ch3   +0.49 (max dev 0.05)

[meter] 18:45:22 5.8000 GHz  windows 35896  with tone 112  worst SNR -41.0 dB | ch1  -44.68 (max dev 44.67)  ch2 +141.78 (max dev 141.76)  ch3  +31.93 (max dev 31.91)
[meter] 18:45:22 5.2000 GHz  windows 35540  with tone 112  worst SNR -51.3 dB | ch1  -63.64 (max dev 0.03)  ch2  -18.23 (max dev 0.03)  ch3  -99.08 (max dev 0.03)
[meter] 18:45:22 2.4000 GHz  windows 34379  with tone 34075  worst SNR -32.4 dB | tone +193061.5 Hz 10000 samples | ch1   +0.13 (max dev 0.05)  ch2   +0.50 (max dev 0.05)  ch3   +0.49 (max dev 0.05)
[meter] 18:45:27 5.2000 GHz  windows 35540  with tone 112  worst SNR -51.3 dB | ch1  -63.64 (max dev 0.03)  ch2  -18.23 (max dev 0.03)  ch3  -99.08 (max dev 0.03)
[meter] 18:45:27 2.4000 GHz  windows 34379  with tone 34075  worst SNR -32.4 dB | tone +193061.5 Hz 10000 samples | ch1   +0.13 (max dev 0.05)  ch2   +0.50 (max dev 0.05)  ch3   +0.49 (max dev 0.05)
[meter] 18:45:27 5.8000 GHz  windows 35896  with tone 112  worst SNR -41.0 dB | ch1  -44.68 (max dev 44.67)  ch2 +141.78 (max dev 141.76)  ch3  +31.93 (max dev 31.91)
[meter] 18:45:32 5.2000 GHz  windows 35540  with tone 112  worst SNR -51.3 dB | ch1  -63.64 (max dev 0.03)  ch2  -18.23 (max dev 0.03)  ch3  -99.08 (max dev 0.03)
[meter] 18:45:32 2.4000 GHz  windows 34379  with tone 34075  worst SNR -32.4 dB | tone +193061.5 Hz 10000 samples | ch1   +0.13 (max dev 0.05)  ch2   +0.50 (max dev 0.05)  ch3   +0.49 (max dev 0.05)
[meter] 18:45:32 5.8000 GHz  windows 35896  with tone 112  worst SNR -41.0 dB | ch1  -44.68 (max dev 44.67)  ch2 +141.78 (max dev 141.76)  ch3  +31.93 (max dev 31.91)
[meter] 18:45:37 5.2000 GHz  windows 35540  with tone 112  worst SNR -51.3 dB | ch1  -63.64 (max dev 0.03)  ch2  -18.23 (max dev 0.03)  ch3  -99.08 (max dev 0.03)
[meter] 18:45:37 2.4000 GHz  windows 34379  with tone 34075  worst SNR -32.4 dB | tone +193061.5 Hz 10000 samples | ch1   +0.13 (max dev 0.05)  ch2   +0.50 (max dev 0.05)  ch3   +0.49 (max dev 0.05)
[meter] 18:45:37 5.8000 GHz  windows 35896  with tone 112  worst SNR -41.0 dB | ch1  -44.68 (max dev 44.67)  ch2 +141.78 (max dev 141.76)  ch3  +31.93 (max dev 31.91)
[meter] 18:45:42 5.2000 GHz  windows 35540  with tone 112  worst SNR -51.3 dB | ch1  -63.64 (max dev 0.03)  ch2  -18.23 (max dev 0.03)  ch3  -99.08 (max dev 0.03)
[meter] 18:45:42 2.4000 GHz  windows 34379  with tone 34075  worst SNR -32.4 dB | tone +193061.5 Hz 10000 samples | ch1   +0.13 (max dev 0.05)  ch2   +0.50 (max dev 0.05)  ch3   +0.49 (max dev 0.05)
[meter] 18:45:42 5.8000 GHz  windows 35896  with tone 112  worst SNR -41.0 dB | ch1  -44.68 (max dev 44.67)  ch2 +141.78 (max dev 141.76)  ch3  +31.93 (max dev 31.91)
[meter] 18:45:47 5.2000 GHz  windows 35540  with tone 112  worst SNR -51.3 dB | ch1  -63.64 (max dev 0.03)  ch2  -18.23 (max dev 0.03)  ch3  -99.08 (max dev 0.03)
[meter] 18:45:47 2.4000 GHz  windows 34379  with tone 34075  worst SNR -32.4 dB | tone +193061.5 Hz 10000 samples | ch1   +0.13 (max dev 0.05)  ch2   +0.50 (max dev 0.05)  ch3   +0.49 (max dev 0.05)
[meter] 18:45:47 5.8000 GHz  windows 35896  with tone 112  worst SNR -41.0 dB | ch1  -44.68 (max dev 44.67)  ch2 +141.78 (max dev 141.76)  ch3  +31.93 (max dev 31.91)
[meter] 18:45:52 5.2000 GHz  windows 35540  with tone 112  worst SNR -51.3 dB | ch1  -63.64 (max dev 0.03)  ch2  -18.23 (max dev 0.03)  ch3  -99.08 (max dev 0.03)
[meter] 18:45:52 2.4000 GHz  windows 34379  with tone 34075  worst SNR -32.4 dB | tone +193061.5 Hz 10000 samples | ch1   +0.13 (max dev 0.05)  ch2   +0.50 (max dev 0.05)  ch3   +0.49 (max dev 0.05)
[meter] 18:45:52 5.8000 GHz  windows 35896  with tone 112  worst SNR -41.0 dB | ch1  -44.68 (max dev 44.67)  ch2 +141.78 (max dev 141.76)  ch3  +31.93 (max dev 31.91)
[meter] 18:45:57 5.2000 GHz  windows 35540  with tone 112  worst SNR -51.3 dB | ch1  -63.64 (max dev 0.03)  ch2  -18.23 (max dev 0.03)  ch3  -99.08 (max dev 0.03)
[meter] 18:45:57 5.8000 GHz  windows 35896  with tone 112  worst SNR -41.0 dB | ch1  -44.68 (max dev 44.67)  ch2 +141.78 (max dev 141.76)  ch3  +31.93 (max dev 31.91)
[meter] 18:45:57 2.4000 GHz  windows 34379  with tone 34075  worst SNR -32.4 dB | tone +193061.5 Hz 10000 samples | ch1   +0.13 (max dev 0.05)  ch2   +0.50 (max dev 0.05)  ch3   +0.49 (max dev 0.05)
[meter] 18:46:02 5.2000 GHz  windows 35540  with tone 112  worst SNR -51.3 dB | ch1  -63.64 (max dev 0.03)  ch2  -18.23 (max dev 0.03)  ch3  -99.08 (max dev 0.03)
[meter] 18:46:02 5.8000 GHz  windows 35896  with tone 112  worst SNR -41.0 dB | ch1  -44.68 (max dev 44.67)  ch2 +141.78 (max dev 141.76)  ch3  +31.93 (max dev 31.91)
[meter] 18:46:02 2.4000 GHz  windows 34379  with tone 34075  worst SNR -32.4 dB | tone +193061.5 Hz 10000 samples | ch1   +0.13 (max dev 0.05)  ch2   +0.50 (max dev 0.05)  ch3   +0.49 (max dev 0.05)
[meter] 18:46:07 5.2000 GHz  windows 35540  with tone 112  worst SNR -51.3 dB | ch1  -63.64 (max dev 0.03)  ch2  -18.23 (max dev 0.03)  ch3  -99.08 (max dev 0.03)
[meter] 18:46:07 5.8000 GHz  windows 35896  with tone 112  worst SNR -41.0 dB | ch1  -44.68 (max dev 44.67)  ch2 +141.78 (max dev 141.76)  ch3  +31.93 (max dev 31.91)
[meter] 18:46:07 2.4000 GHz  windows 34379  with tone 34075  worst SNR -32.4 dB | tone +193061.5 Hz 10000 samples | ch1   +0.13 (max dev 0.05)  ch2   +0.50 (max dev 0.05)  ch3   +0.49 (max dev 0.05)
[meter] 18:46:12 5.2000 GHz  windows 35540  with tone 112  worst SNR -51.3 dB | ch1  -63.64 (max dev 0.03)  ch2  -18.23 (max dev 0.03)  ch3  -99.08 (max dev 0.03)
[meter] 18:46:12 5.8000 GHz  windows 35896  with tone 112  worst SNR -41.0 dB | ch1  -44.68 (max dev 44.67)  ch2 +141.78 (max dev 141.76)  ch3  +31.93 (max dev 31.91)
[meter] 18:46:12 2.4000 GHz  windows 34379  with tone 34075  worst SNR -32.4 dB | tone +193061.5 Hz 10000 samples | ch1   +0.13 (max dev 0.05)  ch2   +0.50 (max dev 0.05)  ch3   +0.49 (max dev 0.05)
[meter] 18:46:17 5.2000 GHz  windows 35540  with tone 112  worst SNR -51.3 dB | ch1  -63.64 (max dev 0.03)  ch2  -18.23 (max dev 0.03)  ch3  -99.08 (max dev 0.03)
[meter] 18:46:17 5.8000 GHz  windows 35896  with tone 112  worst SNR -41.0 dB | ch1  -44.68 (max dev 44.67)  ch2 +141.78 (max dev 141.76)  ch3  +31.93 (max dev 31.91)
[meter] 18:46:17 2.4000 GHz  windows 34379  with tone 34075  worst SNR -32.4 dB | tone +193061.5 Hz 10000 samples | ch1   +0.13 (max dev 0.05)  ch2   +0.50 (max dev 0.05)  ch3   +0.49 (max dev 0.05)
[meter] 18:46:22 5.2000 GHz  windows 35540  with tone 112  worst SNR -51.3 dB | ch1  -63.64 (max dev 0.03)  ch2  -18.23 (max dev 0.03)  ch3  -99.08 (max dev 0.03)
[meter] 18:46:22 5.8000 GHz  windows 35896  with tone 112  worst SNR -41.0 dB | ch1  -44.68 (max dev 44.67)  ch2 +141.78 (max dev 141.76)  ch3  +31.93 (max dev 31.91)
[meter] 18:46:22 2.4000 GHz  windows 34379  with tone 34075  worst SNR -32.4 dB | tone +193061.5 Hz 10000 samples | ch1   +0.13 (max dev 0.05)  ch2   +0.50 (max dev 0.05)  ch3   +0.49 (max dev 0.05)
[meter] 18:46:27 5.2000 GHz  windows 35540  with tone 112  worst SNR -51.3 dB | ch1  -63.64 (max dev 0.03)  ch2  -18.23 (max dev 0.03)  ch3  -99.08 (max dev 0.03)
[meter] 18:46:27 5.8000 GHz  windows 35896  with tone 112  worst SNR -41.0 dB | ch1  -44.68 (max dev 44.67)  ch2 +141.78 (max dev 141.76)  ch3  +31.93 (max dev 31.91)
[meter] 18:46:27 2.4000 GHz  windows 34379  with tone 34075  worst SNR -32.4 dB | tone +193061.5 Hz 10000 samples | ch1   +0.13 (max dev 0.05)  ch2   +0.50 (max dev 0.05)  ch3   +0.49 (max dev 0.05)
[meter] 18:46:32 5.2000 GHz  windows 35540  with tone 112  worst SNR -51.3 dB | ch1  -63.64 (max dev 0.03)  ch2  -18.23 (max dev 0.03)  ch3  -99.08 (max dev 0.03)
[meter] 18:46:32 5.8000 GHz  windows 35896  with tone 112  worst SNR -41.0 dB | ch1  -44.68 (max dev 44.67)  ch2 +141.78 (max dev 141.76)  ch3  +31.93 (max dev 31.91)
[meter] 18:46:32 2.4000 GHz  windows 34379  with tone 34075  worst SNR -32.4 dB | tone +193061.5 Hz 10000 samples | ch1   +0.13 (max dev 0.05)  ch2   +0.50 (max dev 0.05)  ch3   +0.49 (max dev 0.05)
[meter] 18:46:37 5.2000 GHz  windows 35540  with tone 112  worst SNR -51.3 dB | ch1  -63.64 (max dev 0.03)  ch2  -18.23 (max dev 0.03)  ch3  -99.08 (max dev 0.03)
[meter] 18:46:37 5.8000 GHz  windows 35896  with tone 112  worst SNR -41.0 dB | ch1  -44.68 (max dev 44.67)  ch2 +141.78 (max dev 141.76)  ch3  +31.93 (max dev 31.91)
[meter] 18:46:37 2.4000 GHz  windows 34379  with tone 34075  worst SNR -32.4 dB | tone +193061.5 Hz 10000 samples | ch1   +0.13 (max dev 0.05)  ch2   +0.50 (max dev 0.05)  ch3   +0.49 (max dev 0.05)
[meter] 18:46:42 5.2000 GHz  windows 35540  with tone 112  worst SNR -51.3 dB | ch1  -63.64 (max dev 0.03)  ch2  -18.23 (max dev 0.03)  ch3  -99.08 (max dev 0.03)
[meter] 18:46:42 5.8000 GHz  windows 35896  with tone 112  worst SNR -41.0 dB | ch1  -44.68 (max dev 44.67)  ch2 +141.78 (max dev 141.76)  ch3  +31.93 (max dev 31.91)
[meter] 18:46:42 2.4000 GHz  windows 34379  with tone 34075  worst SNR -32.4 dB | tone +193061.5 Hz 10000 samples | ch1   +0.13 (max dev 0.05)  ch2   +0.50 (max dev 0.05)  ch3   +0.49 (max dev 0.05)
[meter] 18:46:47 5.2000 GHz  windows 35540  with tone 112  worst SNR -51.3 dB | ch1  -63.64 (max dev 0.03)  ch2  -18.23 (max dev 0.03)  ch3  -99.08 (max dev 0.03)
[meter] 18:46:47 5.8000 GHz  windows 35896  with tone 112  worst SNR -41.0 dB | ch1  -44.68 (max dev 44.67)  ch2 +141.78 (max dev 141.76)  ch3  +31.93 (max dev 31.91)
[meter] 18:46:47 2.4000 GHz  windows 34379  with tone 34075  worst SNR -32.4 dB | tone +193061.5 Hz 10000 samples | ch1   +0.13 (max dev 0.05)  ch2   +0.50 (max dev 0.05)  ch3   +0.49 (max dev 0.05)
[meter] 18:46:52 5.2000 GHz  windows 35540  with tone 112  worst SNR -51.3 dB | ch1  -63.64 (max dev 0.03)  ch2  -18.23 (max dev 0.03)  ch3  -99.08 (max dev 0.03)
[meter] 18:46:52 5.8000 GHz  windows 35896  with tone 112  worst SNR -41.0 dB | ch1  -44.68 (max dev 44.67)  ch2 +141.78 (max dev 141.76)  ch3  +31.93 (max dev 31.91)
[meter] 18:46:52 2.4000 GHz  windows 34379  with tone 34075  worst SNR -32.4 dB | tone +193061.5 Hz 10000 samples | ch1   +0.13 (max dev 0.05)  ch2   +0.50 (max dev 0.05)  ch3   +0.49 (max dev 0.05)
[meter] 18:46:57 5.2000 GHz  windows 35540  with tone 112  worst SNR -51.3 dB | ch1  -63.64 (max dev 0.03)  ch2  -18.23 (max dev 0.03)  ch3  -99.08 (max dev 0.03)
[meter] 18:46:57 5.8000 GHz  windows 35896  with tone 112  worst SNR -41.0 dB | ch1  -44.68 (max dev 44.67)  ch2 +141.78 (max dev 141.76)  ch3  +31.93 (max dev 31.91)
[meter] 18:46:57 2.4000 GHz  windows 34379  with tone 34075  worst SNR -32.4 dB | tone +193061.5 Hz 10000 samples | ch1   +0.13 (max dev 0.05)  ch2   +0.50 (max dev 0.05)  ch3   +0.49 (max dev 0.05)
[meter] 18:47:02 5.2000 GHz  windows 35540  with tone 112  worst SNR -51.3 dB | ch1  -63.64 (max dev 0.03)  ch2  -18.23 (max dev 0.03)  ch3  -99.08 (max dev 0.03)
[meter] 18:47:02 5.8000 GHz  windows 35896  with tone 112  worst SNR -41.0 dB | ch1  -44.68 (max dev 44.67)  ch2 +141.78 (max dev 141.76)  ch3  +31.93 (max dev 31.91)
[meter] 18:47:02 2.4000 GHz  windows 34379  with tone 34075  worst SNR -32.4 dB | tone +193061.5 Hz 10000 samples | ch1   +0.13 (max dev 0.05)  ch2   +0.50 (max dev 0.05)  ch3   +0.49 (max dev 0.05)
[meter] 18:47:07 5.2000 GHz  windows 35540  with tone 112  worst SNR -51.3 dB | ch1  -63.64 (max dev 0.03)  ch2  -18.23 (max dev 0.03)  ch3  -99.08 (max dev 0.03)
[meter] 18:47:07 5.8000 GHz  windows 35896  with tone 112  worst SNR -41.0 dB | ch1  -44.68 (max dev 44.67)  ch2 +141.78 (max dev 141.76)  ch3  +31.93 (max dev 31.91)
[meter] 18:47:07 2.4000 GHz  windows 34379  with tone 34075  worst SNR -32.4 dB | tone +193061.5 Hz 10000 samples | ch1   +0.13 (max dev 0.05)  ch2   +0.50 (max dev 0.05)  ch3   +0.49 (max dev 0.05)
[meter] 18:47:12 5.2000 GHz  windows 35540  with tone 112  worst SNR -51.3 dB | ch1  -63.64 (max dev 0.03)  ch2  -18.23 (max dev 0.03)  ch3  -99.08 (max dev 0.03)
[meter] 18:47:12 5.8000 GHz  windows 35896  with tone 112  worst SNR -41.0 dB | ch1  -44.68 (max dev 44.67)  ch2 +141.78 (max dev 141.76)  ch3  +31.93 (max dev 31.91)
[meter] 18:47:12 2.4000 GHz  windows 34379  with tone 34075  worst SNR -32.4 dB | tone +193061.5 Hz 10000 samples | ch1   +0.13 (max dev 0.05)  ch2   +0.50 (max dev 0.05)  ch3   +0.49 (max dev 0.05)
[meter] 18:47:17 5.2000 GHz  windows 35540  with tone 112  worst SNR -51.3 dB | ch1  -63.64 (max dev 0.03)  ch2  -18.23 (max dev 0.03)  ch3  -99.08 (max dev 0.03)
[meter] 18:47:17 5.8000 GHz  windows 35896  with tone 112  worst SNR -41.0 dB | ch1  -44.68 (max dev 44.67)  ch2 +141.78 (max dev 141.76)  ch3  +31.93 (max dev 31.91)
[meter] 18:47:17 2.4000 GHz  windows 34379  with tone 34075  worst SNR -32.4 dB | tone +193061.5 Hz 10000 samples | ch1   +0.13 (max dev 0.05)  ch2   +0.50 (max dev 0.05)  ch3   +0.49 (max dev 0.05)
[meter] 18:47:22 5.2000 GHz  windows 35540  with tone 112  worst SNR -51.3 dB | ch1  -63.64 (max dev 0.03)  ch2  -18.23 (max dev 0.03)  ch3  -99.08 (max dev 0.03)
[meter] 18:47:22 5.8000 GHz  windows 35896  with tone 112  worst SNR -41.0 dB | ch1  -44.68 (max dev 44.67)  ch2 +141.78 (max dev 141.76)  ch3  +31.93 (max dev 31.91)
[meter] 18:47:22 2.4000 GHz  windows 34379  with tone 34075  worst SNR -32.4 dB | tone +193061.5 Hz 10000 samples | ch1   +0.13 (max dev 0.05)  ch2   +0.50 (max dev 0.05)  ch3   +0.49 (max dev 0.05)
[meter] 18:47:27 5.2000 GHz  windows 35540  with tone 112  worst SNR -51.3 dB | ch1  -63.64 (max dev 0.03)  ch2  -18.23 (max dev 0.03)  ch3  -99.08 (max dev 0.03)
[meter] 18:47:27 5.8000 GHz  windows 35896  with tone 112  worst SNR -41.0 dB | ch1  -44.68 (max dev 44.67)  ch2 +141.78 (max dev 141.76)  ch3  +31.93 (max dev 31.91)
[meter] 18:47:27 2.4000 GHz  windows 34379  with tone 34075  worst SNR -32.4 dB | tone +193061.5 Hz 10000 samples | ch1   +0.13 (max dev 0.05)  ch2   +0.50 (max dev 0.05)  ch3   +0.49 (max dev 0.05)
[meter] 18:47:32 5.2000 GHz  windows 35540  with tone 112  worst SNR -51.3 dB | ch1  -63.64 (max dev 0.03)  ch2  -18.23 (max dev 0.03)  ch3  -99.08 (max dev 0.03)
[meter] 18:47:32 5.8000 GHz  windows 35896  with tone 112  worst SNR -41.0 dB | ch1  -44.68 (max dev 44.67)  ch2 +141.78 (max dev 141.76)  ch3  +31.93 (max dev 31.91)
[meter] 18:47:32 2.4000 GHz  windows 34379  with tone 34075  worst SNR -32.4 dB | tone +193061.5 Hz 10000 samples | ch1   +0.13 (max dev 0.05)  ch2   +0.50 (max dev 0.05)  ch3   +0.49 (max dev 0.05)
[meter] 18:47:37 5.2000 GHz  windows 35540  with tone 112  worst SNR -51.3 dB | ch1  -63.64 (max dev 0.03)  ch2  -18.23 (max dev 0.03)  ch3  -99.08 (max dev 0.03)
[meter] 18:47:37 5.8000 GHz  windows 35896  with tone 112  worst SNR -41.0 dB | ch1  -44.68 (max dev 44.67)  ch2 +141.78 (max dev 141.76)  ch3  +31.93 (max dev 31.91)
[meter] 18:47:37 2.4000 GHz  windows 34379  with tone 34075  worst SNR -32.4 dB | tone +193061.5 Hz 10000 samples | ch1   +0.13 (max dev 0.05)  ch2   +0.50 (max dev 0.05)  ch3   +0.49 (max dev 0.05)
[meter] 18:47:42 5.2000 GHz  windows 35540  with tone 112  worst SNR -51.3 dB | ch1  -63.64 (max dev 0.03)  ch2  -18.23 (max dev 0.03)  ch3  -99.08 (max dev 0.03)
[meter] 18:47:42 5.8000 GHz  windows 35896  with tone 112  worst SNR -41.0 dB | ch1  -44.68 (max dev 44.67)  ch2 +141.78 (max dev 141.76)  ch3  +31.93 (max dev 31.91)
[meter] 18:47:42 2.4000 GHz  windows 34379  with tone 34075  worst SNR -32.4 dB | tone +193061.5 Hz 10000 samples | ch1   +0.13 (max dev 0.05)  ch2   +0.50 (max dev 0.05)  ch3   +0.49 (max dev 0.05)
[meter] 18:47:47 5.2000 GHz  windows 35540  with tone 112  worst SNR -51.3 dB | ch1  -63.64 (max dev 0.03)  ch2  -18.23 (max dev 0.03)  ch3  -99.08 (max dev 0.03)
[meter] 18:47:47 5.8000 GHz  windows 35896  with tone 112  worst SNR -41.0 dB | ch1  -44.68 (max dev 44.67)  ch2 +141.78 (max dev 141.76)  ch3  +31.93 (max dev 31.91)
[meter] 18:47:47 2.4000 GHz  windows 34379  with tone 34075  worst SNR -32.4 dB | tone +193061.5 Hz 10000 samples | ch1   +0.13 (max dev 0.05)  ch2   +0.50 (max dev 0.05)  ch3   +0.49 (max dev 0.05)
[meter] 18:47:52 5.2000 GHz  windows 35540  with tone 112  worst SNR -51.3 dB | ch1  -63.64 (max dev 0.03)  ch2  -18.23 (max dev 0.03)  ch3  -99.08 (max dev 0.03)
[meter] 18:47:52 5.8000 GHz  windows 35896  with tone 112  worst SNR -41.0 dB | ch1  -44.68 (max dev 44.67)  ch2 +141.78 (max dev 141.76)  ch3  +31.93 (max dev 31.91)
[meter] 18:47:52 2.4000 GHz  windows 34379  with tone 34075  worst SNR -32.4 dB | tone +193061.5 Hz 10000 samples | ch1   +0.13 (max dev 0.05)  ch2   +0.50 (max dev 0.05)  ch3   +0.49 (max dev 0.05)
[meter] 18:47:57 5.2000 GHz  windows 35540  with tone 112  worst SNR -51.3 dB | ch1  -63.64 (max dev 0.03)  ch2  -18.23 (max dev 0.03)  ch3  -99.08 (max dev 0.03)
[meter] 18:47:57 5.8000 GHz  windows 35896  with tone 112  worst SNR -41.0 dB | ch1  -44.68 (max dev 44.67)  ch2 +141.78 (max dev 141.76)  ch3  +31.93 (max dev 31.91)
[meter] 18:47:57 2.4000 GHz  windows 34379  with tone 34075  worst SNR -32.4 dB | tone +193061.5 Hz 10000 samples | ch1   +0.13 (max dev 0.05)  ch2   +0.50 (max dev 0.05)  ch3   +0.49 (max dev 0.05)
[meter] 18:48:02 5.2000 GHz  windows 35540  with tone 112  worst SNR -51.3 dB | ch1  -63.64 (max dev 0.03)  ch2  -18.23 (max dev 0.03)  ch3  -99.08 (max dev 0.03)
[meter] 18:48:02 5.8000 GHz  windows 35896  with tone 112  worst SNR -41.0 dB | ch1  -44.68 (max dev 44.67)  ch2 +141.78 (max dev 141.76)  ch3  +31.93 (max dev 31.91)
[meter] 18:48:02 2.4000 GHz  windows 34379  with tone 34075  worst SNR -32.4 dB | tone +193061.5 Hz 10000 samples | ch1   +0.13 (max dev 0.05)  ch2   +0.50 (max dev 0.05)  ch3   +0.49 (max dev 0.05)
[meter] 18:48:07 5.2000 GHz  windows 35540  with tone 112  worst SNR -51.3 dB | ch1  -63.64 (max dev 0.03)  ch2  -18.23 (max dev 0.03)  ch3  -99.08 (max dev 0.03)
[meter] 18:48:07 5.8000 GHz  windows 35896  with tone 112  worst SNR -41.0 dB | ch1  -44.68 (max dev 44.67)  ch2 +141.78 (max dev 141.76)  ch3  +31.93 (max dev 31.91)
[meter] 18:48:07 2.4000 GHz  windows 34379  with tone 34075  worst SNR -32.4 dB | tone +193061.5 Hz 10000 samples | ch1   +0.13 (max dev 0.05)  ch2   +0.50 (max dev 0.05)  ch3   +0.49 (max dev 0.05)
[meter] 18:48:12 5.2000 GHz  windows 35540  with tone 112  worst SNR -51.3 dB | ch1  -63.64 (max dev 0.03)  ch2  -18.23 (max dev 0.03)  ch3  -99.08 (max dev 0.03)
[meter] 18:48:12 5.8000 GHz  windows 35896  with tone 112  worst SNR -41.0 dB | ch1  -44.68 (max dev 44.67)  ch2 +141.78 (max dev 141.76)  ch3  +31.93 (max dev 31.91)
[meter] 18:48:12 2.4000 GHz  windows 34379  with tone 34075  worst SNR -32.4 dB | tone +193061.5 Hz 10000 samples | ch1   +0.13 (max dev 0.05)  ch2   +0.50 (max dev 0.05)  ch3   +0.49 (max dev 0.05)
[meter] 18:48:17 5.2000 GHz  windows 35540  with tone 112  worst SNR -51.3 dB | ch1  -63.64 (max dev 0.03)  ch2  -18.23 (max dev 0.03)  ch3  -99.08 (max dev 0.03)
[meter] 18:48:17 5.8000 GHz  windows 35896  with tone 112  worst SNR -41.0 dB | ch1  -44.68 (max dev 44.67)  ch2 +141.78 (max dev 141.76)  ch3  +31.93 (max dev 31.91)
[meter] 18:48:17 2.4000 GHz  windows 34379  with tone 34075  worst SNR -32.4 dB | tone +193061.5 Hz 10000 samples | ch1   +0.13 (max dev 0.05)  ch2   +0.50 (max dev 0.05)  ch3   +0.49 (max dev 0.05)
[meter] 18:48:22 5.2000 GHz  windows 35540  with tone 112  worst SNR -51.3 dB | ch1  -63.64 (max dev 0.03)  ch2  -18.23 (max dev 0.03)  ch3  -99.08 (max dev 0.03)
[meter] 18:48:22 5.8000 GHz  windows 35896  with tone 112  worst SNR -41.0 dB | ch1  -44.68 (max dev 44.67)  ch2 +141.78 (max dev 141.76)  ch3  +31.93 (max dev 31.91)
[meter] 18:48:22 2.4000 GHz  windows 34379  with tone 34075  worst SNR -32.4 dB | tone +193061.5 Hz 10000 samples | ch1   +0.13 (max dev 0.05)  ch2   +0.50 (max dev 0.05)  ch3   +0.49 (max dev 0.05)
[radio] stopped. {'slots': 160066, 'valid': 157003, 'skipped': 0, 'late': 3053, 'unlocked': 0, 'unknown_in_time': 0, 'max_send_ms': 9.49822800248512, 'avg_send_ms': 2.865089801764003, 'timing_lost': None, 'stream_errors': {'overflow': 0, 'timeout': 0, 'other': 0}, 'pkt_ts_scale': 0.0, 'bursts': {'ok': 110185, 'missing': 10}, 'rt_priority': 'on'}
[radio] modes: {'requested': 'MON', 'mode': 'MON', 'switches': 7, 'switches_bad': 0, 'last_switch_to': 'MON', 'last_switch_ok': 'locked', 'last_request_to_dwell_ms': 32.11636399987583, 'last_switch_to_dwell_ms': 6.750000000010914, 'mon_dwell_samples': 1994804334, 'df_dwell_samples': 1101820000, 'last_route_ms': 2.399616001639515, 'mon_lock': [True, True, True, True], 'mon_slots_verified': 49873, 'mon_slots_not_used': 0}
