/home/shankar/radar2/guru/guru_burst.py:13: DeprecationWarning: The distutils package is deprecated and slated for removal in Python 3.12. Use setuptools or check PEP 632 for potential alternatives
  from distutils.version import StrictVersion
Warning: Ignoring XDG_SESSION_TYPE=wayland on Gnome. Use QT_QPA_PLATFORM=wayland to run on Wayland anyway.
[INFO] [UHD] linux; GNU C++ version 11.4.0; Boost_107400; UHD_3.15.0.HEAD-0-gaea0e2de
[INFO] [X300] X300 initialization sequence...
[INFO] [X300] Maximum frame size: 1472 bytes.
[INFO] [X300] Radio 1x clock: 200 MHz
[INFO] [0/DmaFIFO_0] Initializing block control (NOC ID: 0xF1F0D00000000000)
[INFO] [0/DmaFIFO_0] BIST passed (Throughput: 1303 MB/s)
[INFO] [0/DmaFIFO_0] BIST passed (Throughput: 1299 MB/s)
[INFO] [0/Radio_0] Initializing block control (NOC ID: 0x12AD100000000001)
[INFO] [0/Radio_1] Initializing block control (NOC ID: 0x12AD100000000001)
[INFO] [0/DDC_0] Initializing block control (NOC ID: 0xDDC0000000000000)
[INFO] [0/DDC_1] Initializing block control (NOC ID: 0xDDC0000000000000)
[INFO] [0/DUC_0] Initializing block control (NOC ID: 0xD0C0000000000000)
[INFO] [0/DUC_1] Initializing block control (NOC ID: 0xD0C0000000000000)
[WARNING] [X300] Cannot update master clock rate! X300 Series does not allow changing the clock rate during runtime.
[INFO] [MULTI_USRP]     1) catch time transition at pps edge
[INFO] [MULTI_USRP]     2) set times next pps (synchronously)
[radio] X310 ready (C++ engine): 3 band(s), 7.00 ms switching (0.25 before + 6.75 after each switch), DDC 0 Hz, real-time priority 90
        band 0:   2.4000 GHz  gain 46.0 dB (+trim)  dwell    5.00 ms
        band 1:   5.2000 GHz  gain 60.0 dB (+trim)  dwell    5.00 ms
        band 2:   5.8000 GHz  gain 69.0 dB (+trim)  dwell    5.00 ms
        BURST mode: the X310 sends only each dwell (+0.25 ms pre-roll inside the switching time), nothing while the LO relocks
[radio] calibration tone parked on 2.4000 GHz
[phasecal]   2.4000 GHz  ch1  +175.90 deg  ch2   -86.62 deg  ch3  -168.03 deg
[phasecal]   5.2000 GHz  ch1  +111.43 deg  ch2   +71.93 deg  ch3   +35.91 deg
[phasecal]   5.8000 GHz  ch1   +82.66 deg  ch2  +155.54 deg  ch3  +173.74 deg
[phasecal] following the source's hop marks (sample-exact)
[*] Calibration source: HackRF One (started separately).
TwinRX USRP Source block owns LO routing and tuning.
[radio] calibration tone parked on 2.4000 GHz
[meter] 18:20:24 5.8000 GHz  windows 119  with tone 0  worst SNR -17.3 dB | no tone[meter] 18:20:24 5.2000 GHz  windows 119  with tone 0  worst SNR -32.1 dB | no tone

[meter] 18:20:24 2.4000 GHz  windows 119  with tone 119  worst SNR 61.0 dB | tone +191855.3 Hz 10000 samples | ch1 +138.91 (max dev 0.08)  ch2  -68.72 (max dev 0.06)  ch3  +90.46 (max dev 0.10)
[meter] 18:20:29 5.2000 GHz  windows 258  with tone 0  worst SNR -32.1 dB | no tone
[meter] 18:20:29 2.4000 GHz  windows 99  with tone 99  worst SNR 61.1 dB | tone +191857.1 Hz 10000 samples | ch1 +138.88 (max dev 0.07)  ch2  -68.70 (max dev 0.06)  ch3  +90.43 (max dev 0.05)
[meter] 18:20:29 5.8000 GHz  windows 258  with tone 0  worst SNR -17.3 dB | no tone
[radio] calibration tone parked on 5.2000 GHz
[meter] 18:20:34 2.4000 GHz  windows 238  with tone 111  worst SNR -44.3 dB | ch1 +138.88 (max dev 0.07)  ch2  -68.70 (max dev 0.06)  ch3  +90.43 (max dev 0.05)
[meter] 18:20:34 5.2000 GHz  windows 81  with tone 81  worst SNR 55.5 dB | tone +182364.0 Hz 10000 samples | ch1  -64.08 (max dev 0.03)  ch2  -21.21 (max dev 0.03)  ch3 -103.63 (max dev 0.03)
[meter] 18:20:34 5.8000 GHz  windows 397  with tone 0  worst SNR -28.4 dB | no tone
[radio] calibration tone parked on 5.8000 GHz
[meter] 18:20:39 5.8000 GHz  windows 63  with tone 63  worst SNR 53.8 dB | tone +180301.3 Hz 10000 samples | ch1  -45.46 (max dev 0.02)  ch2 +137.94 (max dev 0.02)  ch3  +26.81 (max dev 0.03)
[meter] 18:20:39 2.4000 GHz  windows 377  with tone 111  worst SNR -44.3 dB | ch1 +138.88 (max dev 0.07)  ch2  -68.70 (max dev 0.06)  ch3  +90.43 (max dev 0.05)
[meter] 18:20:39 5.2000 GHz  windows 220  with tone 111  worst SNR -20.9 dB | ch1  -64.08 (max dev 0.03)  ch2  -21.21 (max dev 0.04)  ch3 -103.63 (max dev 0.03)
[phasecal] now   2.4000 GHz  ch1   -45.22 deg  ch2  -155.32 deg  ch3   -77.60 deg
[phasecal] now   5.2000 GHz  ch1   +47.35 deg  ch2   +50.72 deg  ch3   -67.72 deg
[phasecal] now   5.8000 GHz  ch1   +37.20 deg  ch2   -66.52 deg  ch3  -159.45 deg
[cal] OK 2026-09-29 18:20:41 -- table updated (largest correction change 138.88 deg, worst single window 0.07 deg)
[radio] calibration tone parked on 2.4000 GHz
[meter] 18:20:44 5.2000 GHz  windows 359  with tone 111  worst SNR -27.0 dB | ch1  -64.08 (max dev 0.03)  ch2  -21.21 (max dev 0.04)  ch3 -103.63 (max dev 0.03)
[meter] 18:20:44 5.8000 GHz  windows 201  with tone 112  worst SNR -16.3 dB | ch1  -45.09 (max dev 45.10)  ch2 +137.59 (max dev 137.58)  ch3  +26.58 (max dev 26.57)
[meter] 18:20:44 2.4000 GHz  windows 514  with tone 199  worst SNR -44.3 dB | tone +191841.8 Hz 10000 samples | ch1  +86.57 (max dev 86.62)  ch2  -38.86 (max dev 38.92)  ch3  +51.86 (max dev 51.90)
[radio] calibration tone parked on 5.2000 GHz
[meter] 18:20:49 5.8000 GHz  windows 340  with tone 112  worst SNR -16.3 dB | ch1  -45.09 (max dev 45.10)  ch2 +137.59 (max dev 137.58)  ch3  +26.58 (max dev 26.57)
[meter] 18:20:49 5.2000 GHz  windows 498  with tone 111  worst SNR -27.0 dB | ch1  -64.08 (max dev 0.03)  ch2  -21.21 (max dev 0.04)  ch3 -103.63 (max dev 0.03)
[meter] 18:20:49 2.4000 GHz  windows 653  with tone 338  worst SNR -44.3 dB | tone +191798.8 Hz 10000 samples | ch1   +0.01 (max dev 0.06)  ch2   +0.01 (max dev 0.06)  ch3   +0.02 (max dev 0.05)
[radio] calibration tone parked on 5.8000 GHz
[meter] 18:20:54 5.8000 GHz  windows 479  with tone 133  worst SNR -21.3 dB | tone +180112.6 Hz 10000 samples | ch1  -38.39 (max dev 38.40)  ch2 +129.09 (max dev 129.13)  ch3  +22.46 (max dev 22.51)
[meter] 18:20:54 5.2000 GHz  windows 637  with tone 228  worst SNR -27.0 dB | ch1  -25.97 (max dev 38.14)  ch2   -8.80 (max dev 12.45)  ch3  -39.64 (max dev 64.01)
[meter] 18:20:54 2.4000 GHz  windows 792  with tone 338  worst SNR -44.3 dB | ch1   +0.01 (max dev 0.06)  ch2   +0.01 (max dev 0.06)  ch3   +0.02 (max dev 0.05)
[meter] 18:20:59 5.2000 GHz  windows 776  with tone 228  worst SNR -27.0 dB | ch1  -25.97 (max dev 38.14)  ch2   -8.80 (max dev 12.45)  ch3  -39.64 (max dev 64.01)
[meter] 18:20:59 5.8000 GHz  windows 618  with tone 272  worst SNR -21.3 dB | tone +180071.2 Hz 10000 samples | ch1   -8.40 (max dev 37.08)  ch2  +11.17 (max dev 126.79)  ch3   +5.12 (max dev 21.71)
[meter] 18:20:59 2.4000 GHz  windows 931  with tone 338  worst SNR -44.3 dB | ch1   +0.01 (max dev 0.06)  ch2   +0.01 (max dev 0.06)  ch3   +0.02 (max dev 0.05)
[radio] calibration tone parked on 2.4000 GHz
[meter] 18:21:04 5.8000 GHz  windows 757  with tone 389  worst SNR -21.3 dB | ch1   -0.01 (max dev 0.03)  ch2   -0.03 (max dev 0.03)  ch3   -0.03 (max dev 0.03)
[meter] 18:21:04 5.2000 GHz  windows 915  with tone 228  worst SNR -31.2 dB | ch1  -25.97 (max dev 38.14)  ch2   -8.80 (max dev 12.45)  ch3  -39.64 (max dev 64.01)
[meter] 18:21:04 2.4000 GHz  windows 1070  with tone 360  worst SNR -44.3 dB | tone +191706.8 Hz 10000 samples | ch1   +0.01 (max dev 0.06)  ch2   +0.01 (max dev 0.06)  ch3   +0.02 (max dev 0.05)
[radio] calibration tone parked on 5.2000 GHz
[meter] 18:21:09 2.4000 GHz  windows 116  with tone 111  worst SNR -2.8 dB | ch1   +0.01 (max dev 0.07)  ch2   -0.01 (max dev 0.05)  ch3   +0.01 (max dev 0.04)
[meter] 18:21:09 5.8000 GHz  windows 896  with tone 389  worst SNR -21.3 dB | ch1   -0.01 (max dev 0.03)  ch2   -0.03 (max dev 0.03)  ch3   -0.03 (max dev 0.03)
[meter] 18:21:09 5.2000 GHz  windows 1054  with tone 233  worst SNR -31.2 dB | tone +181947.6 Hz 10000 samples | ch1  -24.21 (max dev 39.91)  ch2   -8.26 (max dev 12.98)  ch3  -36.21 (max dev 67.44)
[meter] 18:21:14 5.2000 GHz  windows 97  with tone 97  worst SNR 55.3 dB | tone +181842.6 Hz 10000 samples | ch1   -0.01 (max dev 0.03)  ch2   -0.04 (max dev 0.03)  ch3   -0.05 (max dev 0.03)
[meter] 18:21:14 5.8000 GHz  windows 1035  with tone 389  worst SNR -21.3 dB | ch1   -0.01 (max dev 0.03)  ch2   -0.03 (max dev 0.03)  ch3   -0.03 (max dev 0.03)
[meter] 18:21:14 2.4000 GHz  windows 255  with tone 111  worst SNR -27.8 dB | ch1   +0.01 (max dev 0.07)  ch2   -0.01 (max dev 0.05)  ch3   +0.01 (max dev 0.04)
[radio] calibration tone parked on 5.8000 GHz
[meter] 18:21:19 2.4000 GHz  windows 394  with tone 111  worst SNR -27.8 dB | ch1   +0.01 (max dev 0.07)  ch2   -0.01 (max dev 0.05)  ch3   +0.01 (max dev 0.04)
[meter] 18:21:19 5.2000 GHz  windows 237  with tone 111  worst SNR -17.8 dB | ch1   -0.01 (max dev 0.03)  ch2   -0.04 (max dev 0.03)  ch3   -0.05 (max dev 0.03)
[meter] 18:21:19 5.8000 GHz  windows 79  with tone 79  worst SNR 53.4 dB | tone +179661.8 Hz 10000 samples | ch1   -0.01 (max dev 0.03)  ch2   -0.03 (max dev 0.03)  ch3   -0.04 (max dev 0.02)
[phasecal] now   2.4000 GHz  ch1   -45.20 deg  ch2  -155.33 deg  ch3   -77.60 deg
[phasecal] now   5.2000 GHz  ch1   +47.34 deg  ch2   +50.68 deg  ch3   -67.77 deg
[phasecal] now   5.8000 GHz  ch1   +37.19 deg  ch2   -66.55 deg  ch3  -159.49 deg
[cal] OK 2026-09-29 18:21:20 -- table updated (largest correction change 0.05 deg, worst single window 0.07 deg)
[radio] calibration tone parked on 5.8000 GHz
[meter] 18:21:24 2.4000 GHz  windows 533  with tone 111  worst SNR -27.8 dB | ch1   +0.01 (max dev 0.07)  ch2   -0.01 (max dev 0.05)  ch3   +0.01 (max dev 0.04)
[meter] 18:21:24 5.8000 GHz  windows 218  with tone 218  worst SNR 53.4 dB | tone +179570.6 Hz 10000 samples | ch1   -0.00 (max dev 0.04)  ch2   -0.01 (max dev 0.05)  ch3   -0.02 (max dev 0.04)
[meter] 18:21:24 5.2000 GHz  windows 376  with tone 111  worst SNR -21.8 dB | ch1   -0.01 (max dev 0.03)  ch2   -0.04 (max dev 0.03)  ch3   -0.05 (max dev 0.03)
[radio] calibration tone parked on 2.4000 GHz
[meter] 18:21:29 5.2000 GHz  windows 515  with tone 111  worst SNR -32.6 dB | ch1   -0.01 (max dev 0.03)  ch2   -0.04 (max dev 0.03)  ch3   -0.05 (max dev 0.03)
[meter] 18:21:29 2.4000 GHz  windows 672  with tone 148  worst SNR -27.8 dB | tone +191497.6 Hz 10000 samples | ch1   +0.01 (max dev 0.06)  ch2   -0.00 (max dev 0.06)  ch3   +0.01 (max dev 0.04)
[meter] 18:21:29 5.8000 GHz  windows 357  with tone 320  worst SNR -19.7 dB | ch1   -0.00 (max dev 0.04)  ch2   +0.00 (max dev 0.03)  ch3   -0.00 (max dev 0.03)
[meter] 18:21:34 5.2000 GHz  windows 654  with tone 111  worst SNR -32.6 dB | ch1   -0.01 (max dev 0.03)  ch2   -0.04 (max dev 0.03)  ch3   -0.05 (max dev 0.03)
[meter] 18:21:34 5.8000 GHz  windows 496  with tone 320  worst SNR -21.7 dB | ch1   -0.00 (max dev 0.04)  ch2   +0.00 (max dev 0.03)  ch3   -0.00 (max dev 0.03)
[meter] 18:21:34 2.4000 GHz  windows 811  with tone 287  worst SNR -27.8 dB | tone +191465.2 Hz 10000 samples | ch1   +0.01 (max dev 0.06)  ch2   +0.01 (max dev 0.07)  ch3   +0.02 (max dev 0.04)
[meter] 18:21:39 2.4000 GHz  windows 950  with tone 426  worst SNR -27.8 dB | tone +191398.7 Hz 10000 samples | ch1   -0.00 (max dev 0.06)  ch2   +0.01 (max dev 0.06)  ch3   +0.01 (max dev 0.05)
[meter] 18:21:39 5.2000 GHz  windows 793  with tone 111  worst SNR -32.6 dB | ch1   -0.01 (max dev 0.03)  ch2   -0.04 (max dev 0.03)  ch3   -0.05 (max dev 0.03)
[meter] 18:21:39 5.8000 GHz  windows 635  with tone 320  worst SNR -24.1 dB | ch1   -0.00 (max dev 0.04)  ch2   +0.00 (max dev 0.03)  ch3   -0.00 (max dev 0.03)
[meter] 18:21:44 2.4000 GHz  windows 1089  with tone 565  worst SNR -27.8 dB | tone +191376.9 Hz 10000 samples | ch1   +0.01 (max dev 0.05)  ch2   +0.02 (max dev 0.05)  ch3   +0.02 (max dev 0.05)
[meter] 18:21:44 5.2000 GHz  windows 932  with tone 111  worst SNR -32.6 dB | ch1   -0.01 (max dev 0.03)  ch2   -0.04 (max dev 0.03)  ch3   -0.05 (max dev 0.03)
[meter] 18:21:44 5.8000 GHz  windows 774  with tone 320  worst SNR -24.1 dB | ch1   -0.00 (max dev 0.04)  ch2   +0.00 (max dev 0.03)  ch3   -0.00 (max dev 0.03)
[meter] 18:21:49 5.2000 GHz  windows 1071  with tone 111  worst SNR -32.6 dB | ch1   -0.01 (max dev 0.03)  ch2   -0.04 (max dev 0.03)  ch3   -0.05 (max dev 0.03)
[meter] 18:21:49 5.8000 GHz  windows 913  with tone 320  worst SNR -25.6 dB | ch1   -0.00 (max dev 0.04)  ch2   +0.00 (max dev 0.03)  ch3   -0.00 (max dev 0.03)
[meter] 18:21:49 2.4000 GHz  windows 1228  with tone 704  worst SNR -27.8 dB | tone +191381.4 Hz 10000 samples | ch1   +0.00 (max dev 0.05)  ch2   +0.01 (max dev 0.05)  ch3   +0.01 (max dev 0.04)
[meter] 18:21:54 5.8000 GHz  windows 1052  with tone 320  worst SNR -25.6 dB | ch1   -0.00 (max dev 0.04)  ch2   +0.00 (max dev 0.03)  ch3   -0.00 (max dev 0.03)
[meter] 18:21:54 5.2000 GHz  windows 1210  with tone 111  worst SNR -32.6 dB | ch1   -0.01 (max dev 0.03)  ch2   -0.04 (max dev 0.03)  ch3   -0.05 (max dev 0.03)
[meter] 18:21:54 2.4000 GHz  windows 1367  with tone 843  worst SNR -27.8 dB | tone +191403.8 Hz 10000 samples | ch1   +0.00 (max dev 0.06)  ch2   +0.00 (max dev 0.05)  ch3   +0.01 (max dev 0.05)
[meter] 18:21:59 5.2000 GHz  windows 1349  with tone 111  worst SNR -32.6 dB | ch1   -0.01 (max dev 0.03)  ch2   -0.04 (max dev 0.03)  ch3   -0.05 (max dev 0.03)
[meter] 18:21:59 2.4000 GHz  windows 1506  with tone 982  worst SNR -27.8 dB | tone +191428.6 Hz 10000 samples | ch1   +0.00 (max dev 0.07)  ch2   +0.00 (max dev 0.05)  ch3   +0.01 (max dev 0.05)
[meter] 18:21:59 5.8000 GHz  windows 1191  with tone 320  worst SNR -28.7 dB | ch1   -0.00 (max dev 0.04)  ch2   +0.00 (max dev 0.03)  ch3   -0.00 (max dev 0.03)
[meter] 18:22:04 5.2000 GHz  windows 1488  with tone 111  worst SNR -32.6 dB | ch1   -0.01 (max dev 0.03)  ch2   -0.04 (max dev 0.03)  ch3   -0.05 (max dev 0.03)
[meter] 18:22:04 2.4000 GHz  windows 1645  with tone 1121  worst SNR -27.8 dB | tone +191443.9 Hz 10000 samples | ch1   +0.01 (max dev 0.06)  ch2   +0.01 (max dev 0.06)  ch3   +0.02 (max dev 0.05)
[meter] 18:22:04 5.8000 GHz  windows 1330  with tone 320  worst SNR -28.7 dB | ch1   -0.00 (max dev 0.04)  ch2   +0.00 (max dev 0.03)  ch3   -0.00 (max dev 0.03)
[meter] 18:22:09 2.4000 GHz  windows 1784  with tone 1260  worst SNR -27.8 dB | tone +191460.3 Hz 10000 samples | ch1   +0.01 (max dev 0.09)  ch2   +0.03 (max dev 0.06)  ch3   +0.03 (max dev 0.04)
[meter] 18:22:09 5.8000 GHz  windows 1469  with tone 320  worst SNR -28.7 dB | ch1   -0.00 (max dev 0.04)  ch2   +0.00 (max dev 0.03)  ch3   -0.00 (max dev 0.03)
[meter] 18:22:09 5.2000 GHz  windows 1627  with tone 111  worst SNR -32.6 dB | ch1   -0.01 (max dev 0.03)  ch2   -0.04 (max dev 0.03)  ch3   -0.05 (max dev 0.03)
[meter] 18:22:14 2.4000 GHz  windows 1923  with tone 1399  worst SNR -27.8 dB | tone +191497.9 Hz 10000 samples | ch1   +0.01 (max dev 0.09)  ch2   +0.02 (max dev 0.06)  ch3   +0.03 (max dev 0.04)
[meter] 18:22:14 5.8000 GHz  windows 1608  with tone 320  worst SNR -28.7 dB | ch1   -0.00 (max dev 0.04)  ch2   +0.00 (max dev 0.03)  ch3   -0.00 (max dev 0.03)
[meter] 18:22:14 5.2000 GHz  windows 1766  with tone 111  worst SNR -32.6 dB | ch1   -0.01 (max dev 0.03)  ch2   -0.04 (max dev 0.03)  ch3   -0.05 (max dev 0.03)
[meter] 18:22:19 5.8000 GHz  windows 1747  with tone 320  worst SNR -28.7 dB | ch1   -0.00 (max dev 0.04)  ch2   +0.00 (max dev 0.03)  ch3   -0.00 (max dev 0.03)
[meter] 18:22:19 5.2000 GHz  windows 1905  with tone 111  worst SNR -32.6 dB | ch1   -0.01 (max dev 0.03)  ch2   -0.04 (max dev 0.03)  ch3   -0.05 (max dev 0.03)
[meter] 18:22:19 2.4000 GHz  windows 2062  with tone 1538  worst SNR -27.8 dB | tone +191513.4 Hz 10000 samples | ch1   +0.01 (max dev 0.08)  ch2   +0.02 (max dev 0.05)  ch3   +0.03 (max dev 0.04)
[radio] calibration tone parked on 5.2000 GHz
[meter] 18:22:24 2.4000 GHz  windows 2201  with tone 1668  worst SNR -27.8 dB | ch1   +0.01 (max dev 0.07)  ch2   +0.02 (max dev 0.07)  ch3   +0.02 (max dev 0.07)
[meter] 18:22:24 5.2000 GHz  windows 2044  with tone 120  worst SNR -45.5 dB | tone +181665.1 Hz 10000 samples | ch1   -0.01 (max dev 0.03)  ch2   -0.04 (max dev 0.06)  ch3   -0.04 (max dev 0.06)
[meter] 18:22:24 5.8000 GHz  windows 1886  with tone 320  worst SNR -28.7 dB | ch1   -0.00 (max dev 0.04)  ch2   +0.00 (max dev 0.03)  ch3   -0.00 (max dev 0.03)
[radio] calibration tone parked on 5.8000 GHz
[meter] 18:22:29 5.8000 GHz  windows 2025  with tone 371  worst SNR -28.7 dB | tone +179550.8 Hz 10000 samples | ch1   -0.01 (max dev 0.03)  ch2   +0.01 (max dev 0.06)  ch3   +0.01 (max dev 0.05)
[meter] 18:22:29 2.4000 GHz  windows 2340  with tone 1668  worst SNR -30.6 dB | ch1   +0.01 (max dev 0.07)  ch2   +0.02 (max dev 0.07)  ch3   +0.02 (max dev 0.07)
[meter] 18:22:29 5.2000 GHz  windows 2183  with tone 207  worst SNR -45.5 dB | ch1   +0.00 (max dev 0.04)  ch2   -0.02 (max dev 0.05)  ch3   -0.02 (max dev 0.05)
[radio] calibration tone parked on 2.4000 GHz
[meter] 18:22:34 5.8000 GHz  windows 2164  with tone 390  worst SNR -34.4 dB | ch1   -0.01 (max dev 0.04)  ch2   +0.01 (max dev 0.05)  ch3   +0.01 (max dev 0.05)
[meter] 18:22:34 5.2000 GHz  windows 2322  with tone 207  worst SNR -45.5 dB | ch1   +0.00 (max dev 0.04)  ch2   -0.02 (max dev 0.05)  ch3   -0.02 (max dev 0.05)
[meter] 18:22:34 2.4000 GHz  windows 2479  with tone 1789  worst SNR -30.6 dB | tone +191564.4 Hz 10000 samples | ch1   +0.01 (max dev 0.07)  ch2   +0.02 (max dev 0.06)  ch3   +0.03 (max dev 0.04)
[meter] 18:22:39 5.8000 GHz  windows 2303  with tone 390  worst SNR -34.4 dB | ch1   -0.01 (max dev 0.04)  ch2   +0.01 (max dev 0.05)  ch3   +0.01 (max dev 0.05)
[meter] 18:22:39 2.4000 GHz  windows 2618  with tone 1928  worst SNR -30.6 dB | tone +191563.4 Hz 10000 samples | ch1   +0.01 (max dev 0.05)  ch2   +0.02 (max dev 0.05)  ch3   +0.02 (max dev 0.04)
[meter] 18:22:39 5.2000 GHz  windows 2460  with tone 207  worst SNR -45.5 dB | ch1   +0.00 (max dev 0.04)  ch2   -0.02 (max dev 0.05)  ch3   -0.02 (max dev 0.05)
[meter] 18:22:44 5.2000 GHz  windows 2600  with tone 207  worst SNR -45.5 dB | ch1   +0.00 (max dev 0.04)  ch2   -0.02 (max dev 0.05)  ch3   -0.02 (max dev 0.05)
[meter] 18:22:44 2.4000 GHz  windows 2757  with tone 2067  worst SNR -30.6 dB | tone +191548.6 Hz 10000 samples | ch1   +0.01 (max dev 0.06)  ch2   +0.01 (max dev 0.06)  ch3   +0.02 (max dev 0.04)
[meter] 18:22:44 5.8000 GHz  windows 2442  with tone 390  worst SNR -34.4 dB | ch1   -0.01 (max dev 0.04)  ch2   +0.01 (max dev 0.05)  ch3   +0.01 (max dev 0.05)
[meter] 18:22:49 2.4000 GHz  windows 2896  with tone 2206  worst SNR -30.6 dB | tone +191564.8 Hz 10000 samples | ch1   +0.01 (max dev 0.05)  ch2   +0.01 (max dev 0.05)  ch3   +0.02 (max dev 0.05)
[meter] 18:22:49 5.8000 GHz  windows 2581  with tone 390  worst SNR -34.4 dB | ch1   -0.01 (max dev 0.04)  ch2   +0.01 (max dev 0.05)  ch3   +0.01 (max dev 0.05)
[meter] 18:22:49 5.2000 GHz  windows 2739  with tone 207  worst SNR -45.5 dB | ch1   +0.00 (max dev 0.04)  ch2   -0.02 (max dev 0.05)  ch3   -0.02 (max dev 0.05)
[meter] 18:22:54 5.8000 GHz  windows 2720  with tone 390  worst SNR -34.4 dB | ch1   -0.01 (max dev 0.04)  ch2   +0.01 (max dev 0.05)  ch3   +0.01 (max dev 0.05)
[meter] 18:22:54 2.4000 GHz  windows 3035  with tone 2345  worst SNR -30.6 dB | tone +191507.6 Hz 10000 samples | ch1   +0.01 (max dev 0.07)  ch2   +0.03 (max dev 0.27)  ch3   +0.03 (max dev 0.04)
[meter] 18:22:54 5.2000 GHz  windows 2878  with tone 207  worst SNR -45.5 dB | ch1   +0.00 (max dev 0.04)  ch2   -0.02 (max dev 0.05)  ch3   -0.02 (max dev 0.05)
[meter] 18:22:59 2.4000 GHz  windows 3174  with tone 2484  worst SNR -30.6 dB | tone +191472.1 Hz 10000 samples | ch1   +0.01 (max dev 0.07)  ch2   +0.04 (max dev 0.04)  ch3   +0.04 (max dev 0.04)
[meter] 18:22:59 5.2000 GHz  windows 3017  with tone 207  worst SNR -45.5 dB | ch1   +0.00 (max dev 0.04)  ch2   -0.02 (max dev 0.05)  ch3   -0.02 (max dev 0.05)
[meter] 18:22:59 5.8000 GHz  windows 2859  with tone 390  worst SNR -34.4 dB | ch1   -0.01 (max dev 0.04)  ch2   +0.01 (max dev 0.05)  ch3   +0.01 (max dev 0.05)
[meter] 18:23:04 2.4000 GHz  windows 3313  with tone 2623  worst SNR -30.6 dB | tone +191421.4 Hz 10000 samples | ch1   +0.01 (max dev 0.06)  ch2   +0.05 (max dev 0.04)  ch3   +0.04 (max dev 0.04)
[meter] 18:23:04 5.8000 GHz  windows 2998  with tone 390  worst SNR -34.4 dB | ch1   -0.01 (max dev 0.04)  ch2   +0.01 (max dev 0.05)  ch3   +0.01 (max dev 0.05)
[meter] 18:23:04 5.2000 GHz  windows 3156  with tone 207  worst SNR -45.5 dB | ch1   +0.00 (max dev 0.04)  ch2   -0.02 (max dev 0.05)  ch3   -0.02 (max dev 0.05)
[meter] 18:23:09 5.8000 GHz  windows 3137  with tone 390  worst SNR -34.4 dB | ch1   -0.01 (max dev 0.04)  ch2   +0.01 (max dev 0.05)  ch3   +0.01 (max dev 0.05)
[meter] 18:23:09 2.4000 GHz  windows 3452  with tone 2762  worst SNR -30.6 dB | tone +191385.0 Hz 10000 samples | ch1   +0.01 (max dev 0.06)  ch2   +0.05 (max dev 0.05)  ch3   +0.04 (max dev 0.05)
[meter] 18:23:09 5.2000 GHz  windows 3295  with tone 207  worst SNR -45.5 dB | ch1   +0.00 (max dev 0.04)  ch2   -0.02 (max dev 0.05)  ch3   -0.02 (max dev 0.05)
[meter] 18:23:14 5.2000 GHz  windows 3433  with tone 207  worst SNR -45.5 dB | ch1   +0.00 (max dev 0.04)  ch2   -0.02 (max dev 0.05)  ch3   -0.02 (max dev 0.05)
[meter] 18:23:14 2.4000 GHz  windows 3591  with tone 2901  worst SNR -30.6 dB | tone +191372.1 Hz 10000 samples | ch1   +0.01 (max dev 0.08)  ch2   +0.04 (max dev 0.05)  ch3   +0.03 (max dev 0.05)
[meter] 18:23:14 5.8000 GHz  windows 3276  with tone 390  worst SNR -34.4 dB | ch1   -0.01 (max dev 0.04)  ch2   +0.01 (max dev 0.05)  ch3   +0.01 (max dev 0.05)
[meter] 18:23:19 2.4000 GHz  windows 3730  with tone 3040  worst SNR -30.6 dB | tone +191343.1 Hz 10000 samples | ch1   +0.01 (max dev 0.06)  ch2   +0.04 (max dev 0.05)  ch3   +0.03 (max dev 0.05)
[meter] 18:23:19 5.2000 GHz  windows 3572  with tone 207  worst SNR -45.5 dB | ch1   +0.00 (max dev 0.04)  ch2   -0.02 (max dev 0.05)  ch3   -0.02 (max dev 0.05)
[meter] 18:23:19 5.8000 GHz  windows 3415  with tone 390  worst SNR -34.4 dB | ch1   -0.01 (max dev 0.04)  ch2   +0.01 (max dev 0.05)  ch3   +0.01 (max dev 0.05)
[meter] 18:23:24 2.4000 GHz  windows 3869  with tone 3179  worst SNR -30.6 dB | tone +191351.1 Hz 10000 samples | ch1   +0.01 (max dev 0.06)  ch2   +0.04 (max dev 0.05)  ch3   +0.03 (max dev 0.05)[meter] 18:23:24 5.2000 GHz  windows 3711  with tone 207  worst SNR -45.5 dB | ch1   +0.00 (max dev 0.04)  ch2   -0.02 (max dev 0.05)  ch3   -0.02 (max dev 0.05)

[meter] 18:23:24 5.8000 GHz  windows 3554  with tone 390  worst SNR -34.4 dB | ch1   -0.01 (max dev 0.04)  ch2   +0.01 (max dev 0.05)  ch3   +0.01 (max dev 0.05)
[meter] 18:23:29 5.2000 GHz  windows 3850  with tone 207  worst SNR -45.5 dB | ch1   +0.00 (max dev 0.04)  ch2   -0.02 (max dev 0.05)  ch3   -0.02 (max dev 0.05)
[meter] 18:23:29 2.4000 GHz  windows 4008  with tone 3318  worst SNR -30.6 dB | tone +191357.1 Hz 10000 samples | ch1   +0.01 (max dev 0.06)  ch2   +0.04 (max dev 0.07)  ch3   +0.03 (max dev 0.05)
[meter] 18:23:29 5.8000 GHz  windows 3693  with tone 390  worst SNR -34.4 dB | ch1   -0.01 (max dev 0.04)  ch2   +0.01 (max dev 0.05)  ch3   +0.01 (max dev 0.05)
[meter] 18:23:34 2.4000 GHz  windows 4147  with tone 3457  worst SNR -30.6 dB | tone +191358.1 Hz 10000 samples | ch1   +0.01 (max dev 0.06)  ch2   +0.05 (max dev 0.28)  ch3   +0.04 (max dev 0.05)[meter] 18:23:34 5.2000 GHz  windows 3989  with tone 207  worst SNR -45.5 dB | ch1   +0.00 (max dev 0.04)  ch2   -0.02 (max dev 0.05)  ch3   -0.02 (max dev 0.05)

[meter] 18:23:34 5.8000 GHz  windows 3832  with tone 390  worst SNR -34.4 dB | ch1   -0.01 (max dev 0.04)  ch2   +0.01 (max dev 0.05)  ch3   +0.01 (max dev 0.05)
[meter] 18:23:39 5.2000 GHz  windows 4128  with tone 207  worst SNR -45.5 dB | ch1   +0.00 (max dev 0.04)  ch2   -0.02 (max dev 0.05)  ch3   -0.02 (max dev 0.05)
[meter] 18:23:39 2.4000 GHz  windows 4286  with tone 3596  worst SNR -30.6 dB | tone +191344.1 Hz 10000 samples | ch1   +0.01 (max dev 0.05)  ch2   +0.06 (max dev 0.49)  ch3   +0.04 (max dev 0.05)
[meter] 18:23:39 5.8000 GHz  windows 3971  with tone 390  worst SNR -34.4 dB | ch1   -0.01 (max dev 0.04)  ch2   +0.01 (max dev 0.05)  ch3   +0.01 (max dev 0.05)
[meter] 18:23:44 5.2000 GHz  windows 4267  with tone 207  worst SNR -45.5 dB | ch1   +0.00 (max dev 0.04)  ch2   -0.02 (max dev 0.05)  ch3   -0.02 (max dev 0.05)
[meter] 18:23:44 2.4000 GHz  windows 4425  with tone 3735  worst SNR -30.6 dB | tone +191340.6 Hz 10000 samples | ch1   +0.01 (max dev 0.05)  ch2   +0.06 (max dev 0.49)  ch3   +0.04 (max dev 0.05)
[meter] 18:23:44 5.8000 GHz  windows 4110  with tone 390  worst SNR -34.4 dB | ch1   -0.01 (max dev 0.04)  ch2   +0.01 (max dev 0.05)  ch3   +0.01 (max dev 0.05)
[meter] 18:23:49 5.2000 GHz  windows 4406  with tone 207  worst SNR -45.5 dB | ch1   +0.00 (max dev 0.04)  ch2   -0.02 (max dev 0.05)  ch3   -0.02 (max dev 0.05)[meter] 18:23:49 2.4000 GHz  windows 4564  with tone 3874  worst SNR -30.6 dB | tone +191346.3 Hz 10000 samples | ch1   +0.01 (max dev 0.08)  ch2   +0.06 (max dev 0.45)  ch3   +0.04 (max dev 0.06)

[meter] 18:23:49 5.8000 GHz  windows 4249  with tone 390  worst SNR -34.4 dB | ch1   -0.01 (max dev 0.04)  ch2   +0.01 (max dev 0.05)  ch3   +0.01 (max dev 0.05)
[meter] 18:23:54 5.2000 GHz  windows 4545  with tone 207  worst SNR -45.5 dB | ch1   +0.00 (max dev 0.04)  ch2   -0.02 (max dev 0.05)  ch3   -0.02 (max dev 0.05)
[meter] 18:23:54 2.4000 GHz  windows 4703  with tone 4013  worst SNR -30.6 dB | tone +191348.0 Hz 10000 samples | ch1   +0.01 (max dev 0.06)  ch2   +0.07 (max dev 0.56)  ch3   +0.05 (max dev 0.05)
[meter] 18:23:54 5.8000 GHz  windows 4388  with tone 390  worst SNR -34.4 dB | ch1   -0.01 (max dev 0.04)  ch2   +0.01 (max dev 0.05)  ch3   +0.01 (max dev 0.05)
[meter] 18:23:59 2.4000 GHz  windows 4842  with tone 4152  worst SNR -30.6 dB | tone +191330.0 Hz 10000 samples | ch1   +0.01 (max dev 0.05)  ch2   +0.08 (max dev 1.06)  ch3   +0.06 (max dev 0.06)
[meter] 18:23:59 5.2000 GHz  windows 4684  with tone 207  worst SNR -45.5 dB | ch1   +0.00 (max dev 0.04)  ch2   -0.02 (max dev 0.05)  ch3   -0.02 (max dev 0.05)
[meter] 18:23:59 5.8000 GHz  windows 4527  with tone 390  worst SNR -34.4 dB | ch1   -0.01 (max dev 0.04)  ch2   +0.01 (max dev 0.05)  ch3   +0.01 (max dev 0.05)
[meter] 18:24:04 5.2000 GHz  windows 4823  with tone 207  worst SNR -45.5 dB | ch1   +0.00 (max dev 0.04)  ch2   -0.02 (max dev 0.05)  ch3   -0.02 (max dev 0.05)
[meter] 18:24:04 2.4000 GHz  windows 4980  with tone 4290  worst SNR -30.6 dB | tone +191340.0 Hz 10000 samples | ch1   +0.01 (max dev 0.07)  ch2   +0.08 (max dev 0.54)  ch3   +0.06 (max dev 0.04)
[meter] 18:24:04 5.8000 GHz  windows 4666  with tone 390  worst SNR -34.4 dB | ch1   -0.01 (max dev 0.04)  ch2   +0.01 (max dev 0.05)  ch3   +0.01 (max dev 0.05)
[meter] 18:24:09 2.4000 GHz  windows 5119  with tone 4429  worst SNR -30.6 dB | tone +191404.1 Hz 10000 samples | ch1   +0.01 (max dev 0.06)  ch2   +0.06 (max dev 0.05)  ch3   +0.06 (max dev 0.04)
[meter] 18:24:09 5.2000 GHz  windows 4962  with tone 207  worst SNR -45.5 dB | ch1   +0.00 (max dev 0.04)  ch2   -0.02 (max dev 0.05)  ch3   -0.02 (max dev 0.05)
[meter] 18:24:09 5.8000 GHz  windows 4805  with tone 390  worst SNR -34.4 dB | ch1   -0.01 (max dev 0.04)  ch2   +0.01 (max dev 0.05)  ch3   +0.01 (max dev 0.05)
[meter] 18:24:14 5.2000 GHz  windows 5101  with tone 207  worst SNR -45.5 dB | ch1   +0.00 (max dev 0.04)  ch2   -0.02 (max dev 0.05)  ch3   -0.02 (max dev 0.05)
[meter] 18:24:14 5.8000 GHz  windows 4944  with tone 390  worst SNR -34.4 dB | ch1   -0.01 (max dev 0.04)  ch2   +0.01 (max dev 0.05)  ch3   +0.01 (max dev 0.05)[meter] 18:24:14 2.4000 GHz  windows 5258  with tone 4568  worst SNR -30.6 dB | tone +191430.8 Hz 10000 samples | ch1   +0.01 (max dev 0.06)  ch2   +0.05 (max dev 0.05)  ch3   +0.05 (max dev 0.05)

[meter] 18:24:19 2.4000 GHz  windows 5396  with tone 4706  worst SNR -30.6 dB | tone +191460.5 Hz 10000 samples | ch1   +0.01 (max dev 0.08)  ch2   +0.05 (max dev 0.05)  ch3   +0.04 (max dev 0.04)[meter] 18:24:19 5.2000 GHz  windows 5240  with tone 207  worst SNR -45.5 dB | ch1   +0.00 (max dev 0.04)  ch2   -0.02 (max dev 0.05)  ch3   -0.02 (max dev 0.05)

[meter] 18:24:19 5.8000 GHz  windows 5083  with tone 390  worst SNR -34.4 dB | ch1   -0.01 (max dev 0.04)  ch2   +0.01 (max dev 0.05)  ch3   +0.01 (max dev 0.05)
[meter] 18:24:24 5.2000 GHz  windows 5376  with tone 207  worst SNR -45.5 dB | ch1   +0.00 (max dev 0.04)  ch2   -0.02 (max dev 0.05)  ch3   -0.02 (max dev 0.05)
[meter] 18:24:24 5.8000 GHz  windows 5220  with tone 390  worst SNR -34.4 dB | ch1   -0.01 (max dev 0.04)  ch2   +0.01 (max dev 0.05)  ch3   +0.01 (max dev 0.05)
[meter] 18:24:24 2.4000 GHz  windows 5533  with tone 4843  worst SNR -30.6 dB | tone +191495.5 Hz 10000 samples | ch1   +0.01 (max dev 0.07)  ch2   +0.05 (max dev 0.05)  ch3   +0.05 (max dev 0.04)
[meter] 18:24:29 5.2000 GHz  windows 5514  with tone 207  worst SNR -45.5 dB | ch1   +0.00 (max dev 0.04)  ch2   -0.02 (max dev 0.05)  ch3   -0.02 (max dev 0.05)
[meter] 18:24:29 2.4000 GHz  windows 5670  with tone 4980  worst SNR -30.6 dB | tone +191535.3 Hz 10000 samples | ch1   +0.01 (max dev 0.07)  ch2   +0.05 (max dev 0.05)  ch3   +0.04 (max dev 0.05)
[meter] 18:24:29 5.8000 GHz  windows 5361  with tone 390  worst SNR -34.4 dB | ch1   -0.01 (max dev 0.04)  ch2   +0.01 (max dev 0.05)  ch3   +0.01 (max dev 0.05)
[meter] 18:24:34 2.4000 GHz  windows 5809  with tone 5119  worst SNR -30.6 dB | tone +191565.3 Hz 10000 samples | ch1   +0.01 (max dev 0.07)  ch2   +0.05 (max dev 0.05)  ch3   +0.05 (max dev 0.04)
[meter] 18:24:34 5.2000 GHz  windows 5653  with tone 207  worst SNR -45.5 dB | ch1   +0.00 (max dev 0.04)  ch2   -0.02 (max dev 0.05)  ch3   -0.02 (max dev 0.05)
[meter] 18:24:34 5.8000 GHz  windows 5500  with tone 390  worst SNR -34.4 dB | ch1   -0.01 (max dev 0.04)  ch2   +0.01 (max dev 0.05)  ch3   +0.01 (max dev 0.05)
[meter] 18:24:39 5.2000 GHz  windows 5792  with tone 207  worst SNR -45.5 dB | ch1   +0.00 (max dev 0.04)  ch2   -0.02 (max dev 0.05)  ch3   -0.02 (max dev 0.05)
[meter] 18:24:39 5.8000 GHz  windows 5639  with tone 390  worst SNR -34.4 dB | ch1   -0.01 (max dev 0.04)  ch2   +0.01 (max dev 0.05)  ch3   +0.01 (max dev 0.05)
[meter] 18:24:39 2.4000 GHz  windows 5948  with tone 5258  worst SNR -30.6 dB | tone +191573.5 Hz 10000 samples | ch1   +0.01 (max dev 0.07)  ch2   +0.05 (max dev 0.05)  ch3   +0.05 (max dev 0.05)
[meter] 18:24:44 5.2000 GHz  windows 5931  with tone 207  worst SNR -45.5 dB | ch1   +0.00 (max dev 0.04)  ch2   -0.02 (max dev 0.05)  ch3   -0.02 (max dev 0.05)
[meter] 18:24:44 5.8000 GHz  windows 5778  with tone 390  worst SNR -34.4 dB | ch1   -0.01 (max dev 0.04)  ch2   +0.01 (max dev 0.05)  ch3   +0.01 (max dev 0.05)
[meter] 18:24:44 2.4000 GHz  windows 6087  with tone 5397  worst SNR -30.6 dB | tone +191617.2 Hz 10000 samples | ch1   +0.01 (max dev 0.06)  ch2   +0.05 (max dev 0.06)  ch3   +0.05 (max dev 0.05)
[meter] 18:24:49 5.2000 GHz  windows 6070  with tone 207  worst SNR -45.5 dB | ch1   +0.00 (max dev 0.04)  ch2   -0.02 (max dev 0.05)  ch3   -0.02 (max dev 0.05)
[meter] 18:24:49 2.4000 GHz  windows 6226  with tone 5536  worst SNR -30.6 dB | tone +191633.2 Hz 10000 samples | ch1   +0.01 (max dev 0.08)  ch2   +0.05 (max dev 0.06)  ch3   +0.05 (max dev 0.04)
[meter] 18:24:49 5.8000 GHz  windows 5917  with tone 390  worst SNR -34.4 dB | ch1   -0.01 (max dev 0.04)  ch2   +0.01 (max dev 0.05)  ch3   +0.01 (max dev 0.05)
[meter] 18:24:54 5.2000 GHz  windows 6208  with tone 207  worst SNR -45.5 dB | ch1   +0.00 (max dev 0.04)  ch2   -0.02 (max dev 0.05)  ch3   -0.02 (max dev 0.05)
[meter] 18:24:54 5.8000 GHz  windows 6055  with tone 390  worst SNR -34.4 dB | ch1   -0.01 (max dev 0.04)  ch2   +0.01 (max dev 0.05)  ch3   +0.01 (max dev 0.05)
[meter] 18:24:54 2.4000 GHz  windows 6363  with tone 5673  worst SNR -30.6 dB | tone +191642.7 Hz 10000 samples | ch1   +0.01 (max dev 0.06)  ch2   +0.05 (max dev 0.06)  ch3   +0.06 (max dev 0.04)
[meter] 18:24:59 5.2000 GHz  windows 6348  with tone 207  worst SNR -45.5 dB | ch1   +0.00 (max dev 0.04)  ch2   -0.02 (max dev 0.05)  ch3   -0.02 (max dev 0.05)
[meter] 18:24:59 5.8000 GHz  windows 6194  with tone 390  worst SNR -34.4 dB | ch1   -0.01 (max dev 0.04)  ch2   +0.01 (max dev 0.05)  ch3   +0.01 (max dev 0.05)
[meter] 18:24:59 2.4000 GHz  windows 6502  with tone 5812  worst SNR -30.6 dB | tone +191653.0 Hz 10000 samples | ch1   +0.01 (max dev 0.06)  ch2   +0.05 (max dev 0.07)  ch3   +0.06 (max dev 0.05)
[meter] 18:25:04 5.2000 GHz  windows 6487  with tone 207  worst SNR -45.5 dB | ch1   +0.00 (max dev 0.04)  ch2   -0.02 (max dev 0.05)  ch3   -0.02 (max dev 0.05)
[meter] 18:25:04 5.8000 GHz  windows 6333  with tone 390  worst SNR -34.4 dB | ch1   -0.01 (max dev 0.04)  ch2   +0.01 (max dev 0.05)  ch3   +0.01 (max dev 0.05)[meter] 18:25:04 2.4000 GHz  windows 6641  with tone 5951  worst SNR -30.6 dB | tone +191690.0 Hz 10000 samples | ch1   +0.02 (max dev 0.05)  ch2   +0.04 (max dev 0.05)  ch3   +0.05 (max dev 0.04)

[meter] 18:25:09 2.4000 GHz  windows 6779  with tone 6089  worst SNR -30.6 dB | tone +191693.2 Hz 10000 samples | ch1   +0.01 (max dev 0.06)  ch2   +0.03 (max dev 0.05)  ch3   +0.04 (max dev 0.04)
[meter] 18:25:09 5.2000 GHz  windows 6626  with tone 207  worst SNR -45.5 dB | ch1   +0.00 (max dev 0.04)  ch2   -0.02 (max dev 0.05)  ch3   -0.02 (max dev 0.05)
[meter] 18:25:09 5.8000 GHz  windows 6472  with tone 390  worst SNR -34.4 dB | ch1   -0.01 (max dev 0.04)  ch2   +0.01 (max dev 0.05)  ch3   +0.01 (max dev 0.05)
[meter] 18:25:14 5.2000 GHz  windows 6765  with tone 207  worst SNR -45.5 dB | ch1   +0.00 (max dev 0.04)  ch2   -0.02 (max dev 0.05)  ch3   -0.02 (max dev 0.05)
[meter] 18:25:14 2.4000 GHz  windows 6918  with tone 6228  worst SNR -30.6 dB | tone +191712.3 Hz 10000 samples | ch1   +0.01 (max dev 0.07)  ch2   +0.03 (max dev 0.05)  ch3   +0.03 (max dev 0.05)
[meter] 18:25:14 5.8000 GHz  windows 6611  with tone 390  worst SNR -34.4 dB | ch1   -0.01 (max dev 0.04)  ch2   +0.01 (max dev 0.05)  ch3   +0.01 (max dev 0.05)
[meter] 18:25:19 5.2000 GHz  windows 6903  with tone 207  worst SNR -45.5 dB | ch1   +0.00 (max dev 0.04)  ch2   -0.02 (max dev 0.05)  ch3   -0.02 (max dev 0.05)
[meter] 18:25:19 5.8000 GHz  windows 6750  with tone 390  worst SNR -34.4 dB | ch1   -0.01 (max dev 0.04)  ch2   +0.01 (max dev 0.05)  ch3   +0.01 (max dev 0.05)
[meter] 18:25:19 2.4000 GHz  windows 7057  with tone 6367  worst SNR -30.6 dB | tone +191727.5 Hz 10000 samples | ch1   +0.01 (max dev 0.07)  ch2   +0.02 (max dev 0.05)  ch3   +0.03 (max dev 0.04)
[meter] 18:25:24 5.2000 GHz  windows 7042  with tone 207  worst SNR -45.5 dB | ch1   +0.00 (max dev 0.04)  ch2   -0.02 (max dev 0.05)  ch3   -0.02 (max dev 0.05)
[meter] 18:25:24 5.8000 GHz  windows 6889  with tone 390  worst SNR -34.4 dB | ch1   -0.01 (max dev 0.04)  ch2   +0.01 (max dev 0.05)  ch3   +0.01 (max dev 0.05)
[meter] 18:25:24 2.4000 GHz  windows 7196  with tone 6506  worst SNR -30.6 dB | tone +191778.7 Hz 10000 samples | ch1   +0.01 (max dev 0.06)  ch2   +0.02 (max dev 0.05)  ch3   +0.03 (max dev 0.05)
[meter] 18:25:29 5.2000 GHz  windows 7181  with tone 207  worst SNR -45.5 dB | ch1   +0.00 (max dev 0.04)  ch2   -0.02 (max dev 0.05)  ch3   -0.02 (max dev 0.05)
[meter] 18:25:29 5.8000 GHz  windows 7028  with tone 390  worst SNR -34.4 dB | ch1   -0.01 (max dev 0.04)  ch2   +0.01 (max dev 0.05)  ch3   +0.01 (max dev 0.05)
[meter] 18:25:29 2.4000 GHz  windows 7335  with tone 6645  worst SNR -30.6 dB | tone +191794.3 Hz 10000 samples | ch1   +0.02 (max dev 0.06)  ch2   +0.04 (max dev 1.96)  ch3   +0.03 (max dev 0.10)
[meter] 18:25:34 5.2000 GHz  windows 7320  with tone 207  worst SNR -45.5 dB | ch1   +0.00 (max dev 0.04)  ch2   -0.02 (max dev 0.05)  ch3   -0.02 (max dev 0.05)
[meter] 18:25:34 2.4000 GHz  windows 7474  with tone 6784  worst SNR -30.6 dB | tone +191794.4 Hz 10000 samples | ch1   +0.02 (max dev 0.06)  ch2   +0.03 (max dev 0.24)  ch3   +0.03 (max dev 0.05)
[meter] 18:25:34 5.8000 GHz  windows 7167  with tone 390  worst SNR -34.4 dB | ch1   -0.01 (max dev 0.04)  ch2   +0.01 (max dev 0.05)  ch3   +0.01 (max dev 0.05)
[meter] 18:25:39 5.2000 GHz  windows 7459  with tone 207  worst SNR -45.5 dB | ch1   +0.00 (max dev 0.04)  ch2   -0.02 (max dev 0.05)  ch3   -0.02 (max dev 0.05)
[meter] 18:25:39 2.4000 GHz  windows 7613  with tone 6923  worst SNR -30.6 dB | tone +191803.2 Hz 10000 samples | ch1   +0.01 (max dev 0.06)  ch2   +0.02 (max dev 0.24)  ch3   +0.02 (max dev 0.05)
[meter] 18:25:39 5.8000 GHz  windows 7306  with tone 390  worst SNR -34.4 dB | ch1   -0.01 (max dev 0.04)  ch2   +0.01 (max dev 0.05)  ch3   +0.01 (max dev 0.05)
[meter] 18:25:44 5.2000 GHz  windows 7598  with tone 207  worst SNR -45.5 dB | ch1   +0.00 (max dev 0.04)  ch2   -0.02 (max dev 0.05)  ch3   -0.02 (max dev 0.05)
[meter] 18:25:44 2.4000 GHz  windows 7752  with tone 7062  worst SNR -30.6 dB | tone +191814.6 Hz 10000 samples | ch1   +0.01 (max dev 0.06)  ch2   +0.02 (max dev 0.53)  ch3   +0.02 (max dev 0.05)
[meter] 18:25:44 5.8000 GHz  windows 7445  with tone 390  worst SNR -34.4 dB | ch1   -0.01 (max dev 0.04)  ch2   +0.01 (max dev 0.05)  ch3   +0.01 (max dev 0.05)
[meter] 18:25:49 5.2000 GHz  windows 7736  with tone 207  worst SNR -45.5 dB | ch1   +0.00 (max dev 0.04)  ch2   -0.02 (max dev 0.05)  ch3   -0.02 (max dev 0.05)
[meter] 18:25:49 2.4000 GHz  windows 7890  with tone 7200  worst SNR -30.6 dB | tone +191831.3 Hz 10000 samples | ch1   +0.01 (max dev 0.06)  ch2   +0.01 (max dev 0.08)  ch3   +0.02 (max dev 0.05)
[meter] 18:25:49 5.8000 GHz  windows 7584  with tone 390  worst SNR -34.4 dB | ch1   -0.01 (max dev 0.04)  ch2   +0.01 (max dev 0.05)  ch3   +0.01 (max dev 0.05)
[meter] 18:25:54 5.2000 GHz  windows 7875  with tone 207  worst SNR -45.5 dB | ch1   +0.00 (max dev 0.04)  ch2   -0.02 (max dev 0.05)  ch3   -0.02 (max dev 0.05)
[meter] 18:25:54 5.8000 GHz  windows 7723  with tone 390  worst SNR -34.4 dB | ch1   -0.01 (max dev 0.04)  ch2   +0.01 (max dev 0.05)  ch3   +0.01 (max dev 0.05)[meter] 18:25:54 2.4000 GHz  windows 8029  with tone 7339  worst SNR -30.6 dB | tone +191850.7 Hz 10000 samples | ch1   +0.01 (max dev 0.07)  ch2   +0.01 (max dev 0.07)  ch3   +0.02 (max dev 0.05)

[meter] 18:25:59 5.2000 GHz  windows 8014  with tone 207  worst SNR -45.5 dB | ch1   +0.00 (max dev 0.04)  ch2   -0.02 (max dev 0.05)  ch3   -0.02 (max dev 0.05)
[meter] 18:25:59 2.4000 GHz  windows 8167  with tone 7477  worst SNR -30.6 dB | tone +191878.8 Hz 10000 samples | ch1   +0.01 (max dev 0.07)  ch2   +0.01 (max dev 0.07)  ch3   +0.02 (max dev 0.05)
[meter] 18:25:59 5.8000 GHz  windows 7862  with tone 390  worst SNR -34.4 dB | ch1   -0.01 (max dev 0.04)  ch2   +0.01 (max dev 0.05)  ch3   +0.01 (max dev 0.05)
[meter] 18:26:04 2.4000 GHz  windows 8305  with tone 7615  worst SNR -30.6 dB | tone +191896.7 Hz 10000 samples | ch1   +0.01 (max dev 0.05)  ch2   +0.02 (max dev 0.06)  ch3   +0.03 (max dev 0.05)
[meter] 18:26:04 5.8000 GHz  windows 8001  with tone 390  worst SNR -34.4 dB | ch1   -0.01 (max dev 0.04)  ch2   +0.01 (max dev 0.05)  ch3   +0.01 (max dev 0.05)
[meter] 18:26:04 5.2000 GHz  windows 8153  with tone 207  worst SNR -45.5 dB | ch1   +0.00 (max dev 0.04)  ch2   -0.02 (max dev 0.05)  ch3   -0.02 (max dev 0.05)
[meter] 18:26:09 5.2000 GHz  windows 8291  with tone 207  worst SNR -45.5 dB | ch1   +0.00 (max dev 0.04)  ch2   -0.02 (max dev 0.05)  ch3   -0.02 (max dev 0.05)
[meter] 18:26:09 2.4000 GHz  windows 8442  with tone 7752  worst SNR -30.6 dB | tone +191888.2 Hz 10000 samples | ch1   +0.01 (max dev 0.05)  ch2   +0.02 (max dev 0.06)  ch3   +0.03 (max dev 0.05)
[meter] 18:26:09 5.8000 GHz  windows 8140  with tone 390  worst SNR -34.4 dB | ch1   -0.01 (max dev 0.04)  ch2   +0.01 (max dev 0.05)  ch3   +0.01 (max dev 0.05)
[meter] 18:26:14 5.8000 GHz  windows 8279  with tone 390  worst SNR -34.4 dB | ch1   -0.01 (max dev 0.04)  ch2   +0.01 (max dev 0.05)  ch3   +0.01 (max dev 0.05)
[meter] 18:26:14 5.2000 GHz  windows 8430  with tone 207  worst SNR -45.5 dB | ch1   +0.00 (max dev 0.04)  ch2   -0.02 (max dev 0.05)  ch3   -0.02 (max dev 0.05)
[meter] 18:26:14 2.4000 GHz  windows 8581  with tone 7891  worst SNR -30.6 dB | tone +191890.8 Hz 10000 samples | ch1   +0.01 (max dev 0.07)  ch2   +0.02 (max dev 0.05)  ch3   +0.03 (max dev 0.04)
[meter] 18:26:19 2.4000 GHz  windows 8719  with tone 8029  worst SNR -30.6 dB | tone +191901.8 Hz 10000 samples | ch1   +0.01 (max dev 0.07)  ch2   +0.02 (max dev 0.05)  ch3   +0.02 (max dev 0.04)
[meter] 18:26:19 5.8000 GHz  windows 8417  with tone 390  worst SNR -34.4 dB | ch1   -0.01 (max dev 0.04)  ch2   +0.01 (max dev 0.05)  ch3   +0.01 (max dev 0.05)
[meter] 18:26:19 5.2000 GHz  windows 8569  with tone 207  worst SNR -45.5 dB | ch1   +0.00 (max dev 0.04)  ch2   -0.02 (max dev 0.05)  ch3   -0.02 (max dev 0.05)
[meter] 18:26:24 2.4000 GHz  windows 8858  with tone 8168  worst SNR -30.6 dB | tone +191917.9 Hz 10000 samples | ch1   +0.01 (max dev 0.05)  ch2   +0.02 (max dev 0.04)  ch3   +0.02 (max dev 0.04)
[meter] 18:26:24 5.8000 GHz  windows 8557  with tone 390  worst SNR -34.4 dB | ch1   -0.01 (max dev 0.04)  ch2   +0.01 (max dev 0.05)  ch3   +0.01 (max dev 0.05)
[meter] 18:26:24 5.2000 GHz  windows 8708  with tone 207  worst SNR -45.5 dB | ch1   +0.00 (max dev 0.04)  ch2   -0.02 (max dev 0.05)  ch3   -0.02 (max dev 0.05)
[meter] 18:26:29 2.4000 GHz  windows 8997  with tone 8307  worst SNR -30.6 dB | tone +191941.6 Hz 10000 samples | ch1   +0.01 (max dev 0.06)  ch2   +0.02 (max dev 0.05)  ch3   +0.03 (max dev 0.04)
[meter] 18:26:29 5.8000 GHz  windows 8696  with tone 390  worst SNR -37.9 dB | ch1   -0.01 (max dev 0.04)  ch2   +0.01 (max dev 0.05)  ch3   +0.01 (max dev 0.05)[meter] 18:26:29 5.2000 GHz  windows 8847  with tone 207  worst SNR -45.5 dB | ch1   +0.00 (max dev 0.04)  ch2   -0.02 (max dev 0.05)  ch3   -0.02 (max dev 0.05)

[meter] 18:26:34 2.4000 GHz  windows 9135  with tone 8445  worst SNR -30.6 dB | tone +191931.5 Hz 10000 samples | ch1   +0.01 (max dev 0.07)  ch2   +0.02 (max dev 0.05)  ch3   +0.03 (max dev 0.04)
[meter] 18:26:34 5.2000 GHz  windows 8986  with tone 207  worst SNR -45.5 dB | ch1   +0.00 (max dev 0.04)  ch2   -0.02 (max dev 0.05)  ch3   -0.02 (max dev 0.05)
[meter] 18:26:34 5.8000 GHz  windows 8835  with tone 390  worst SNR -37.9 dB | ch1   -0.01 (max dev 0.04)  ch2   +0.01 (max dev 0.05)  ch3   +0.01 (max dev 0.05)
[meter] 18:26:39 2.4000 GHz  windows 9274  with tone 8584  worst SNR -30.6 dB | tone +191960.2 Hz 10000 samples | ch1   +0.01 (max dev 0.07)  ch2   +0.02 (max dev 0.05)  ch3   +0.02 (max dev 0.05)
[meter] 18:26:39 5.2000 GHz  windows 9125  with tone 207  worst SNR -45.5 dB | ch1   +0.00 (max dev 0.04)  ch2   -0.02 (max dev 0.05)  ch3   -0.02 (max dev 0.05)
[meter] 18:26:39 5.8000 GHz  windows 8974  with tone 390  worst SNR -37.9 dB | ch1   -0.01 (max dev 0.04)  ch2   +0.01 (max dev 0.05)  ch3   +0.01 (max dev 0.05)
[meter] 18:26:44 2.4000 GHz  windows 9413  with tone 8723  worst SNR -30.6 dB | tone +191977.3 Hz 10000 samples | ch1   +0.01 (max dev 0.07)  ch2   +0.02 (max dev 0.07)  ch3   +0.03 (max dev 0.04)
[meter] 18:26:44 5.2000 GHz  windows 9264  with tone 207  worst SNR -45.5 dB | ch1   +0.00 (max dev 0.04)  ch2   -0.02 (max dev 0.05)  ch3   -0.02 (max dev 0.05)
[meter] 18:26:44 5.8000 GHz  windows 9113  with tone 390  worst SNR -37.9 dB | ch1   -0.01 (max dev 0.04)  ch2   +0.01 (max dev 0.05)  ch3   +0.01 (max dev 0.05)
[meter] 18:26:49 2.4000 GHz  windows 9552  with tone 8862  worst SNR -30.6 dB | tone +191957.9 Hz 10000 samples | ch1   +0.01 (max dev 0.06)  ch2   +0.03 (max dev 0.06)  ch3   +0.04 (max dev 0.05)
[meter] 18:26:49 5.2000 GHz  windows 9403  with tone 207  worst SNR -45.5 dB | ch1   +0.00 (max dev 0.04)  ch2   -0.02 (max dev 0.05)  ch3   -0.02 (max dev 0.05)
[meter] 18:26:49 5.8000 GHz  windows 9252  with tone 390  worst SNR -37.9 dB | ch1   -0.01 (max dev 0.04)  ch2   +0.01 (max dev 0.05)  ch3   +0.01 (max dev 0.05)
[meter] 18:26:54 2.4000 GHz  windows 9691  with tone 9001  worst SNR -30.6 dB | tone +191964.5 Hz 10000 samples | ch1   +0.01 (max dev 0.06)  ch2   +0.04 (max dev 0.05)  ch3   +0.05 (max dev 0.05)
[meter] 18:26:54 5.2000 GHz  windows 9542  with tone 207  worst SNR -45.5 dB | ch1   +0.00 (max dev 0.04)  ch2   -0.02 (max dev 0.05)  ch3   -0.02 (max dev 0.05)
[meter] 18:26:54 5.8000 GHz  windows 9391  with tone 390  worst SNR -37.9 dB | ch1   -0.01 (max dev 0.04)  ch2   +0.01 (max dev 0.05)  ch3   +0.01 (max dev 0.05)
[meter] 18:26:59 2.4000 GHz  windows 9830  with tone 9140  worst SNR -30.6 dB | tone +191976.3 Hz 10000 samples | ch1   +0.01 (max dev 0.07)  ch2   +0.05 (max dev 0.07)  ch3   +0.05 (max dev 0.05)
[meter] 18:26:59 5.2000 GHz  windows 9681  with tone 207  worst SNR -45.5 dB | ch1   +0.00 (max dev 0.04)  ch2   -0.02 (max dev 0.05)  ch3   -0.02 (max dev 0.05)
[meter] 18:26:59 5.8000 GHz  windows 9530  with tone 390  worst SNR -37.9 dB | ch1   -0.01 (max dev 0.04)  ch2   +0.01 (max dev 0.05)  ch3   +0.01 (max dev 0.05)
[meter] 18:27:04 2.4000 GHz  windows 9969  with tone 9279  worst SNR -30.6 dB | tone +192008.2 Hz 10000 samples | ch1   +0.01 (max dev 0.06)  ch2   +0.04 (max dev 0.05)  ch3   +0.05 (max dev 0.04)
[meter] 18:27:04 5.2000 GHz  windows 9820  with tone 207  worst SNR -45.5 dB | ch1   +0.00 (max dev 0.04)  ch2   -0.02 (max dev 0.05)  ch3   -0.02 (max dev 0.05)
[meter] 18:27:04 5.8000 GHz  windows 9669  with tone 390  worst SNR -37.9 dB | ch1   -0.01 (max dev 0.04)  ch2   +0.01 (max dev 0.05)  ch3   +0.01 (max dev 0.05)
[meter] 18:27:09 2.4000 GHz  windows 10108  with tone 9418  worst SNR -30.6 dB | tone +191992.0 Hz 10000 samples | ch1   +0.01 (max dev 0.06)  ch2   +0.04 (max dev 0.06)  ch3   +0.05 (max dev 0.05)
[meter] 18:27:09 5.8000 GHz  windows 9808  with tone 390  worst SNR -38.8 dB | ch1   -0.01 (max dev 0.04)  ch2   +0.01 (max dev 0.05)  ch3   +0.01 (max dev 0.05)
[meter] 18:27:09 5.2000 GHz  windows 9959  with tone 207  worst SNR -45.5 dB | ch1   +0.00 (max dev 0.04)  ch2   -0.02 (max dev 0.05)  ch3   -0.02 (max dev 0.05)
[meter] 18:27:14 2.4000 GHz  windows 10247  with tone 9557  worst SNR -30.6 dB | tone +191986.1 Hz 10000 samples | ch1   +0.01 (max dev 0.07)  ch2   +0.04 (max dev 0.05)  ch3   +0.05 (max dev 0.04)
[meter] 18:27:14 5.8000 GHz  windows 9947  with tone 390  worst SNR -38.8 dB | ch1   -0.01 (max dev 0.04)  ch2   +0.01 (max dev 0.05)  ch3   +0.01 (max dev 0.05)
[meter] 18:27:14 5.2000 GHz  windows 10098  with tone 207  worst SNR -45.5 dB | ch1   +0.00 (max dev 0.04)  ch2   -0.02 (max dev 0.05)  ch3   -0.02 (max dev 0.05)
[meter] 18:27:19 2.4000 GHz  windows 10386  with tone 9696  worst SNR -30.6 dB | tone +192000.8 Hz 10000 samples | ch1   +0.00 (max dev 0.07)  ch2   +0.04 (max dev 0.07)  ch3   +0.05 (max dev 0.05)
[meter] 18:27:19 5.8000 GHz  windows 10086  with tone 390  worst SNR -38.8 dB | ch1   -0.01 (max dev 0.04)  ch2   +0.01 (max dev 0.05)  ch3   +0.01 (max dev 0.05)
[meter] 18:27:19 5.2000 GHz  windows 10237  with tone 207  worst SNR -45.5 dB | ch1   +0.00 (max dev 0.04)  ch2   -0.02 (max dev 0.05)  ch3   -0.02 (max dev 0.05)
[meter] 18:27:24 2.4000 GHz  windows 10525  with tone 9835  worst SNR -30.6 dB | tone +191999.5 Hz 10000 samples | ch1   +0.01 (max dev 0.05)  ch2   +0.05 (max dev 0.06)  ch3   +0.06 (max dev 0.04)
[meter] 18:27:24 5.2000 GHz  windows 10376  with tone 207  worst SNR -45.5 dB | ch1   +0.00 (max dev 0.04)  ch2   -0.02 (max dev 0.05)  ch3   -0.02 (max dev 0.05)
[meter] 18:27:24 5.8000 GHz  windows 10225  with tone 390  worst SNR -38.8 dB | ch1   -0.01 (max dev 0.04)  ch2   +0.01 (max dev 0.05)  ch3   +0.01 (max dev 0.05)
[meter] 18:27:29 2.4000 GHz  windows 10664  with tone 9974  worst SNR -30.6 dB | tone +191990.0 Hz 10000 samples | ch1   +0.01 (max dev 0.06)  ch2   +0.06 (max dev 0.05)  ch3   +0.06 (max dev 0.04)
[meter] 18:27:29 5.2000 GHz  windows 10515  with tone 207  worst SNR -45.5 dB | ch1   +0.00 (max dev 0.04)  ch2   -0.02 (max dev 0.05)  ch3   -0.02 (max dev 0.05)[meter] 18:27:29 5.8000 GHz  windows 10364  with tone 390  worst SNR -38.8 dB | ch1   -0.01 (max dev 0.04)  ch2   +0.01 (max dev 0.05)  ch3   +0.01 (max dev 0.05)

[meter] 18:27:34 5.2000 GHz  windows 10654  with tone 207  worst SNR -45.5 dB | ch1   +0.00 (max dev 0.04)  ch2   -0.02 (max dev 0.05)  ch3   -0.02 (max dev 0.05)
[meter] 18:27:34 5.8000 GHz  windows 10503  with tone 390  worst SNR -38.8 dB | ch1   -0.01 (max dev 0.04)  ch2   +0.01 (max dev 0.05)  ch3   +0.01 (max dev 0.05)
[meter] 18:27:34 2.4000 GHz  windows 10803  with tone 10113  worst SNR -30.6 dB | tone +191990.1 Hz 10000 samples | ch1   +0.01 (max dev 0.07)  ch2   +0.06 (max dev 0.06)  ch3   +0.06 (max dev 0.05)
[meter] 18:27:39 5.2000 GHz  windows 10793  with tone 207  worst SNR -45.5 dB | ch1   +0.00 (max dev 0.04)  ch2   -0.02 (max dev 0.05)  ch3   -0.02 (max dev 0.05)
[meter] 18:27:39 2.4000 GHz  windows 10942  with tone 10252  worst SNR -30.6 dB | tone +191983.2 Hz 10000 samples | ch1   +0.01 (max dev 0.06)  ch2   +0.05 (max dev 0.07)  ch3   +0.05 (max dev 0.04)[meter] 18:27:39 5.8000 GHz  windows 10642  with tone 390  worst SNR -38.8 dB | ch1   -0.01 (max dev 0.04)  ch2   +0.01 (max dev 0.05)  ch3   +0.01 (max dev 0.05)

[meter] 18:27:44 2.4000 GHz  windows 11081  with tone 10391  worst SNR -30.6 dB | tone +191974.8 Hz 10000 samples | ch1   +0.01 (max dev 0.07)  ch2   +0.05 (max dev 0.07)  ch3   +0.06 (max dev 0.05)
[meter] 18:27:44 5.8000 GHz  windows 10781  with tone 390  worst SNR -38.8 dB | ch1   -0.01 (max dev 0.04)  ch2   +0.01 (max dev 0.05)  ch3   +0.01 (max dev 0.05)
[meter] 18:27:44 5.2000 GHz  windows 10932  with tone 207  worst SNR -45.5 dB | ch1   +0.00 (max dev 0.04)  ch2   -0.02 (max dev 0.05)  ch3   -0.02 (max dev 0.05)
[meter] 18:27:49 2.4000 GHz  windows 11220  with tone 10530  worst SNR -30.6 dB | tone +191972.0 Hz 10000 samples | ch1   +0.01 (max dev 0.07)  ch2   +0.05 (max dev 0.05)  ch3   +0.06 (max dev 0.04)
[meter] 18:27:49 5.8000 GHz  windows 10920  with tone 390  worst SNR -38.8 dB | ch1   -0.01 (max dev 0.04)  ch2   +0.01 (max dev 0.05)  ch3   +0.01 (max dev 0.05)
[meter] 18:27:49 5.2000 GHz  windows 11071  with tone 207  worst SNR -45.5 dB | ch1   +0.00 (max dev 0.04)  ch2   -0.02 (max dev 0.05)  ch3   -0.02 (max dev 0.05)
[meter] 18:27:54 5.8000 GHz  windows 11059  with tone 390  worst SNR -38.8 dB | ch1   -0.01 (max dev 0.04)  ch2   +0.01 (max dev 0.05)  ch3   +0.01 (max dev 0.05)
[meter] 18:27:54 5.2000 GHz  windows 11210  with tone 207  worst SNR -45.5 dB | ch1   +0.00 (max dev 0.04)  ch2   -0.02 (max dev 0.05)  ch3   -0.02 (max dev 0.05)
[meter] 18:27:54 2.4000 GHz  windows 11359  with tone 10669  worst SNR -30.6 dB | tone +191973.9 Hz 10000 samples | ch1   +0.01 (max dev 0.07)  ch2   +0.05 (max dev 0.05)  ch3   +0.06 (max dev 0.04)
[meter] 18:27:59 2.4000 GHz  windows 11497  with tone 10807  worst SNR -30.6 dB | tone +191960.8 Hz 10000 samples | ch1   +0.01 (max dev 0.06)  ch2   +0.04 (max dev 0.06)  ch3   +0.05 (max dev 0.05)
[meter] 18:27:59 5.8000 GHz  windows 11198  with tone 390  worst SNR -38.8 dB | ch1   -0.01 (max dev 0.04)  ch2   +0.01 (max dev 0.05)  ch3   +0.01 (max dev 0.05)[meter] 18:27:59 5.2000 GHz  windows 11349  with tone 207  worst SNR -45.5 dB | ch1   +0.00 (max dev 0.04)  ch2   -0.02 (max dev 0.05)  ch3   -0.02 (max dev 0.05)

[meter] 18:28:04 2.4000 GHz  windows 11636  with tone 10946  worst SNR -30.6 dB | tone +192004.8 Hz 10000 samples | ch1   +0.01 (max dev 0.05)  ch2   +0.04 (max dev 0.05)  ch3   +0.05 (max dev 0.04)
[meter] 18:28:04 5.8000 GHz  windows 11337  with tone 390  worst SNR -38.8 dB | ch1   -0.01 (max dev 0.04)  ch2   +0.01 (max dev 0.05)  ch3   +0.01 (max dev 0.05)
[meter] 18:28:04 5.2000 GHz  windows 11488  with tone 207  worst SNR -45.5 dB | ch1   +0.00 (max dev 0.04)  ch2   -0.02 (max dev 0.05)  ch3   -0.02 (max dev 0.05)
[meter] 18:28:09 5.8000 GHz  windows 11476  with tone 390  worst SNR -38.8 dB | ch1   -0.01 (max dev 0.04)  ch2   +0.01 (max dev 0.05)  ch3   +0.01 (max dev 0.05)
[meter] 18:28:09 2.4000 GHz  windows 11775  with tone 11085  worst SNR -30.6 dB | tone +191985.4 Hz 10000 samples | ch1   +0.01 (max dev 0.06)  ch2   +0.03 (max dev 0.05)  ch3   +0.04 (max dev 0.05)
[meter] 18:28:09 5.2000 GHz  windows 11627  with tone 207  worst SNR -45.5 dB | ch1   +0.00 (max dev 0.04)  ch2   -0.02 (max dev 0.05)  ch3   -0.02 (max dev 0.05)
[meter] 18:28:14 2.4000 GHz  windows 11914  with tone 11224  worst SNR -30.6 dB | tone +192013.4 Hz 10000 samples | ch1   +0.01 (max dev 0.06)  ch2   +0.02 (max dev 0.07)  ch3   +0.03 (max dev 0.05)
[meter] 18:28:14 5.8000 GHz  windows 11615  with tone 390  worst SNR -38.8 dB | ch1   -0.01 (max dev 0.04)  ch2   +0.01 (max dev 0.05)  ch3   +0.01 (max dev 0.05)
[meter] 18:28:14 5.2000 GHz  windows 11766  with tone 207  worst SNR -45.5 dB | ch1   +0.00 (max dev 0.04)  ch2   -0.02 (max dev 0.05)  ch3   -0.02 (max dev 0.05)
[meter] 18:28:19 5.2000 GHz  windows 11905  with tone 207  worst SNR -45.5 dB | ch1   +0.00 (max dev 0.04)  ch2   -0.02 (max dev 0.05)  ch3   -0.02 (max dev 0.05)
[meter] 18:28:19 2.4000 GHz  windows 12053  with tone 11363  worst SNR -30.6 dB | tone +192002.3 Hz 10000 samples | ch1   +0.01 (max dev 0.06)  ch2   +0.03 (max dev 0.06)  ch3   +0.04 (max dev 0.05)
[meter] 18:28:19 5.8000 GHz  windows 11754  with tone 390  worst SNR -38.8 dB | ch1   -0.01 (max dev 0.04)  ch2   +0.01 (max dev 0.05)  ch3   +0.01 (max dev 0.05)
[meter] 18:28:24 5.8000 GHz  windows 11893  with tone 390  worst SNR -38.8 dB | ch1   -0.01 (max dev 0.04)  ch2   +0.01 (max dev 0.05)  ch3   +0.01 (max dev 0.05)
[meter] 18:28:24 5.2000 GHz  windows 12044  with tone 207  worst SNR -45.5 dB | ch1   +0.00 (max dev 0.04)  ch2   -0.02 (max dev 0.05)  ch3   -0.02 (max dev 0.05)
[meter] 18:28:24 2.4000 GHz  windows 12192  with tone 11502  worst SNR -30.6 dB | tone +192000.2 Hz 10000 samples | ch1   +0.01 (max dev 0.07)  ch2   +0.03 (max dev 0.05)  ch3   +0.04 (max dev 0.05)
[meter] 18:28:29 5.2000 GHz  windows 12183  with tone 207  worst SNR -45.5 dB | ch1   +0.00 (max dev 0.04)  ch2   -0.02 (max dev 0.05)  ch3   -0.02 (max dev 0.05)
[meter] 18:28:29 2.4000 GHz  windows 12331  with tone 11641  worst SNR -30.6 dB | tone +192038.4 Hz 10000 samples | ch1   +0.01 (max dev 0.06)  ch2   +0.04 (max dev 0.05)  ch3   +0.05 (max dev 0.04)
[meter] 18:28:29 5.8000 GHz  windows 12032  with tone 390  worst SNR -38.8 dB | ch1   -0.01 (max dev 0.04)  ch2   +0.01 (max dev 0.05)  ch3   +0.01 (max dev 0.05)
[meter] 18:28:34 5.8000 GHz  windows 12171  with tone 390  worst SNR -38.8 dB | ch1   -0.01 (max dev 0.04)  ch2   +0.01 (max dev 0.05)  ch3   +0.01 (max dev 0.05)
[meter] 18:28:34 2.4000 GHz  windows 12470  with tone 11780  worst SNR -30.6 dB | tone +192004.5 Hz 10000 samples | ch1   +0.01 (max dev 0.06)  ch2   +0.05 (max dev 0.05)  ch3   +0.06 (max dev 0.05)
[meter] 18:28:34 5.2000 GHz  windows 12322  with tone 207  worst SNR -45.5 dB | ch1   +0.00 (max dev 0.04)  ch2   -0.02 (max dev 0.05)  ch3   -0.02 (max dev 0.05)
[meter] 18:28:39 5.2000 GHz  windows 12461  with tone 207  worst SNR -45.5 dB | ch1   +0.00 (max dev 0.04)  ch2   -0.02 (max dev 0.05)  ch3   -0.02 (max dev 0.05)
[meter] 18:28:39 5.8000 GHz  windows 12310  with tone 390  worst SNR -38.8 dB | ch1   -0.01 (max dev 0.04)  ch2   +0.01 (max dev 0.05)  ch3   +0.01 (max dev 0.05)
[meter] 18:28:39 2.4000 GHz  windows 12609  with tone 11919  worst SNR -30.6 dB | tone +192001.3 Hz 10000 samples | ch1   +0.01 (max dev 0.08)  ch2   +0.05 (max dev 0.05)  ch3   +0.05 (max dev 0.05)
[meter] 18:28:44 5.8000 GHz  windows 12449  with tone 390  worst SNR -38.8 dB | ch1   -0.01 (max dev 0.04)  ch2   +0.01 (max dev 0.05)  ch3   +0.01 (max dev 0.05)
[meter] 18:28:44 2.4000 GHz  windows 12748  with tone 12058  worst SNR -30.6 dB | tone +191993.9 Hz 10000 samples | ch1   +0.01 (max dev 0.08)  ch2   +0.06 (max dev 0.06)  ch3   +0.06 (max dev 0.04)
[meter] 18:28:44 5.2000 GHz  windows 12600  with tone 207  worst SNR -45.5 dB | ch1   +0.00 (max dev 0.04)  ch2   -0.02 (max dev 0.05)  ch3   -0.02 (max dev 0.05)
[meter] 18:28:49 5.2000 GHz  windows 12739  with tone 207  worst SNR -45.5 dB | ch1   +0.00 (max dev 0.04)  ch2   -0.02 (max dev 0.05)  ch3   -0.02 (max dev 0.05)
[meter] 18:28:49 5.8000 GHz  windows 12588  with tone 390  worst SNR -38.8 dB | ch1   -0.01 (max dev 0.04)  ch2   +0.01 (max dev 0.05)  ch3   +0.01 (max dev 0.05)[meter] 18:28:49 2.4000 GHz  windows 12887  with tone 12197  worst SNR -30.6 dB | tone +192009.9 Hz 10000 samples | ch1   +0.01 (max dev 0.06)  ch2   +0.06 (max dev 0.06)  ch3   +0.06 (max dev 0.04)

[meter] 18:28:54 5.8000 GHz  windows 12727  with tone 390  worst SNR -38.8 dB | ch1   -0.01 (max dev 0.04)  ch2   +0.01 (max dev 0.05)  ch3   +0.01 (max dev 0.05)
[meter] 18:28:54 2.4000 GHz  windows 13026  with tone 12336  worst SNR -30.6 dB | tone +192004.1 Hz 10000 samples | ch1   +0.01 (max dev 0.06)  ch2   +0.05 (max dev 0.06)  ch3   +0.05 (max dev 0.04)[meter] 18:28:54 5.2000 GHz  windows 12878  with tone 207  worst SNR -45.5 dB | ch1   +0.00 (max dev 0.04)  ch2   -0.02 (max dev 0.05)  ch3   -0.02 (max dev 0.05)

[meter] 18:28:59 5.8000 GHz  windows 12866  with tone 390  worst SNR -38.8 dB | ch1   -0.01 (max dev 0.04)  ch2   +0.01 (max dev 0.05)  ch3   +0.01 (max dev 0.05)
[meter] 18:28:59 2.4000 GHz  windows 13165  with tone 12475  worst SNR -30.6 dB | tone +191995.9 Hz 10000 samples | ch1   +0.00 (max dev 0.06)  ch2   +0.03 (max dev 0.06)  ch3   +0.04 (max dev 0.04)
[meter] 18:28:59 5.2000 GHz  windows 13017  with tone 207  worst SNR -45.5 dB | ch1   +0.00 (max dev 0.04)  ch2   -0.02 (max dev 0.05)  ch3   -0.02 (max dev 0.05)
[meter] 18:29:04 5.8000 GHz  windows 13005  with tone 390  worst SNR -38.8 dB | ch1   -0.01 (max dev 0.04)  ch2   +0.01 (max dev 0.05)  ch3   +0.01 (max dev 0.05)
[meter] 18:29:04 2.4000 GHz  windows 13304  with tone 12614  worst SNR -30.6 dB | tone +191988.8 Hz 10000 samples | ch1   +0.01 (max dev 0.06)  ch2   +0.03 (max dev 0.05)  ch3   +0.03 (max dev 0.05)
[meter] 18:29:04 5.2000 GHz  windows 13156  with tone 207  worst SNR -45.5 dB | ch1   +0.00 (max dev 0.04)  ch2   -0.02 (max dev 0.05)  ch3   -0.02 (max dev 0.05)
[meter] 18:29:09 5.8000 GHz  windows 13144  with tone 390  worst SNR -38.8 dB | ch1   -0.01 (max dev 0.04)  ch2   +0.01 (max dev 0.05)  ch3   +0.01 (max dev 0.05)
[meter] 18:29:09 5.2000 GHz  windows 13295  with tone 207  worst SNR -45.5 dB | ch1   +0.00 (max dev 0.04)  ch2   -0.02 (max dev 0.05)  ch3   -0.02 (max dev 0.05)
[meter] 18:29:09 2.4000 GHz  windows 13443  with tone 12753  worst SNR -30.6 dB | tone +191978.9 Hz 10000 samples | ch1   +0.00 (max dev 0.07)  ch2   +0.02 (max dev 0.05)  ch3   +0.03 (max dev 0.04)
[meter] 18:29:14 2.4000 GHz  windows 13582  with tone 12892  worst SNR -30.6 dB | tone +191995.5 Hz 10000 samples | ch1   +0.00 (max dev 0.07)  ch2   +0.02 (max dev 0.05)  ch3   +0.03 (max dev 0.05)
[meter] 18:29:14 5.2000 GHz  windows 13434  with tone 207  worst SNR -45.5 dB | ch1   +0.00 (max dev 0.04)  ch2   -0.02 (max dev 0.05)  ch3   -0.02 (max dev 0.05)
[meter] 18:29:14 5.8000 GHz  windows 13283  with tone 390  worst SNR -38.8 dB | ch1   -0.01 (max dev 0.04)  ch2   +0.01 (max dev 0.05)  ch3   +0.01 (max dev 0.05)
[meter] 18:29:19 2.4000 GHz  windows 13721  with tone 13031  worst SNR -30.6 dB | tone +191983.7 Hz 10000 samples | ch1   +0.00 (max dev 0.06)  ch2   +0.03 (max dev 0.05)  ch3   +0.03 (max dev 0.06)
[meter] 18:29:19 5.2000 GHz  windows 13573  with tone 207  worst SNR -45.5 dB | ch1   +0.00 (max dev 0.04)  ch2   -0.02 (max dev 0.05)  ch3   -0.02 (max dev 0.05)
[meter] 18:29:19 5.8000 GHz  windows 13422  with tone 390  worst SNR -38.8 dB | ch1   -0.01 (max dev 0.04)  ch2   +0.01 (max dev 0.05)  ch3   +0.01 (max dev 0.05)
[meter] 18:29:24 5.8000 GHz  windows 13561  with tone 390  worst SNR -38.8 dB | ch1   -0.01 (max dev 0.04)  ch2   +0.01 (max dev 0.05)  ch3   +0.01 (max dev 0.05)
[meter] 18:29:24 5.2000 GHz  windows 13712  with tone 207  worst SNR -45.5 dB | ch1   +0.00 (max dev 0.04)  ch2   -0.02 (max dev 0.05)  ch3   -0.02 (max dev 0.05)
[meter] 18:29:24 2.4000 GHz  windows 13860  with tone 13170  worst SNR -30.6 dB | tone +191988.9 Hz 10000 samples | ch1   +0.01 (max dev 0.05)  ch2   +0.03 (max dev 0.06)  ch3   +0.04 (max dev 0.04)
[meter] 18:29:29 5.8000 GHz  windows 13700  with tone 390  worst SNR -38.8 dB | ch1   -0.01 (max dev 0.04)  ch2   +0.01 (max dev 0.05)  ch3   +0.01 (max dev 0.05)
[meter] 18:29:29 5.2000 GHz  windows 13851  with tone 207  worst SNR -45.5 dB | ch1   +0.00 (max dev 0.04)  ch2   -0.02 (max dev 0.05)  ch3   -0.02 (max dev 0.05)
[meter] 18:29:29 2.4000 GHz  windows 13999  with tone 13309  worst SNR -30.6 dB | tone +191987.9 Hz 10000 samples | ch1   +0.01 (max dev 0.06)  ch2   +0.03 (max dev 0.06)  ch3   +0.03 (max dev 0.05)
[meter] 18:29:34 5.2000 GHz  windows 13990  with tone 207  worst SNR -45.5 dB | ch1   +0.00 (max dev 0.04)  ch2   -0.02 (max dev 0.05)  ch3   -0.02 (max dev 0.05)
[meter] 18:29:34 2.4000 GHz  windows 14138  with tone 13448  worst SNR -30.6 dB | tone +191997.2 Hz 10000 samples | ch1   +0.01 (max dev 0.08)  ch2   +0.03 (max dev 0.06)  ch3   +0.03 (max dev 0.06)
[meter] 18:29:34 5.8000 GHz  windows 13839  with tone 390  worst SNR -38.8 dB | ch1   -0.01 (max dev 0.04)  ch2   +0.01 (max dev 0.05)  ch3   +0.01 (max dev 0.05)
[meter] 18:29:39 5.8000 GHz  windows 13978  with tone 390  worst SNR -38.8 dB | ch1   -0.01 (max dev 0.04)  ch2   +0.01 (max dev 0.05)  ch3   +0.01 (max dev 0.05)[meter] 18:29:39 2.4000 GHz  windows 14277  with tone 13587  worst SNR -30.6 dB | tone +192005.3 Hz 10000 samples | ch1   +0.01 (max dev 0.07)  ch2   +0.02 (max dev 0.05)  ch3   +0.03 (max dev 0.05)

[meter] 18:29:39 5.2000 GHz  windows 14129  with tone 207  worst SNR -45.5 dB | ch1   +0.00 (max dev 0.04)  ch2   -0.02 (max dev 0.05)  ch3   -0.02 (max dev 0.05)
[meter] 18:29:44 2.4000 GHz  windows 14416  with tone 13726  worst SNR -30.6 dB | tone +192007.4 Hz 10000 samples | ch1   +0.01 (max dev 0.05)  ch2   +0.02 (max dev 0.05)  ch3   +0.02 (max dev 0.05)
[meter] 18:29:44 5.2000 GHz  windows 14268  with tone 207  worst SNR -45.5 dB | ch1   +0.00 (max dev 0.04)  ch2   -0.02 (max dev 0.05)  ch3   -0.02 (max dev 0.05)[meter] 18:29:44 5.8000 GHz  windows 14117  with tone 390  worst SNR -38.8 dB | ch1   -0.01 (max dev 0.04)  ch2   +0.01 (max dev 0.05)  ch3   +0.01 (max dev 0.05)

[meter] 18:29:49 2.4000 GHz  windows 14555  with tone 13865  worst SNR -30.6 dB | tone +192019.7 Hz 10000 samples | ch1   +0.01 (max dev 0.06)  ch2   +0.02 (max dev 0.05)  ch3   +0.02 (max dev 0.05)
[meter] 18:29:49 5.2000 GHz  windows 14407  with tone 207  worst SNR -45.5 dB | ch1   +0.00 (max dev 0.04)  ch2   -0.02 (max dev 0.05)  ch3   -0.02 (max dev 0.05)
[meter] 18:29:49 5.8000 GHz  windows 14256  with tone 390  worst SNR -38.8 dB | ch1   -0.01 (max dev 0.04)  ch2   +0.01 (max dev 0.05)  ch3   +0.01 (max dev 0.05)
[meter] 18:29:54 5.2000 GHz  windows 14546  with tone 207  worst SNR -45.5 dB | ch1   +0.00 (max dev 0.04)  ch2   -0.02 (max dev 0.05)  ch3   -0.02 (max dev 0.05)
[meter] 18:29:54 2.4000 GHz  windows 14694  with tone 14004  worst SNR -30.6 dB | tone +192010.2 Hz 10000 samples | ch1   +0.01 (max dev 0.08)  ch2   +0.02 (max dev 0.05)  ch3   +0.03 (max dev 0.06)
[meter] 18:29:54 5.8000 GHz  windows 14395  with tone 390  worst SNR -38.8 dB | ch1   -0.01 (max dev 0.04)  ch2   +0.01 (max dev 0.05)  ch3   +0.01 (max dev 0.05)
[meter] 18:29:59 2.4000 GHz  windows 14833  with tone 14143  worst SNR -30.6 dB | tone +192018.8 Hz 10000 samples | ch1   +0.01 (max dev 0.06)  ch2   +0.02 (max dev 0.05)  ch3   +0.03 (max dev 0.06)
[meter] 18:29:59 5.8000 GHz  windows 14534  with tone 390  worst SNR -38.8 dB | ch1   -0.01 (max dev 0.04)  ch2   +0.01 (max dev 0.05)  ch3   +0.01 (max dev 0.05)
[meter] 18:29:59 5.2000 GHz  windows 14685  with tone 207  worst SNR -45.5 dB | ch1   +0.00 (max dev 0.04)  ch2   -0.02 (max dev 0.05)  ch3   -0.02 (max dev 0.05)
[meter] 18:30:04 5.2000 GHz  windows 14824  with tone 207  worst SNR -45.5 dB | ch1   +0.00 (max dev 0.04)  ch2   -0.02 (max dev 0.05)  ch3   -0.02 (max dev 0.05)
[meter] 18:30:04 5.8000 GHz  windows 14673  with tone 390  worst SNR -38.8 dB | ch1   -0.01 (max dev 0.04)  ch2   +0.01 (max dev 0.05)  ch3   +0.01 (max dev 0.05)
[meter] 18:30:04 2.4000 GHz  windows 14972  with tone 14282  worst SNR -30.6 dB | tone +192021.2 Hz 10000 samples | ch1   +0.01 (max dev 0.06)  ch2   +0.03 (max dev 0.04)  ch3   +0.04 (max dev 0.05)
[meter] 18:30:09 5.8000 GHz  windows 14812  with tone 390  worst SNR -38.8 dB | ch1   -0.01 (max dev 0.04)  ch2   +0.01 (max dev 0.05)  ch3   +0.01 (max dev 0.05)
[meter] 18:30:09 2.4000 GHz  windows 15111  with tone 14421  worst SNR -30.6 dB | tone +192026.8 Hz 10000 samples | ch1   +0.01 (max dev 0.08)  ch2   +0.02 (max dev 0.05)  ch3   +0.03 (max dev 0.04)
[meter] 18:30:09 5.2000 GHz  windows 14963  with tone 207  worst SNR -45.5 dB | ch1   +0.00 (max dev 0.04)  ch2   -0.02 (max dev 0.05)  ch3   -0.02 (max dev 0.05)
[meter] 18:30:14 2.4000 GHz  windows 15250  with tone 14560  worst SNR -30.6 dB | tone +192019.6 Hz 10000 samples | ch1   +0.01 (max dev 0.08)  ch2   +0.03 (max dev 0.05)  ch3   +0.04 (max dev 0.05)
[meter] 18:30:14 5.2000 GHz  windows 15102  with tone 207  worst SNR -45.5 dB | ch1   +0.00 (max dev 0.04)  ch2   -0.02 (max dev 0.05)  ch3   -0.02 (max dev 0.05)
[meter] 18:30:14 5.8000 GHz  windows 14951  with tone 390  worst SNR -38.8 dB | ch1   -0.01 (max dev 0.04)  ch2   +0.01 (max dev 0.05)  ch3   +0.01 (max dev 0.05)
[meter] 18:30:19 5.2000 GHz  windows 15240  with tone 207  worst SNR -45.5 dB | ch1   +0.00 (max dev 0.04)  ch2   -0.02 (max dev 0.05)  ch3   -0.02 (max dev 0.05)
[meter] 18:30:19 5.8000 GHz  windows 15090  with tone 390  worst SNR -38.8 dB | ch1   -0.01 (max dev 0.04)  ch2   +0.01 (max dev 0.05)  ch3   +0.01 (max dev 0.05)
[meter] 18:30:19 2.4000 GHz  windows 15389  with tone 14699  worst SNR -30.6 dB | tone +192017.6 Hz 10000 samples | ch1   +0.01 (max dev 0.06)  ch2   +0.04 (max dev 0.06)  ch3   +0.05 (max dev 0.05)
[meter] 18:30:24 2.4000 GHz  windows 15528  with tone 14838  worst SNR -30.6 dB | tone +192023.5 Hz 10000 samples | ch1   +0.01 (max dev 0.06)  ch2   +0.04 (max dev 0.06)  ch3   +0.05 (max dev 0.05)
[meter] 18:30:24 5.8000 GHz  windows 15229  with tone 390  worst SNR -38.8 dB | ch1   -0.01 (max dev 0.04)  ch2   +0.01 (max dev 0.05)  ch3   +0.01 (max dev 0.05)
[meter] 18:30:24 5.2000 GHz  windows 15379  with tone 207  worst SNR -45.5 dB | ch1   +0.00 (max dev 0.04)  ch2   -0.02 (max dev 0.05)  ch3   -0.02 (max dev 0.05)
[meter] 18:30:29 5.2000 GHz  windows 15518  with tone 207  worst SNR -45.5 dB | ch1   +0.00 (max dev 0.04)  ch2   -0.02 (max dev 0.05)  ch3   -0.02 (max dev 0.05)
[meter] 18:30:29 2.4000 GHz  windows 15667  with tone 14977  worst SNR -30.6 dB | tone +192030.4 Hz 10000 samples | ch1   +0.01 (max dev 0.06)  ch2   +0.03 (max dev 0.05)  ch3   +0.04 (max dev 0.04)
[meter] 18:30:29 5.8000 GHz  windows 15368  with tone 390  worst SNR -38.8 dB | ch1   -0.01 (max dev 0.04)  ch2   +0.01 (max dev 0.05)  ch3   +0.01 (max dev 0.05)
[meter] 18:30:34 2.4000 GHz  windows 15806  with tone 15116  worst SNR -30.6 dB | tone +192017.2 Hz 10000 samples | ch1   +0.01 (max dev 0.08)  ch2   +0.04 (max dev 0.05)  ch3   +0.05 (max dev 0.05)
[meter] 18:30:34 5.8000 GHz  windows 15507  with tone 390  worst SNR -38.8 dB | ch1   -0.01 (max dev 0.04)  ch2   +0.01 (max dev 0.05)  ch3   +0.01 (max dev 0.05)
[meter] 18:30:34 5.2000 GHz  windows 15657  with tone 207  worst SNR -45.5 dB | ch1   +0.00 (max dev 0.04)  ch2   -0.02 (max dev 0.05)  ch3   -0.02 (max dev 0.05)
[meter] 18:30:39 5.2000 GHz  windows 15796  with tone 207  worst SNR -45.5 dB | ch1   +0.00 (max dev 0.04)  ch2   -0.02 (max dev 0.05)  ch3   -0.02 (max dev 0.05)
[meter] 18:30:39 2.4000 GHz  windows 15945  with tone 15255  worst SNR -30.6 dB | tone +192033.7 Hz 10000 samples | ch1   +0.01 (max dev 0.08)  ch2   +0.03 (max dev 0.05)  ch3   +0.04 (max dev 0.05)[meter] 18:30:39 5.8000 GHz  windows 15646  with tone 390  worst SNR -38.8 dB | ch1   -0.01 (max dev 0.04)  ch2   +0.01 (max dev 0.05)  ch3   +0.01 (max dev 0.05)

[meter] 18:30:44 2.4000 GHz  windows 16084  with tone 15394  worst SNR -30.6 dB | tone +192030.5 Hz 10000 samples | ch1   +0.01 (max dev 0.08)  ch2   +0.03 (max dev 0.05)  ch3   +0.04 (max dev 0.04)
[meter] 18:30:44 5.8000 GHz  windows 15785  with tone 390  worst SNR -38.8 dB | ch1   -0.01 (max dev 0.04)  ch2   +0.01 (max dev 0.05)  ch3   +0.01 (max dev 0.05)
[meter] 18:30:44 5.2000 GHz  windows 15935  with tone 207  worst SNR -45.5 dB | ch1   +0.00 (max dev 0.04)  ch2   -0.02 (max dev 0.05)  ch3   -0.02 (max dev 0.05)
[meter] 18:30:49 5.8000 GHz  windows 15924  with tone 390  worst SNR -38.8 dB | ch1   -0.01 (max dev 0.04)  ch2   +0.01 (max dev 0.05)  ch3   +0.01 (max dev 0.05)
[meter] 18:30:49 2.4000 GHz  windows 16223  with tone 15533  worst SNR -30.6 dB | tone +192026.3 Hz 10000 samples | ch1   +0.01 (max dev 0.07)  ch2   +0.03 (max dev 0.05)  ch3   +0.04 (max dev 0.04)[meter] 18:30:49 5.2000 GHz  windows 16074  with tone 207  worst SNR -45.5 dB | ch1   +0.00 (max dev 0.04)  ch2   -0.02 (max dev 0.05)  ch3   -0.02 (max dev 0.05)

[meter] 18:30:54 5.8000 GHz  windows 16063  with tone 390  worst SNR -38.8 dB | ch1   -0.01 (max dev 0.04)  ch2   +0.01 (max dev 0.05)  ch3   +0.01 (max dev 0.05)
[meter] 18:30:54 2.4000 GHz  windows 16362  with tone 15672  worst SNR -30.6 dB | tone +192012.3 Hz 10000 samples | ch1   +0.01 (max dev 0.07)  ch2   +0.03 (max dev 0.05)  ch3   +0.05 (max dev 0.04)
[meter] 18:30:54 5.2000 GHz  windows 16213  with tone 207  worst SNR -45.5 dB | ch1   +0.00 (max dev 0.04)  ch2   -0.02 (max dev 0.05)  ch3   -0.02 (max dev 0.05)
[meter] 18:30:59 5.8000 GHz  windows 16202  with tone 390  worst SNR -38.8 dB | ch1   -0.01 (max dev 0.04)  ch2   +0.01 (max dev 0.05)  ch3   +0.01 (max dev 0.05)
[meter] 18:30:59 2.4000 GHz  windows 16501  with tone 15811  worst SNR -30.6 dB | tone +192019.2 Hz 10000 samples | ch1   +0.01 (max dev 0.07)  ch2   +0.04 (max dev 0.05)  ch3   +0.05 (max dev 0.05)
[meter] 18:30:59 5.2000 GHz  windows 16352  with tone 207  worst SNR -45.5 dB | ch1   +0.00 (max dev 0.04)  ch2   -0.02 (max dev 0.05)  ch3   -0.02 (max dev 0.05)
[meter] 18:31:04 2.4000 GHz  windows 16640  with tone 15950  worst SNR -30.6 dB | tone +192025.1 Hz 10000 samples | ch1   +0.01 (max dev 0.07)  ch2   +0.04 (max dev 0.06)  ch3   +0.05 (max dev 0.05)
[meter] 18:31:04 5.8000 GHz  windows 16341  with tone 390  worst SNR -38.8 dB | ch1   -0.01 (max dev 0.04)  ch2   +0.01 (max dev 0.05)  ch3   +0.01 (max dev 0.05)[meter] 18:31:04 5.2000 GHz  windows 16491  with tone 207  worst SNR -45.5 dB | ch1   +0.00 (max dev 0.04)  ch2   -0.02 (max dev 0.05)  ch3   -0.02 (max dev 0.05)

[meter] 18:31:09 5.8000 GHz  windows 16479  with tone 390  worst SNR -38.8 dB | ch1   -0.01 (max dev 0.04)  ch2   +0.01 (max dev 0.05)  ch3   +0.01 (max dev 0.05)
[meter] 18:31:09 2.4000 GHz  windows 16779  with tone 16089  worst SNR -30.6 dB | tone +192032.5 Hz 10000 samples | ch1   +0.01 (max dev 0.07)  ch2   +0.03 (max dev 0.06)  ch3   +0.05 (max dev 0.05)
[meter] 18:31:09 5.2000 GHz  windows 16630  with tone 207  worst SNR -45.5 dB | ch1   +0.00 (max dev 0.04)  ch2   -0.02 (max dev 0.05)  ch3   -0.02 (max dev 0.05)
[meter] 18:31:14 2.4000 GHz  windows 16918  with tone 16228  worst SNR -30.6 dB | tone +192048.0 Hz 10000 samples | ch1   +0.01 (max dev 0.07)  ch2   +0.03 (max dev 0.04)  ch3   +0.05 (max dev 0.04)
[meter] 18:31:14 5.8000 GHz  windows 16619  with tone 390  worst SNR -38.8 dB | ch1   -0.01 (max dev 0.04)  ch2   +0.01 (max dev 0.05)  ch3   +0.01 (max dev 0.05)
[meter] 18:31:14 5.2000 GHz  windows 16769  with tone 207  worst SNR -45.5 dB | ch1   +0.00 (max dev 0.04)  ch2   -0.02 (max dev 0.05)  ch3   -0.02 (max dev 0.05)
[meter] 18:31:19 5.2000 GHz  windows 16908  with tone 207  worst SNR -45.5 dB | ch1   +0.00 (max dev 0.04)  ch2   -0.02 (max dev 0.05)  ch3   -0.02 (max dev 0.05)
[meter] 18:31:19 5.8000 GHz  windows 16758  with tone 390  worst SNR -38.8 dB | ch1   -0.01 (max dev 0.04)  ch2   +0.01 (max dev 0.05)  ch3   +0.01 (max dev 0.05)
[meter] 18:31:19 2.4000 GHz  windows 17057  with tone 16367  worst SNR -30.6 dB | tone +192024.5 Hz 10000 samples | ch1   +0.01 (max dev 0.07)  ch2   +0.04 (max dev 0.05)  ch3   +0.05 (max dev 0.05)
[meter] 18:31:24 5.2000 GHz  windows 17047  with tone 207  worst SNR -45.5 dB | ch1   +0.00 (max dev 0.04)  ch2   -0.02 (max dev 0.05)  ch3   -0.02 (max dev 0.05)
[meter] 18:31:24 2.4000 GHz  windows 17196  with tone 16506  worst SNR -30.6 dB | tone +192044.5 Hz 10000 samples | ch1   +0.01 (max dev 0.08)  ch2   +0.03 (max dev 0.06)  ch3   +0.05 (max dev 0.05)[meter] 18:31:24 5.8000 GHz  windows 16897  with tone 390  worst SNR -38.8 dB | ch1   -0.01 (max dev 0.04)  ch2   +0.01 (max dev 0.05)  ch3   +0.01 (max dev 0.05)

[meter] 18:31:29 2.4000 GHz  windows 17335  with tone 16645  worst SNR -30.6 dB | tone +192053.3 Hz 10000 samples | ch1   +0.01 (max dev 0.08)  ch2   +0.03 (max dev 0.05)  ch3   +0.05 (max dev 0.04)
[meter] 18:31:29 5.2000 GHz  windows 17186  with tone 207  worst SNR -45.5 dB | ch1   +0.00 (max dev 0.04)  ch2   -0.02 (max dev 0.05)  ch3   -0.02 (max dev 0.05)
[meter] 18:31:29 5.8000 GHz  windows 17036  with tone 390  worst SNR -38.8 dB | ch1   -0.01 (max dev 0.04)  ch2   +0.01 (max dev 0.05)  ch3   +0.01 (max dev 0.05)
[meter] 18:31:34 5.8000 GHz  windows 17175  with tone 390  worst SNR -38.8 dB | ch1   -0.01 (max dev 0.04)  ch2   +0.01 (max dev 0.05)  ch3   +0.01 (max dev 0.05)
[meter] 18:31:34 2.4000 GHz  windows 17474  with tone 16784  worst SNR -30.6 dB | tone +192025.7 Hz 10000 samples | ch1   +0.01 (max dev 0.08)  ch2   +0.02 (max dev 0.05)  ch3   +0.04 (max dev 0.05)[meter] 18:31:34 5.2000 GHz  windows 17325  with tone 207  worst SNR -45.5 dB | ch1   +0.00 (max dev 0.04)  ch2   -0.02 (max dev 0.05)  ch3   -0.02 (max dev 0.05)

[meter] 18:31:39 5.2000 GHz  windows 17464  with tone 207  worst SNR -45.5 dB | ch1   +0.00 (max dev 0.04)  ch2   -0.02 (max dev 0.05)  ch3   -0.02 (max dev 0.05)
[meter] 18:31:39 5.8000 GHz  windows 17314  with tone 390  worst SNR -38.8 dB | ch1   -0.01 (max dev 0.04)  ch2   +0.01 (max dev 0.05)  ch3   +0.01 (max dev 0.05)
[meter] 18:31:39 2.4000 GHz  windows 17613  with tone 16923  worst SNR -30.6 dB | tone +192043.8 Hz 10000 samples | ch1   +0.01 (max dev 0.06)  ch2   +0.02 (max dev 0.04)  ch3   +0.03 (max dev 0.05)
[meter] 18:31:44 5.2000 GHz  windows 17603  with tone 207  worst SNR -45.5 dB | ch1   +0.00 (max dev 0.04)  ch2   -0.02 (max dev 0.05)  ch3   -0.02 (max dev 0.05)
[meter] 18:31:44 5.8000 GHz  windows 17453  with tone 390  worst SNR -38.8 dB | ch1   -0.01 (max dev 0.04)  ch2   +0.01 (max dev 0.05)  ch3   +0.01 (max dev 0.05)
[meter] 18:31:44 2.4000 GHz  windows 17752  with tone 17062  worst SNR -30.6 dB | tone +192044.8 Hz 10000 samples | ch1   +0.01 (max dev 0.07)  ch2   +0.02 (max dev 0.06)  ch3   +0.04 (max dev 0.05)
[meter] 18:31:49 5.8000 GHz  windows 17592  with tone 390  worst SNR -38.8 dB | ch1   -0.01 (max dev 0.04)  ch2   +0.01 (max dev 0.05)  ch3   +0.01 (max dev 0.05)
[meter] 18:31:49 5.2000 GHz  windows 17742  with tone 207  worst SNR -45.5 dB | ch1   +0.00 (max dev 0.04)  ch2   -0.02 (max dev 0.05)  ch3   -0.02 (max dev 0.05)
[meter] 18:31:49 2.4000 GHz  windows 17891  with tone 17201  worst SNR -30.6 dB | tone +192033.5 Hz 10000 samples | ch1   +0.01 (max dev 0.06)  ch2   +0.03 (max dev 0.06)  ch3   +0.04 (max dev 0.05)
[meter] 18:31:54 5.8000 GHz  windows 17731  with tone 390  worst SNR -38.8 dB | ch1   -0.01 (max dev 0.04)  ch2   +0.01 (max dev 0.05)  ch3   +0.01 (max dev 0.05)
[meter] 18:31:54 5.2000 GHz  windows 17881  with tone 207  worst SNR -45.5 dB | ch1   +0.00 (max dev 0.04)  ch2   -0.02 (max dev 0.05)  ch3   -0.02 (max dev 0.05)
[meter] 18:31:54 2.4000 GHz  windows 18030  with tone 17340  worst SNR -30.6 dB | tone +192046.2 Hz 10000 samples | ch1   +0.01 (max dev 0.07)  ch2   +0.02 (max dev 0.05)  ch3   +0.03 (max dev 0.05)
[meter] 18:31:59 5.2000 GHz  windows 18020  with tone 207  worst SNR -45.5 dB | ch1   +0.00 (max dev 0.04)  ch2   -0.02 (max dev 0.05)  ch3   -0.02 (max dev 0.05)[meter] 18:31:59 5.8000 GHz  windows 17870  with tone 390  worst SNR -38.8 dB | ch1   -0.01 (max dev 0.04)  ch2   +0.01 (max dev 0.05)  ch3   +0.01 (max dev 0.05)

[meter] 18:31:59 2.4000 GHz  windows 18169  with tone 17479  worst SNR -30.6 dB | tone +192040.5 Hz 10000 samples | ch1   +0.01 (max dev 0.07)  ch2   +0.02 (max dev 0.05)  ch3   +0.03 (max dev 0.05)
[meter] 18:32:04 2.4000 GHz  windows 18308  with tone 17618  worst SNR -30.6 dB | tone +192044.8 Hz 10000 samples | ch1   +0.01 (max dev 0.06)  ch2   +0.02 (max dev 0.05)  ch3   +0.03 (max dev 0.04)
[meter] 18:32:04 5.8000 GHz  windows 18009  with tone 390  worst SNR -38.8 dB | ch1   -0.01 (max dev 0.04)  ch2   +0.01 (max dev 0.05)  ch3   +0.01 (max dev 0.05)
[meter] 18:32:04 5.2000 GHz  windows 18159  with tone 207  worst SNR -45.5 dB | ch1   +0.00 (max dev 0.04)  ch2   -0.02 (max dev 0.05)  ch3   -0.02 (max dev 0.05)
[meter] 18:32:09 5.8000 GHz  windows 18148  with tone 390  worst SNR -38.8 dB | ch1   -0.01 (max dev 0.04)  ch2   +0.01 (max dev 0.05)  ch3   +0.01 (max dev 0.05)
[meter] 18:32:09 5.2000 GHz  windows 18298  with tone 207  worst SNR -45.5 dB | ch1   +0.00 (max dev 0.04)  ch2   -0.02 (max dev 0.05)  ch3   -0.02 (max dev 0.05)
[meter] 18:32:09 2.4000 GHz  windows 18447  with tone 17757  worst SNR -30.6 dB | tone +192061.7 Hz 10000 samples | ch1   +0.01 (max dev 0.08)  ch2   +0.01 (max dev 0.06)  ch3   +0.02 (max dev 0.05)
[meter] 18:32:14 2.4000 GHz  windows 18586  with tone 17896  worst SNR -30.6 dB | tone +192056.7 Hz 10000 samples | ch1   +0.01 (max dev 0.05)  ch2   +0.01 (max dev 0.06)  ch3   +0.02 (max dev 0.05)
[meter] 18:32:14 5.2000 GHz  windows 18437  with tone 207  worst SNR -45.5 dB | ch1   +0.00 (max dev 0.04)  ch2   -0.02 (max dev 0.05)  ch3   -0.02 (max dev 0.05)
[meter] 18:32:14 5.8000 GHz  windows 18287  with tone 390  worst SNR -38.8 dB | ch1   -0.01 (max dev 0.04)  ch2   +0.01 (max dev 0.05)  ch3   +0.01 (max dev 0.05)
[meter] 18:32:19 5.2000 GHz  windows 18576  with tone 207  worst SNR -45.5 dB | ch1   +0.00 (max dev 0.04)  ch2   -0.02 (max dev 0.05)  ch3   -0.02 (max dev 0.05)
[meter] 18:32:19 5.8000 GHz  windows 18426  with tone 390  worst SNR -38.8 dB | ch1   -0.01 (max dev 0.04)  ch2   +0.01 (max dev 0.05)  ch3   +0.01 (max dev 0.05)
[meter] 18:32:19 2.4000 GHz  windows 18725  with tone 18035  worst SNR -30.6 dB | tone +192043.0 Hz 10000 samples | ch1   +0.01 (max dev 0.06)  ch2   +0.01 (max dev 0.06)  ch3   +0.03 (max dev 0.05)
[meter] 18:32:24 5.2000 GHz  windows 18715  with tone 207  worst SNR -45.5 dB | ch1   +0.00 (max dev 0.04)  ch2   -0.02 (max dev 0.05)  ch3   -0.02 (max dev 0.05)
[meter] 18:32:24 5.8000 GHz  windows 18565  with tone 390  worst SNR -38.8 dB | ch1   -0.01 (max dev 0.04)  ch2   +0.01 (max dev 0.05)  ch3   +0.01 (max dev 0.05)
[meter] 18:32:24 2.4000 GHz  windows 18864  with tone 18174  worst SNR -30.6 dB | tone +192047.3 Hz 10000 samples | ch1   +0.01 (max dev 0.06)  ch2   +0.01 (max dev 0.05)  ch3   +0.03 (max dev 0.05)
[meter] 18:32:29 2.4000 GHz  windows 19003  with tone 18313  worst SNR -30.6 dB | tone +192060.6 Hz 10000 samples | ch1   +0.01 (max dev 0.06)  ch2   +0.01 (max dev 0.05)  ch3   +0.02 (max dev 0.05)
[meter] 18:32:29 5.8000 GHz  windows 18704  with tone 390  worst SNR -38.8 dB | ch1   -0.01 (max dev 0.04)  ch2   +0.01 (max dev 0.05)  ch3   +0.01 (max dev 0.05)
[meter] 18:32:29 5.2000 GHz  windows 18854  with tone 207  worst SNR -45.5 dB | ch1   +0.00 (max dev 0.04)  ch2   -0.02 (max dev 0.05)  ch3   -0.02 (max dev 0.05)
[meter] 18:32:34 5.2000 GHz  windows 18993  with tone 207  worst SNR -45.5 dB | ch1   +0.00 (max dev 0.04)  ch2   -0.02 (max dev 0.05)  ch3   -0.02 (max dev 0.05)
[meter] 18:32:34 2.4000 GHz  windows 19142  with tone 18452  worst SNR -30.6 dB | tone +192058.3 Hz 10000 samples | ch1   +0.01 (max dev 0.06)  ch2   +0.01 (max dev 0.06)  ch3   +0.02 (max dev 0.04)[meter] 18:32:34 5.8000 GHz  windows 18843  with tone 390  worst SNR -38.8 dB | ch1   -0.01 (max dev 0.04)  ch2   +0.01 (max dev 0.05)  ch3   +0.01 (max dev 0.05)

[meter] 18:32:39 5.8000 GHz  windows 18982  with tone 390  worst SNR -38.8 dB | ch1   -0.01 (max dev 0.04)  ch2   +0.01 (max dev 0.05)  ch3   +0.01 (max dev 0.05)
[meter] 18:32:39 2.4000 GHz  windows 19281  with tone 18591  worst SNR -30.6 dB | tone +192069.2 Hz 10000 samples | ch1   +0.01 (max dev 0.06)  ch2   +0.01 (max dev 0.05)  ch3   +0.02 (max dev 0.04)
[meter] 18:32:39 5.2000 GHz  windows 19132  with tone 207  worst SNR -45.5 dB | ch1   +0.00 (max dev 0.04)  ch2   -0.02 (max dev 0.05)  ch3   -0.02 (max dev 0.05)
[meter] 18:32:44 5.2000 GHz  windows 19271  with tone 207  worst SNR -45.5 dB | ch1   +0.00 (max dev 0.04)  ch2   -0.02 (max dev 0.05)  ch3   -0.02 (max dev 0.05)
[meter] 18:32:44 2.4000 GHz  windows 19420  with tone 18730  worst SNR -30.6 dB | tone +192068.3 Hz 10000 samples | ch1   +0.01 (max dev 0.07)  ch2   +0.02 (max dev 0.05)  ch3   +0.03 (max dev 0.04)
[meter] 18:32:44 5.8000 GHz  windows 19121  with tone 390  worst SNR -38.8 dB | ch1   -0.01 (max dev 0.04)  ch2   +0.01 (max dev 0.05)  ch3   +0.01 (max dev 0.05)
[meter] 18:32:49 5.8000 GHz  windows 19260  with tone 390  worst SNR -38.8 dB | ch1   -0.01 (max dev 0.04)  ch2   +0.01 (max dev 0.05)  ch3   +0.01 (max dev 0.05)
[meter] 18:32:49 2.4000 GHz  windows 19559  with tone 18869  worst SNR -30.6 dB | tone +192064.5 Hz 10000 samples | ch1   +0.01 (max dev 0.06)  ch2   +0.02 (max dev 0.05)  ch3   +0.03 (max dev 0.04)
[meter] 18:32:49 5.2000 GHz  windows 19410  with tone 207  worst SNR -45.5 dB | ch1   +0.00 (max dev 0.04)  ch2   -0.02 (max dev 0.05)  ch3   -0.02 (max dev 0.05)
[meter] 18:32:54 5.8000 GHz  windows 19399  with tone 390  worst SNR -38.8 dB | ch1   -0.01 (max dev 0.04)  ch2   +0.01 (max dev 0.05)  ch3   +0.01 (max dev 0.05)
[meter] 18:32:54 5.2000 GHz  windows 19549  with tone 207  worst SNR -45.5 dB | ch1   +0.00 (max dev 0.04)  ch2   -0.02 (max dev 0.05)  ch3   -0.02 (max dev 0.05)
[meter] 18:32:54 2.4000 GHz  windows 19698  with tone 19008  worst SNR -30.6 dB | tone +192063.0 Hz 10000 samples | ch1   +0.01 (max dev 0.06)  ch2   +0.02 (max dev 0.05)  ch3   +0.03 (max dev 0.05)
[meter] 18:32:59 5.2000 GHz  windows 19688  with tone 207  worst SNR -45.5 dB | ch1   +0.00 (max dev 0.04)  ch2   -0.02 (max dev 0.05)  ch3   -0.02 (max dev 0.05)
[meter] 18:32:59 5.8000 GHz  windows 19538  with tone 390  worst SNR -38.8 dB | ch1   -0.01 (max dev 0.04)  ch2   +0.01 (max dev 0.05)  ch3   +0.01 (max dev 0.05)
[meter] 18:32:59 2.4000 GHz  windows 19837  with tone 19147  worst SNR -30.6 dB | tone +192055.4 Hz 10000 samples | ch1   +0.01 (max dev 0.07)  ch2   +0.02 (max dev 0.05)  ch3   +0.03 (max dev 0.05)
[meter] 18:33:04 2.4000 GHz  windows 19976  with tone 19286  worst SNR -30.6 dB | tone +192052.6 Hz 10000 samples | ch1   +0.01 (max dev 0.07)  ch2   +0.02 (max dev 0.04)  ch3   +0.04 (max dev 0.04)[meter] 18:33:04 5.2000 GHz  windows 19827  with tone 207  worst SNR -45.5 dB | ch1   +0.00 (max dev 0.04)  ch2   -0.02 (max dev 0.05)  ch3   -0.02 (max dev 0.05)

[meter] 18:33:04 5.8000 GHz  windows 19677  with tone 390  worst SNR -38.8 dB | ch1   -0.01 (max dev 0.04)  ch2   +0.01 (max dev 0.05)  ch3   +0.01 (max dev 0.05)
[meter] 18:33:09 5.2000 GHz  windows 19966  with tone 207  worst SNR -45.5 dB | ch1   +0.00 (max dev 0.04)  ch2   -0.02 (max dev 0.05)  ch3   -0.02 (max dev 0.05)
[meter] 18:33:09 2.4000 GHz  windows 20115  with tone 19425  worst SNR -30.6 dB | tone +192047.8 Hz 10000 samples | ch1   +0.02 (max dev 0.06)  ch2   +0.02 (max dev 0.05)  ch3   +0.03 (max dev 0.04)[meter] 18:33:09 5.8000 GHz  windows 19816  with tone 390  worst SNR -38.8 dB | ch1   -0.01 (max dev 0.04)  ch2   +0.01 (max dev 0.05)  ch3   +0.01 (max dev 0.05)

[meter] 18:33:14 5.2000 GHz  windows 20105  with tone 207  worst SNR -45.5 dB | ch1   +0.00 (max dev 0.04)  ch2   -0.02 (max dev 0.05)  ch3   -0.02 (max dev 0.05)[meter] 18:33:14 5.8000 GHz  windows 19955  with tone 390  worst SNR -38.8 dB | ch1   -0.01 (max dev 0.04)  ch2   +0.01 (max dev 0.05)  ch3   +0.01 (max dev 0.05)

[meter] 18:33:14 2.4000 GHz  windows 20254  with tone 19564  worst SNR -30.6 dB | tone +192055.0 Hz 10000 samples | ch1   +0.01 (max dev 0.06)  ch2   +0.01 (max dev 0.05)  ch3   +0.03 (max dev 0.04)
[meter] 18:33:19 5.2000 GHz  windows 20244  with tone 207  worst SNR -45.5 dB | ch1   +0.00 (max dev 0.04)  ch2   -0.02 (max dev 0.05)  ch3   -0.02 (max dev 0.05)
[meter] 18:33:19 5.8000 GHz  windows 20094  with tone 390  worst SNR -38.8 dB | ch1   -0.01 (max dev 0.04)  ch2   +0.01 (max dev 0.05)  ch3   +0.01 (max dev 0.05)[meter] 18:33:19 2.4000 GHz  windows 20393  with tone 19703  worst SNR -30.6 dB | tone +192054.5 Hz 10000 samples | ch1   +0.01 (max dev 0.07)  ch2   +0.02 (max dev 0.06)  ch3   +0.04 (max dev 0.05)

[meter] 18:33:24 5.2000 GHz  windows 20383  with tone 207  worst SNR -45.5 dB | ch1   +0.00 (max dev 0.04)  ch2   -0.02 (max dev 0.05)  ch3   -0.02 (max dev 0.05)
[meter] 18:33:24 5.8000 GHz  windows 20233  with tone 390  worst SNR -38.8 dB | ch1   -0.01 (max dev 0.04)  ch2   +0.01 (max dev 0.05)  ch3   +0.01 (max dev 0.05)
[meter] 18:33:24 2.4000 GHz  windows 20532  with tone 19842  worst SNR -30.6 dB | tone +192070.2 Hz 10000 samples | ch1   +0.01 (max dev 0.07)  ch2   +0.01 (max dev 0.06)  ch3   +0.03 (max dev 0.05)
[meter] 18:33:29 5.8000 GHz  windows 20372  with tone 390  worst SNR -38.8 dB | ch1   -0.01 (max dev 0.04)  ch2   +0.01 (max dev 0.05)  ch3   +0.01 (max dev 0.05)
[meter] 18:33:29 2.4000 GHz  windows 20671  with tone 19981  worst SNR -30.6 dB | tone +192065.7 Hz 10000 samples | ch1   +0.01 (max dev 0.06)  ch2   +0.01 (max dev 0.04)  ch3   +0.03 (max dev 0.04)[meter] 18:33:29 5.2000 GHz  windows 20522  with tone 207  worst SNR -45.5 dB | ch1   +0.00 (max dev 0.04)  ch2   -0.02 (max dev 0.05)  ch3   -0.02 (max dev 0.05)

[meter] 18:33:34 5.8000 GHz  windows 20511  with tone 390  worst SNR -38.8 dB | ch1   -0.01 (max dev 0.04)  ch2   +0.01 (max dev 0.05)  ch3   +0.01 (max dev 0.05)
[meter] 18:33:34 5.2000 GHz  windows 20661  with tone 207  worst SNR -45.5 dB | ch1   +0.00 (max dev 0.04)  ch2   -0.02 (max dev 0.05)  ch3   -0.02 (max dev 0.05)
[meter] 18:33:34 2.4000 GHz  windows 20810  with tone 20120  worst SNR -30.6 dB | tone +192068.0 Hz 10000 samples | ch1   +0.02 (max dev 0.06)  ch2   +0.01 (max dev 0.05)  ch3   +0.03 (max dev 0.04)
[meter] 18:33:39 2.4000 GHz  windows 20949  with tone 20259  worst SNR -30.6 dB | tone +192077.7 Hz 10000 samples | ch1   +0.01 (max dev 0.06)  ch2   -0.00 (max dev 0.05)  ch3   +0.02 (max dev 0.05)
[meter] 18:33:39 5.2000 GHz  windows 20800  with tone 207  worst SNR -45.5 dB | ch1   +0.00 (max dev 0.04)  ch2   -0.02 (max dev 0.05)  ch3   -0.02 (max dev 0.05)
[meter] 18:33:39 5.8000 GHz  windows 20650  with tone 390  worst SNR -38.8 dB | ch1   -0.01 (max dev 0.04)  ch2   +0.01 (max dev 0.05)  ch3   +0.01 (max dev 0.05)
[meter] 18:33:45 5.8000 GHz  windows 20788  with tone 390  worst SNR -38.8 dB | ch1   -0.01 (max dev 0.04)  ch2   +0.01 (max dev 0.05)  ch3   +0.01 (max dev 0.05)
[meter] 18:33:45 5.2000 GHz  windows 20938  with tone 207  worst SNR -45.5 dB | ch1   +0.00 (max dev 0.04)  ch2   -0.02 (max dev 0.05)  ch3   -0.02 (max dev 0.05)
[meter] 18:33:45 2.4000 GHz  windows 21088  with tone 20398  worst SNR -30.6 dB | tone +192088.1 Hz 10000 samples | ch1   +0.01 (max dev 0.06)  ch2   -0.00 (max dev 0.05)  ch3   +0.02 (max dev 0.05)
[meter] 18:33:50 5.8000 GHz  windows 20928  with tone 390  worst SNR -38.8 dB | ch1   -0.01 (max dev 0.04)  ch2   +0.01 (max dev 0.05)  ch3   +0.01 (max dev 0.05)
[meter] 18:33:50 5.2000 GHz  windows 21078  with tone 207  worst SNR -45.5 dB | ch1   +0.00 (max dev 0.04)  ch2   -0.02 (max dev 0.05)  ch3   -0.02 (max dev 0.05)
[meter] 18:33:50 2.4000 GHz  windows 21227  with tone 20537  worst SNR -30.6 dB | tone +192081.7 Hz 10000 samples | ch1   +0.01 (max dev 0.07)  ch2   +0.00 (max dev 0.05)  ch3   +0.02 (max dev 0.04)
[meter] 18:33:55 5.2000 GHz  windows 21217  with tone 207  worst SNR -45.5 dB | ch1   +0.00 (max dev 0.04)  ch2   -0.02 (max dev 0.05)  ch3   -0.02 (max dev 0.05)
[meter] 18:33:55 5.8000 GHz  windows 21067  with tone 390  worst SNR -38.8 dB | ch1   -0.01 (max dev 0.04)  ch2   +0.01 (max dev 0.05)  ch3   +0.01 (max dev 0.05)
[meter] 18:33:55 2.4000 GHz  windows 21366  with tone 20676  worst SNR -30.6 dB | tone +192088.3 Hz 10000 samples | ch1   +0.01 (max dev 0.07)  ch2   +0.00 (max dev 0.04)  ch3   +0.03 (max dev 0.04)
[meter] 18:34:00 5.2000 GHz  windows 21356  with tone 207  worst SNR -45.5 dB | ch1   +0.00 (max dev 0.04)  ch2   -0.02 (max dev 0.05)  ch3   -0.02 (max dev 0.05)[meter] 18:34:00 2.4000 GHz  windows 21505  with tone 20815  worst SNR -30.6 dB | tone +192095.9 Hz 10000 samples | ch1   +0.01 (max dev 0.05)  ch2   +0.01 (max dev 0.04)  ch3   +0.03 (max dev 0.04)

[meter] 18:34:00 5.8000 GHz  windows 21206  with tone 390  worst SNR -38.8 dB | ch1   -0.01 (max dev 0.04)  ch2   +0.01 (max dev 0.05)  ch3   +0.01 (max dev 0.05)
[meter] 18:34:05 5.2000 GHz  windows 21495  with tone 207  worst SNR -45.5 dB | ch1   +0.00 (max dev 0.04)  ch2   -0.02 (max dev 0.05)  ch3   -0.02 (max dev 0.05)
[meter] 18:34:05 2.4000 GHz  windows 21644  with tone 20954  worst SNR -30.6 dB | tone +192085.9 Hz 10000 samples | ch1   +0.01 (max dev 0.05)  ch2   +0.01 (max dev 0.05)  ch3   +0.03 (max dev 0.04)
[meter] 18:34:05 5.8000 GHz  windows 21345  with tone 390  worst SNR -38.8 dB | ch1   -0.01 (max dev 0.04)  ch2   +0.01 (max dev 0.05)  ch3   +0.01 (max dev 0.05)
[meter] 18:34:10 5.2000 GHz  windows 21634  with tone 207  worst SNR -45.5 dB | ch1   +0.00 (max dev 0.04)  ch2   -0.02 (max dev 0.05)  ch3   -0.02 (max dev 0.05)
[meter] 18:34:10 2.4000 GHz  windows 21783  with tone 21093  worst SNR -30.6 dB | tone +192096.1 Hz 10000 samples | ch1   +0.01 (max dev 0.06)  ch2   +0.01 (max dev 0.06)  ch3   +0.02 (max dev 0.04)
[meter] 18:34:10 5.8000 GHz  windows 21484  with tone 390  worst SNR -38.8 dB | ch1   -0.01 (max dev 0.04)  ch2   +0.01 (max dev 0.05)  ch3   +0.01 (max dev 0.05)
[meter] 18:34:15 5.2000 GHz  windows 21772  with tone 207  worst SNR -45.5 dB | ch1   +0.00 (max dev 0.04)  ch2   -0.02 (max dev 0.05)  ch3   -0.02 (max dev 0.05)
[meter] 18:34:15 2.4000 GHz  windows 21922  with tone 21232  worst SNR -30.6 dB | tone +192080.2 Hz 10000 samples | ch1   +0.01 (max dev 0.06)  ch2   +0.01 (max dev 0.05)  ch3   +0.03 (max dev 0.05)
[meter] 18:34:15 5.8000 GHz  windows 21623  with tone 390  worst SNR -38.8 dB | ch1   -0.01 (max dev 0.04)  ch2   +0.01 (max dev 0.05)  ch3   +0.01 (max dev 0.05)
[meter] 18:34:20 5.2000 GHz  windows 21911  with tone 207  worst SNR -45.5 dB | ch1   +0.00 (max dev 0.04)  ch2   -0.02 (max dev 0.05)  ch3   -0.02 (max dev 0.05)
[meter] 18:34:20 2.4000 GHz  windows 22060  with tone 21370  worst SNR -30.6 dB | tone +192096.1 Hz 10000 samples | ch1   +0.01 (max dev 0.07)  ch2   +0.01 (max dev 0.05)  ch3   +0.03 (max dev 0.04)
[meter] 18:34:20 5.8000 GHz  windows 21762  with tone 390  worst SNR -38.8 dB | ch1   -0.01 (max dev 0.04)  ch2   +0.01 (max dev 0.05)  ch3   +0.01 (max dev 0.05)
[meter] 18:34:25 2.4000 GHz  windows 22198  with tone 21508  worst SNR -30.6 dB | tone +192076.2 Hz 10000 samples | ch1   +0.01 (max dev 0.06)  ch2   +0.01 (max dev 0.05)  ch3   +0.03 (max dev 0.04)
[meter] 18:34:25 5.2000 GHz  windows 22050  with tone 207  worst SNR -45.5 dB | ch1   +0.00 (max dev 0.04)  ch2   -0.02 (max dev 0.05)  ch3   -0.02 (max dev 0.05)
[meter] 18:34:25 5.8000 GHz  windows 21901  with tone 390  worst SNR -38.8 dB | ch1   -0.01 (max dev 0.04)  ch2   +0.01 (max dev 0.05)  ch3   +0.01 (max dev 0.05)
[meter] 18:34:30 5.8000 GHz  windows 22040  with tone 390  worst SNR -38.8 dB | ch1   -0.01 (max dev 0.04)  ch2   +0.01 (max dev 0.05)  ch3   +0.01 (max dev 0.05)
[meter] 18:34:30 2.4000 GHz  windows 22337  with tone 21647  worst SNR -30.6 dB | tone +192087.4 Hz 10000 samples | ch1   +0.01 (max dev 0.06)  ch2   +0.00 (max dev 0.05)  ch3   +0.02 (max dev 0.05)
[meter] 18:34:30 5.2000 GHz  windows 22189  with tone 207  worst SNR -45.5 dB | ch1   +0.00 (max dev 0.04)  ch2   -0.02 (max dev 0.05)  ch3   -0.02 (max dev 0.05)
[meter] 18:34:35 5.2000 GHz  windows 22328  with tone 207  worst SNR -45.5 dB | ch1   +0.00 (max dev 0.04)  ch2   -0.02 (max dev 0.05)  ch3   -0.02 (max dev 0.05)
[meter] 18:34:35 5.8000 GHz  windows 22179  with tone 390  worst SNR -38.8 dB | ch1   -0.01 (max dev 0.04)  ch2   +0.01 (max dev 0.05)  ch3   +0.01 (max dev 0.05)
[meter] 18:34:35 2.4000 GHz  windows 22476  with tone 21786  worst SNR -30.6 dB | tone +192073.4 Hz 10000 samples | ch1   +0.01 (max dev 0.06)  ch2   -0.00 (max dev 0.05)  ch3   +0.02 (max dev 0.06)
[meter] 18:34:40 2.4000 GHz  windows 22615  with tone 21925  worst SNR -30.6 dB | tone +192080.0 Hz 10000 samples | ch1   +0.01 (max dev 0.06)  ch2   -0.00 (max dev 0.05)  ch3   +0.02 (max dev 0.04)
[meter] 18:34:40 5.2000 GHz  windows 22467  with tone 207  worst SNR -45.5 dB | ch1   +0.00 (max dev 0.04)  ch2   -0.02 (max dev 0.05)  ch3   -0.02 (max dev 0.05)[meter] 18:34:40 5.8000 GHz  windows 22318  with tone 390  worst SNR -38.8 dB | ch1   -0.01 (max dev 0.04)  ch2   +0.01 (max dev 0.05)  ch3   +0.01 (max dev 0.05)

[meter] 18:34:45 5.8000 GHz  windows 22457  with tone 390  worst SNR -38.8 dB | ch1   -0.01 (max dev 0.04)  ch2   +0.01 (max dev 0.05)  ch3   +0.01 (max dev 0.05)
[meter] 18:34:45 5.2000 GHz  windows 22606  with tone 207  worst SNR -45.5 dB | ch1   +0.00 (max dev 0.04)  ch2   -0.02 (max dev 0.05)  ch3   -0.02 (max dev 0.05)
[meter] 18:34:45 2.4000 GHz  windows 22754  with tone 22064  worst SNR -30.6 dB | tone +192086.2 Hz 10000 samples | ch1   +0.01 (max dev 0.06)  ch2   -0.00 (max dev 0.05)  ch3   +0.02 (max dev 0.04)
[meter] 18:34:50 5.8000 GHz  windows 22596  with tone 390  worst SNR -38.8 dB | ch1   -0.01 (max dev 0.04)  ch2   +0.01 (max dev 0.05)  ch3   +0.01 (max dev 0.05)
[meter] 18:34:50 2.4000 GHz  windows 22893  with tone 22203  worst SNR -30.6 dB | tone +192084.8 Hz 10000 samples | ch1   +0.01 (max dev 0.07)  ch2   +0.00 (max dev 0.05)  ch3   +0.03 (max dev 0.05)
[meter] 18:34:50 5.2000 GHz  windows 22745  with tone 207  worst SNR -45.5 dB | ch1   +0.00 (max dev 0.04)  ch2   -0.02 (max dev 0.05)  ch3   -0.02 (max dev 0.05)
[meter] 18:34:55 2.4000 GHz  windows 23032  with tone 22342  worst SNR -30.6 dB | tone +192080.2 Hz 10000 samples | ch1   +0.02 (max dev 0.07)  ch2   +0.00 (max dev 0.04)  ch3   +0.04 (max dev 0.04)
[meter] 18:34:55 5.2000 GHz  windows 22884  with tone 207  worst SNR -45.5 dB | ch1   +0.00 (max dev 0.04)  ch2   -0.02 (max dev 0.05)  ch3   -0.02 (max dev 0.05)[meter] 18:34:55 5.8000 GHz  windows 22735  with tone 390  worst SNR -38.8 dB | ch1   -0.01 (max dev 0.04)  ch2   +0.01 (max dev 0.05)  ch3   +0.01 (max dev 0.05)

[meter] 18:35:00 5.2000 GHz  windows 23023  with tone 207  worst SNR -45.5 dB | ch1   +0.00 (max dev 0.04)  ch2   -0.02 (max dev 0.05)  ch3   -0.02 (max dev 0.05)
[meter] 18:35:00 5.8000 GHz  windows 22874  with tone 390  worst SNR -38.8 dB | ch1   -0.01 (max dev 0.04)  ch2   +0.01 (max dev 0.05)  ch3   +0.01 (max dev 0.05)
[meter] 18:35:00 2.4000 GHz  windows 23171  with tone 22481  worst SNR -30.6 dB | tone +192094.9 Hz 10000 samples | ch1   +0.02 (max dev 0.06)  ch2   -0.00 (max dev 0.05)  ch3   +0.03 (max dev 0.05)
[meter] 18:35:05 2.4000 GHz  windows 23310  with tone 22620  worst SNR -30.6 dB | tone +192110.3 Hz 10000 samples | ch1   +0.01 (max dev 0.06)  ch2   -0.00 (max dev 0.05)  ch3   +0.03 (max dev 0.05)
[meter] 18:35:05 5.8000 GHz  windows 23013  with tone 390  worst SNR -38.8 dB | ch1   -0.01 (max dev 0.04)  ch2   +0.01 (max dev 0.05)  ch3   +0.01 (max dev 0.05)
[meter] 18:35:05 5.2000 GHz  windows 23162  with tone 207  worst SNR -45.5 dB | ch1   +0.00 (max dev 0.04)  ch2   -0.02 (max dev 0.05)  ch3   -0.02 (max dev 0.05)
[meter] 18:35:10 5.8000 GHz  windows 23152  with tone 390  worst SNR -38.8 dB | ch1   -0.01 (max dev 0.04)  ch2   +0.01 (max dev 0.05)  ch3   +0.01 (max dev 0.05)
[meter] 18:35:10 2.4000 GHz  windows 23449  with tone 22759  worst SNR -30.6 dB | tone +192117.1 Hz 10000 samples | ch1   +0.01 (max dev 0.08)  ch2   -0.01 (max dev 0.05)  ch3   +0.03 (max dev 0.04)
[meter] 18:35:10 5.2000 GHz  windows 23301  with tone 207  worst SNR -45.5 dB | ch1   +0.00 (max dev 0.04)  ch2   -0.02 (max dev 0.05)  ch3   -0.02 (max dev 0.05)
[meter] 18:35:15 2.4000 GHz  windows 23588  with tone 22898  worst SNR -30.6 dB | tone +192121.5 Hz 10000 samples | ch1   +0.01 (max dev 0.06)  ch2   -0.01 (max dev 0.04)  ch3   +0.03 (max dev 0.04)
[meter] 18:35:15 5.8000 GHz  windows 23291  with tone 390  worst SNR -38.8 dB | ch1   -0.01 (max dev 0.04)  ch2   +0.01 (max dev 0.05)  ch3   +0.01 (max dev 0.05)
[meter] 18:35:15 5.2000 GHz  windows 23440  with tone 207  worst SNR -45.5 dB | ch1   +0.00 (max dev 0.04)  ch2   -0.02 (max dev 0.05)  ch3   -0.02 (max dev 0.05)
[meter] 18:35:20 2.4000 GHz  windows 23727  with tone 23037  worst SNR -30.6 dB | tone +192107.9 Hz 10000 samples | ch1   +0.01 (max dev 0.06)  ch2   -0.02 (max dev 0.04)  ch3   +0.02 (max dev 0.05)
[meter] 18:35:20 5.8000 GHz  windows 23430  with tone 390  worst SNR -38.8 dB | ch1   -0.01 (max dev 0.04)  ch2   +0.01 (max dev 0.05)  ch3   +0.01 (max dev 0.05)
[meter] 18:35:20 5.2000 GHz  windows 23579  with tone 207  worst SNR -45.5 dB | ch1   +0.00 (max dev 0.04)  ch2   -0.02 (max dev 0.05)  ch3   -0.02 (max dev 0.05)
[meter] 18:35:25 2.4000 GHz  windows 23866  with tone 23176  worst SNR -30.6 dB | tone +192113.5 Hz 10000 samples | ch1   +0.01 (max dev 0.06)  ch2   -0.01 (max dev 0.05)  ch3   +0.02 (max dev 0.04)
[meter] 18:35:25 5.8000 GHz  windows 23569  with tone 390  worst SNR -38.8 dB | ch1   -0.01 (max dev 0.04)  ch2   +0.01 (max dev 0.05)  ch3   +0.01 (max dev 0.05)
[meter] 18:35:25 5.2000 GHz  windows 23718  with tone 207  worst SNR -45.5 dB | ch1   +0.00 (max dev 0.04)  ch2   -0.02 (max dev 0.05)  ch3   -0.02 (max dev 0.05)
[meter] 18:35:30 5.8000 GHz  windows 23708  with tone 390  worst SNR -38.8 dB | ch1   -0.01 (max dev 0.04)  ch2   +0.01 (max dev 0.05)  ch3   +0.01 (max dev 0.05)
[meter] 18:35:30 2.4000 GHz  windows 24005  with tone 23315  worst SNR -30.6 dB | tone +192133.2 Hz 10000 samples | ch1   +0.01 (max dev 0.05)  ch2   -0.01 (max dev 0.05)  ch3   +0.03 (max dev 0.05)
[meter] 18:35:30 5.2000 GHz  windows 23857  with tone 207  worst SNR -45.5 dB | ch1   +0.00 (max dev 0.04)  ch2   -0.02 (max dev 0.05)  ch3   -0.02 (max dev 0.05)
[meter] 18:35:35 2.4000 GHz  windows 24144  with tone 23454  worst SNR -30.6 dB | tone +192109.4 Hz 10000 samples | ch1   +0.01 (max dev 0.06)  ch2   +0.00 (max dev 0.04)  ch3   +0.04 (max dev 0.03)
[meter] 18:35:35 5.2000 GHz  windows 23996  with tone 207  worst SNR -45.5 dB | ch1   +0.00 (max dev 0.04)  ch2   -0.02 (max dev 0.05)  ch3   -0.02 (max dev 0.05)
[meter] 18:35:35 5.8000 GHz  windows 23847  with tone 390  worst SNR -38.8 dB | ch1   -0.01 (max dev 0.04)  ch2   +0.01 (max dev 0.05)  ch3   +0.01 (max dev 0.05)
[meter] 18:35:40 2.4000 GHz  windows 24283  with tone 23593  worst SNR -30.6 dB | tone +192108.0 Hz 10000 samples | ch1   +0.01 (max dev 0.06)  ch2   +0.00 (max dev 0.04)  ch3   +0.04 (max dev 0.04)
[meter] 18:35:40 5.2000 GHz  windows 24135  with tone 207  worst SNR -45.5 dB | ch1   +0.00 (max dev 0.04)  ch2   -0.02 (max dev 0.05)  ch3   -0.02 (max dev 0.05)[meter] 18:35:40 5.8000 GHz  windows 23986  with tone 390  worst SNR -38.8 dB | ch1   -0.01 (max dev 0.04)  ch2   +0.01 (max dev 0.05)  ch3   +0.01 (max dev 0.05)

[meter] 18:35:45 5.2000 GHz  windows 24274  with tone 207  worst SNR -45.5 dB | ch1   +0.00 (max dev 0.04)  ch2   -0.02 (max dev 0.05)  ch3   -0.02 (max dev 0.05)
[meter] 18:35:45 5.8000 GHz  windows 24125  with tone 390  worst SNR -38.8 dB | ch1   -0.01 (max dev 0.04)  ch2   +0.01 (max dev 0.05)  ch3   +0.01 (max dev 0.05)
[meter] 18:35:45 2.4000 GHz  windows 24422  with tone 23732  worst SNR -30.6 dB | tone +192108.8 Hz 10000 samples | ch1   +0.01 (max dev 0.06)  ch2   +0.01 (max dev 0.05)  ch3   +0.04 (max dev 0.04)
[meter] 18:35:50 2.4000 GHz  windows 24561  with tone 23871  worst SNR -30.6 dB | tone +192124.3 Hz 10000 samples | ch1   +0.02 (max dev 0.07)  ch2   +0.01 (max dev 0.04)  ch3   +0.05 (max dev 0.04)
[meter] 18:35:50 5.2000 GHz  windows 24413  with tone 207  worst SNR -45.5 dB | ch1   +0.00 (max dev 0.04)  ch2   -0.02 (max dev 0.05)  ch3   -0.02 (max dev 0.05)
[meter] 18:35:50 5.8000 GHz  windows 24264  with tone 390  worst SNR -38.8 dB | ch1   -0.01 (max dev 0.04)  ch2   +0.01 (max dev 0.05)  ch3   +0.01 (max dev 0.05)
[meter] 18:35:55 5.8000 GHz  windows 24403  with tone 390  worst SNR -38.8 dB | ch1   -0.01 (max dev 0.04)  ch2   +0.01 (max dev 0.05)  ch3   +0.01 (max dev 0.05)
[meter] 18:35:55 2.4000 GHz  windows 24700  with tone 24010  worst SNR -30.6 dB | tone +192129.6 Hz 10000 samples | ch1   +0.02 (max dev 0.06)  ch2   +0.02 (max dev 0.05)  ch3   +0.05 (max dev 0.04)
[meter] 18:35:55 5.2000 GHz  windows 24552  with tone 207  worst SNR -45.5 dB | ch1   +0.00 (max dev 0.04)  ch2   -0.02 (max dev 0.05)  ch3   -0.02 (max dev 0.05)
[meter] 18:36:00 5.2000 GHz  windows 24691  with tone 207  worst SNR -45.5 dB | ch1   +0.00 (max dev 0.04)  ch2   -0.02 (max dev 0.05)  ch3   -0.02 (max dev 0.05)
[meter] 18:36:00 2.4000 GHz  windows 24839  with tone 24149  worst SNR -30.6 dB | tone +192141.0 Hz 10000 samples | ch1   +0.02 (max dev 0.07)  ch2   +0.01 (max dev 0.04)  ch3   +0.05 (max dev 0.05)
[meter] 18:36:00 5.8000 GHz  windows 24542  with tone 390  worst SNR -38.8 dB | ch1   -0.01 (max dev 0.04)  ch2   +0.01 (max dev 0.05)  ch3   +0.01 (max dev 0.05)
[meter] 18:36:05 5.2000 GHz  windows 24830  with tone 207  worst SNR -45.5 dB | ch1   +0.00 (max dev 0.04)  ch2   -0.02 (max dev 0.05)  ch3   -0.02 (max dev 0.05)
[meter] 18:36:05 2.4000 GHz  windows 24978  with tone 24288  worst SNR -30.6 dB | tone +192125.4 Hz 10000 samples | ch1   +0.01 (max dev 0.08)  ch2   +0.01 (max dev 0.05)  ch3   +0.04 (max dev 0.05)
[meter] 18:36:05 5.8000 GHz  windows 24681  with tone 390  worst SNR -38.8 dB | ch1   -0.01 (max dev 0.04)  ch2   +0.01 (max dev 0.05)  ch3   +0.01 (max dev 0.05)
[meter] 18:36:10 5.2000 GHz  windows 24969  with tone 207  worst SNR -45.5 dB | ch1   +0.00 (max dev 0.04)  ch2   -0.02 (max dev 0.05)  ch3   -0.02 (max dev 0.05)
[meter] 18:36:10 2.4000 GHz  windows 25117  with tone 24427  worst SNR -30.6 dB | tone +192139.5 Hz 10000 samples | ch1   +0.01 (max dev 0.07)  ch2   +0.00 (max dev 0.05)  ch3   +0.04 (max dev 0.04)
[meter] 18:36:10 5.8000 GHz  windows 24820  with tone 390  worst SNR -38.8 dB | ch1   -0.01 (max dev 0.04)  ch2   +0.01 (max dev 0.05)  ch3   +0.01 (max dev 0.05)
[meter] 18:36:15 2.4000 GHz  windows 25256  with tone 24566  worst SNR -30.6 dB | tone +192129.1 Hz 10000 samples | ch1   +0.01 (max dev 0.08)  ch2   +0.00 (max dev 0.05)  ch3   +0.04 (max dev 0.05)
[meter] 18:36:15 5.8000 GHz  windows 24959  with tone 390  worst SNR -38.8 dB | ch1   -0.01 (max dev 0.04)  ch2   +0.01 (max dev 0.05)  ch3   +0.01 (max dev 0.05)
[meter] 18:36:15 5.2000 GHz  windows 25108  with tone 207  worst SNR -45.5 dB | ch1   +0.00 (max dev 0.04)  ch2   -0.02 (max dev 0.05)  ch3   -0.02 (max dev 0.05)
[meter] 18:36:20 5.8000 GHz  windows 25098  with tone 390  worst SNR -38.8 dB | ch1   -0.01 (max dev 0.04)  ch2   +0.01 (max dev 0.05)  ch3   +0.01 (max dev 0.05)
[meter] 18:36:20 2.4000 GHz  windows 25395  with tone 24705  worst SNR -30.6 dB | tone +192134.5 Hz 10000 samples | ch1   +0.02 (max dev 0.07)  ch2   +0.01 (max dev 0.06)  ch3   +0.05 (max dev 0.05)[meter] 18:36:20 5.2000 GHz  windows 25247  with tone 207  worst SNR -45.5 dB | ch1   +0.00 (max dev 0.04)  ch2   -0.02 (max dev 0.05)  ch3   -0.02 (max dev 0.05)

[meter] 18:36:25 5.8000 GHz  windows 25237  with tone 390  worst SNR -38.8 dB | ch1   -0.01 (max dev 0.04)  ch2   +0.01 (max dev 0.05)  ch3   +0.01 (max dev 0.05)
[meter] 18:36:25 5.2000 GHz  windows 25386  with tone 207  worst SNR -45.5 dB | ch1   +0.00 (max dev 0.04)  ch2   -0.02 (max dev 0.05)  ch3   -0.02 (max dev 0.05)
[meter] 18:36:25 2.4000 GHz  windows 25534  with tone 24844  worst SNR -30.6 dB | tone +192135.8 Hz 10000 samples | ch1   +0.01 (max dev 0.05)  ch2   +0.00 (max dev 0.05)  ch3   +0.05 (max dev 0.05)
[meter] 18:36:30 5.8000 GHz  windows 25376  with tone 390  worst SNR -38.8 dB | ch1   -0.01 (max dev 0.04)  ch2   +0.01 (max dev 0.05)  ch3   +0.01 (max dev 0.05)
[meter] 18:36:30 2.4000 GHz  windows 25673  with tone 24983  worst SNR -30.6 dB | tone +192122.5 Hz 10000 samples | ch1   +0.01 (max dev 0.06)  ch2   +0.00 (max dev 0.05)  ch3   +0.05 (max dev 0.04)[meter] 18:36:30 5.2000 GHz  windows 25525  with tone 207  worst SNR -45.5 dB | ch1   +0.00 (max dev 0.04)  ch2   -0.02 (max dev 0.05)  ch3   -0.02 (max dev 0.05)

[meter] 18:36:35 2.4000 GHz  windows 25812  with tone 25122  worst SNR -30.6 dB | tone +192145.0 Hz 10000 samples | ch1   +0.01 (max dev 0.05)  ch2   +0.01 (max dev 0.05)  ch3   +0.06 (max dev 0.05)
[meter] 18:36:35 5.2000 GHz  windows 25664  with tone 207  worst SNR -45.5 dB | ch1   +0.00 (max dev 0.04)  ch2   -0.02 (max dev 0.05)  ch3   -0.02 (max dev 0.05)
[meter] 18:36:35 5.8000 GHz  windows 25515  with tone 390  worst SNR -38.8 dB | ch1   -0.01 (max dev 0.04)  ch2   +0.01 (max dev 0.05)  ch3   +0.01 (max dev 0.05)
[meter] 18:36:40 5.8000 GHz  windows 25653  with tone 390  worst SNR -38.8 dB | ch1   -0.01 (max dev 0.04)  ch2   +0.01 (max dev 0.05)  ch3   +0.01 (max dev 0.05)
[meter] 18:36:40 5.2000 GHz  windows 25803  with tone 207  worst SNR -45.5 dB | ch1   +0.00 (max dev 0.04)  ch2   -0.02 (max dev 0.05)  ch3   -0.02 (max dev 0.05)[meter] 18:36:40 2.4000 GHz  windows 25951  with tone 25261  worst SNR -30.6 dB | tone +192123.3 Hz 10000 samples | ch1   +0.01 (max dev 0.07)  ch2   +0.01 (max dev 0.05)  ch3   +0.05 (max dev 0.04)

[meter] 18:36:45 5.2000 GHz  windows 25942  with tone 207  worst SNR -45.5 dB | ch1   +0.00 (max dev 0.04)  ch2   -0.02 (max dev 0.05)  ch3   -0.02 (max dev 0.05)
[meter] 18:36:45 5.8000 GHz  windows 25793  with tone 390  worst SNR -38.8 dB | ch1   -0.01 (max dev 0.04)  ch2   +0.01 (max dev 0.05)  ch3   +0.01 (max dev 0.05)
[meter] 18:36:45 2.4000 GHz  windows 26090  with tone 25400  worst SNR -30.6 dB | tone +192106.0 Hz 10000 samples | ch1   +0.01 (max dev 0.07)  ch2   +0.01 (max dev 0.05)  ch3   +0.05 (max dev 0.05)
[meter] 18:36:50 2.4000 GHz  windows 26229  with tone 25539  worst SNR -30.6 dB | tone +192104.7 Hz 10000 samples | ch1   +0.01 (max dev 0.06)  ch2   +0.02 (max dev 0.04)  ch3   +0.05 (max dev 0.04)
[meter] 18:36:50 5.8000 GHz  windows 25932  with tone 390  worst SNR -38.8 dB | ch1   -0.01 (max dev 0.04)  ch2   +0.01 (max dev 0.05)  ch3   +0.01 (max dev 0.05)
[meter] 18:36:50 5.2000 GHz  windows 26081  with tone 207  worst SNR -45.5 dB | ch1   +0.00 (max dev 0.04)  ch2   -0.02 (max dev 0.05)  ch3   -0.02 (max dev 0.05)
[meter] 18:36:55 2.4000 GHz  windows 26368  with tone 25678  worst SNR -30.6 dB | tone +192085.0 Hz 10000 samples | ch1   +0.01 (max dev 0.06)  ch2   +0.02 (max dev 0.04)  ch3   +0.06 (max dev 0.05)
[meter] 18:36:55 5.8000 GHz  windows 26071  with tone 390  worst SNR -38.8 dB | ch1   -0.01 (max dev 0.04)  ch2   +0.01 (max dev 0.05)  ch3   +0.01 (max dev 0.05)[meter] 18:36:55 5.2000 GHz  windows 26220  with tone 207  worst SNR -45.5 dB | ch1   +0.00 (max dev 0.04)  ch2   -0.02 (max dev 0.05)  ch3   -0.02 (max dev 0.05)

[meter] 18:37:00 2.4000 GHz  windows 26507  with tone 25817  worst SNR -30.6 dB | tone +192078.8 Hz 10000 samples | ch1   +0.01 (max dev 0.06)  ch2   +0.03 (max dev 0.04)  ch3   +0.07 (max dev 0.04)
[meter] 18:37:00 5.8000 GHz  windows 26210  with tone 390  worst SNR -38.8 dB | ch1   -0.01 (max dev 0.04)  ch2   +0.01 (max dev 0.05)  ch3   +0.01 (max dev 0.05)
[meter] 18:37:00 5.2000 GHz  windows 26359  with tone 207  worst SNR -45.5 dB | ch1   +0.00 (max dev 0.04)  ch2   -0.02 (max dev 0.05)  ch3   -0.02 (max dev 0.05)
[meter] 18:37:05 5.2000 GHz  windows 26498  with tone 207  worst SNR -45.5 dB | ch1   +0.00 (max dev 0.04)  ch2   -0.02 (max dev 0.05)  ch3   -0.02 (max dev 0.05)
[meter] 18:37:05 5.8000 GHz  windows 26349  with tone 390  worst SNR -38.8 dB | ch1   -0.01 (max dev 0.04)  ch2   +0.01 (max dev 0.05)  ch3   +0.01 (max dev 0.05)
[meter] 18:37:05 2.4000 GHz  windows 26646  with tone 25956  worst SNR -30.6 dB | tone +192076.6 Hz 10000 samples | ch1   +0.01 (max dev 0.06)  ch2   +0.03 (max dev 0.06)  ch3   +0.06 (max dev 0.04)
[meter] 18:37:10 5.2000 GHz  windows 26637  with tone 207  worst SNR -45.5 dB | ch1   +0.00 (max dev 0.04)  ch2   -0.02 (max dev 0.05)  ch3   -0.02 (max dev 0.05)
[meter] 18:37:10 5.8000 GHz  windows 26488  with tone 390  worst SNR -38.8 dB | ch1   -0.01 (max dev 0.04)  ch2   +0.01 (max dev 0.05)  ch3   +0.01 (max dev 0.05)
[meter] 18:37:10 2.4000 GHz  windows 26785  with tone 26095  worst SNR -30.6 dB | tone +192059.0 Hz 10000 samples | ch1   +0.01 (max dev 0.05)  ch2   +0.02 (max dev 0.04)  ch3   +0.06 (max dev 0.05)
[meter] 18:37:15 2.4000 GHz  windows 26924  with tone 26234  worst SNR -30.6 dB | tone +192062.4 Hz 10000 samples | ch1   +0.01 (max dev 0.07)  ch2   +0.02 (max dev 0.05)  ch3   +0.05 (max dev 0.06)
[meter] 18:37:15 5.8000 GHz  windows 26626  with tone 390  worst SNR -38.8 dB | ch1   -0.01 (max dev 0.04)  ch2   +0.01 (max dev 0.05)  ch3   +0.01 (max dev 0.05)
[meter] 18:37:15 5.2000 GHz  windows 26776  with tone 207  worst SNR -45.5 dB | ch1   +0.00 (max dev 0.04)  ch2   -0.02 (max dev 0.05)  ch3   -0.02 (max dev 0.05)
[meter] 18:37:20 5.2000 GHz  windows 26915  with tone 207  worst SNR -45.5 dB | ch1   +0.00 (max dev 0.04)  ch2   -0.02 (max dev 0.05)  ch3   -0.02 (max dev 0.05)
[meter] 18:37:20 2.4000 GHz  windows 27063  with tone 26373  worst SNR -30.6 dB | tone +192067.0 Hz 10000 samples | ch1   +0.01 (max dev 0.07)  ch2   +0.02 (max dev 0.04)  ch3   +0.05 (max dev 0.04)
[meter] 18:37:20 5.8000 GHz  windows 26766  with tone 390  worst SNR -38.8 dB | ch1   -0.01 (max dev 0.04)  ch2   +0.01 (max dev 0.05)  ch3   +0.01 (max dev 0.05)
[meter] 18:37:25 2.4000 GHz  windows 27202  with tone 26512  worst SNR -30.6 dB | tone +192045.6 Hz 10000 samples | ch1   +0.01 (max dev 0.09)  ch2   +0.02 (max dev 0.06)  ch3   +0.05 (max dev 0.05)
[meter] 18:37:25 5.2000 GHz  windows 27054  with tone 207  worst SNR -45.5 dB | ch1   +0.00 (max dev 0.04)  ch2   -0.02 (max dev 0.05)  ch3   -0.02 (max dev 0.05)
[meter] 18:37:25 5.8000 GHz  windows 26905  with tone 390  worst SNR -38.8 dB | ch1   -0.01 (max dev 0.04)  ch2   +0.01 (max dev 0.05)  ch3   +0.01 (max dev 0.05)
[meter] 18:37:30 5.8000 GHz  windows 27044  with tone 390  worst SNR -38.8 dB | ch1   -0.01 (max dev 0.04)  ch2   +0.01 (max dev 0.05)  ch3   +0.01 (max dev 0.05)
[meter] 18:37:30 2.4000 GHz  windows 27341  with tone 26651  worst SNR -30.6 dB | tone +192056.5 Hz 10000 samples | ch1   +0.01 (max dev 0.07)  ch2   +0.02 (max dev 0.06)  ch3   +0.05 (max dev 0.06)
[meter] 18:37:30 5.2000 GHz  windows 27193  with tone 207  worst SNR -45.5 dB | ch1   +0.00 (max dev 0.04)  ch2   -0.02 (max dev 0.05)  ch3   -0.02 (max dev 0.05)
[meter] 18:37:35 2.4000 GHz  windows 27480  with tone 26790  worst SNR -30.6 dB | tone +192056.5 Hz 10000 samples | ch1   +0.01 (max dev 0.07)  ch2   +0.03 (max dev 0.39)  ch3   +0.05 (max dev 0.05)
[meter] 18:37:35 5.8000 GHz  windows 27183  with tone 390  worst SNR -38.8 dB | ch1   -0.01 (max dev 0.04)  ch2   +0.01 (max dev 0.05)  ch3   +0.01 (max dev 0.05)[meter] 18:37:35 5.2000 GHz  windows 27332  with tone 207  worst SNR -45.5 dB | ch1   +0.00 (max dev 0.04)  ch2   -0.02 (max dev 0.05)  ch3   -0.02 (max dev 0.05)

[meter] 18:37:40 2.4000 GHz  windows 27619  with tone 26929  worst SNR -30.6 dB | tone +192079.6 Hz 10000 samples | ch1   +0.01 (max dev 0.06)  ch2   +0.02 (max dev 0.39)  ch3   +0.04 (max dev 0.05)
[meter] 18:37:40 5.8000 GHz  windows 27322  with tone 390  worst SNR -38.8 dB | ch1   -0.01 (max dev 0.04)  ch2   +0.01 (max dev 0.05)  ch3   +0.01 (max dev 0.05)
[meter] 18:37:40 5.2000 GHz  windows 27471  with tone 207  worst SNR -45.5 dB | ch1   +0.00 (max dev 0.04)  ch2   -0.02 (max dev 0.05)  ch3   -0.02 (max dev 0.05)
[meter] 18:37:45 5.8000 GHz  windows 27461  with tone 390  worst SNR -38.8 dB | ch1   -0.01 (max dev 0.04)  ch2   +0.01 (max dev 0.05)  ch3   +0.01 (max dev 0.05)
[meter] 18:37:45 2.4000 GHz  windows 27758  with tone 27068  worst SNR -30.6 dB | tone +192059.1 Hz 10000 samples | ch1   +0.02 (max dev 0.06)  ch2   +0.02 (max dev 0.04)  ch3   +0.05 (max dev 0.05)
[meter] 18:37:45 5.2000 GHz  windows 27610  with tone 207  worst SNR -45.5 dB | ch1   +0.00 (max dev 0.04)  ch2   -0.02 (max dev 0.05)  ch3   -0.02 (max dev 0.05)
[meter] 18:37:50 5.2000 GHz  windows 27748  with tone 207  worst SNR -45.5 dB | ch1   +0.00 (max dev 0.04)  ch2   -0.02 (max dev 0.05)  ch3   -0.02 (max dev 0.05)
[meter] 18:37:50 5.8000 GHz  windows 27600  with tone 390  worst SNR -38.8 dB | ch1   -0.01 (max dev 0.04)  ch2   +0.01 (max dev 0.05)  ch3   +0.01 (max dev 0.05)[meter] 18:37:50 2.4000 GHz  windows 27896  with tone 27206  worst SNR -30.6 dB | tone +192051.7 Hz 10000 samples | ch1   +0.02 (max dev 0.08)  ch2   +0.01 (max dev 0.05)  ch3   +0.04 (max dev 0.05)

[meter] 18:37:55 2.4000 GHz  windows 28035  with tone 27345  worst SNR -30.6 dB | tone +192069.6 Hz 10000 samples | ch1   +0.02 (max dev 0.06)  ch2   +0.01 (max dev 0.05)  ch3   +0.04 (max dev 0.04)
[meter] 18:37:55 5.8000 GHz  windows 27739  with tone 390  worst SNR -38.8 dB | ch1   -0.01 (max dev 0.04)  ch2   +0.01 (max dev 0.05)  ch3   +0.01 (max dev 0.05)[meter] 18:37:55 5.2000 GHz  windows 27887  with tone 207  worst SNR -45.5 dB | ch1   +0.00 (max dev 0.04)  ch2   -0.02 (max dev 0.05)  ch3   -0.02 (max dev 0.05)

[meter] 18:38:00 5.8000 GHz  windows 27878  with tone 390  worst SNR -38.8 dB | ch1   -0.01 (max dev 0.04)  ch2   +0.01 (max dev 0.05)  ch3   +0.01 (max dev 0.05)
[meter] 18:38:00 2.4000 GHz  windows 28174  with tone 27484  worst SNR -30.6 dB | tone +192070.9 Hz 10000 samples | ch1   +0.02 (max dev 0.06)  ch2   +0.01 (max dev 0.05)  ch3   +0.05 (max dev 0.05)
[meter] 18:38:00 5.2000 GHz  windows 28026  with tone 207  worst SNR -45.5 dB | ch1   +0.00 (max dev 0.04)  ch2   -0.02 (max dev 0.05)  ch3   -0.02 (max dev 0.05)
[meter] 18:38:05 5.2000 GHz  windows 28165  with tone 207  worst SNR -45.5 dB | ch1   +0.00 (max dev 0.04)  ch2   -0.02 (max dev 0.05)  ch3   -0.02 (max dev 0.05)
[meter] 18:38:05 2.4000 GHz  windows 28313  with tone 27623  worst SNR -30.6 dB | tone +192066.3 Hz 10000 samples | ch1   +0.02 (max dev 0.06)  ch2   +0.03 (max dev 0.04)  ch3   +0.06 (max dev 0.05)
[meter] 18:38:05 5.8000 GHz  windows 28017  with tone 390  worst SNR -38.8 dB | ch1   -0.01 (max dev 0.04)  ch2   +0.01 (max dev 0.05)  ch3   +0.01 (max dev 0.05)
[meter] 18:38:10 5.2000 GHz  windows 28304  with tone 207  worst SNR -45.5 dB | ch1   +0.00 (max dev 0.04)  ch2   -0.02 (max dev 0.05)  ch3   -0.02 (max dev 0.05)
[meter] 18:38:10 5.8000 GHz  windows 28156  with tone 390  worst SNR -38.8 dB | ch1   -0.01 (max dev 0.04)  ch2   +0.01 (max dev 0.05)  ch3   +0.01 (max dev 0.05)[meter] 18:38:10 2.4000 GHz  windows 28452  with tone 27762  worst SNR -30.6 dB | tone +192066.1 Hz 10000 samples | ch1   +0.02 (max dev 0.06)  ch2   +0.04 (max dev 0.06)  ch3   +0.07 (max dev 0.06)

[meter] 18:38:15 5.8000 GHz  windows 28295  with tone 390  worst SNR -38.8 dB | ch1   -0.01 (max dev 0.04)  ch2   +0.01 (max dev 0.05)  ch3   +0.01 (max dev 0.05)
[meter] 18:38:15 2.4000 GHz  windows 28591  with tone 27901  worst SNR -30.6 dB | tone +192069.7 Hz 10000 samples | ch1   +0.02 (max dev 0.06)  ch2   +0.04 (max dev 0.06)  ch3   +0.07 (max dev 0.06)[meter] 18:38:15 5.2000 GHz  windows 28443  with tone 207  worst SNR -45.5 dB | ch1   +0.00 (max dev 0.04)  ch2   -0.02 (max dev 0.05)  ch3   -0.02 (max dev 0.05)

[meter] 18:38:20 5.8000 GHz  windows 28434  with tone 390  worst SNR -38.8 dB | ch1   -0.01 (max dev 0.04)  ch2   +0.01 (max dev 0.05)  ch3   +0.01 (max dev 0.05)
[meter] 18:38:20 2.4000 GHz  windows 28729  with tone 28039  worst SNR -30.6 dB | tone +192063.0 Hz 10000 samples | ch1   +0.02 (max dev 0.06)  ch2   +0.03 (max dev 0.06)  ch3   +0.06 (max dev 0.05)
[meter] 18:38:20 5.2000 GHz  windows 28582  with tone 207  worst SNR -45.5 dB | ch1   +0.00 (max dev 0.04)  ch2   -0.02 (max dev 0.05)  ch3   -0.02 (max dev 0.05)
[meter] 18:38:25 5.2000 GHz  windows 28721  with tone 207  worst SNR -45.5 dB | ch1   +0.00 (max dev 0.04)  ch2   -0.02 (max dev 0.05)  ch3   -0.02 (max dev 0.05)
[meter] 18:38:25 2.4000 GHz  windows 28868  with tone 28178  worst SNR -30.6 dB | tone +192062.9 Hz 10000 samples | ch1   +0.02 (max dev 0.07)  ch2   +0.03 (max dev 0.06)  ch3   +0.04 (max dev 0.05)
[meter] 18:38:25 5.8000 GHz  windows 28573  with tone 390  worst SNR -38.8 dB | ch1   -0.01 (max dev 0.04)  ch2   +0.01 (max dev 0.05)  ch3   +0.01 (max dev 0.05)
[meter] 18:38:30 2.4000 GHz  windows 29007  with tone 28317  worst SNR -30.6 dB | tone +192065.5 Hz 10000 samples | ch1   +0.01 (max dev 0.06)  ch2   +0.02 (max dev 0.04)  ch3   +0.03 (max dev 0.05)
[meter] 18:38:30 5.8000 GHz  windows 28712  with tone 390  worst SNR -38.8 dB | ch1   -0.01 (max dev 0.04)  ch2   +0.01 (max dev 0.05)  ch3   +0.01 (max dev 0.05)[meter] 18:38:30 5.2000 GHz  windows 28860  with tone 207  worst SNR -45.5 dB | ch1   +0.00 (max dev 0.04)  ch2   -0.02 (max dev 0.05)  ch3   -0.02 (max dev 0.05)

[meter] 18:38:35 2.4000 GHz  windows 29146  with tone 28456  worst SNR -30.6 dB | tone +192086.1 Hz 10000 samples | ch1   +0.01 (max dev 0.07)  ch2   +0.01 (max dev 0.04)  ch3   +0.03 (max dev 0.04)
[meter] 18:38:35 5.8000 GHz  windows 28851  with tone 390  worst SNR -38.8 dB | ch1   -0.01 (max dev 0.04)  ch2   +0.01 (max dev 0.05)  ch3   +0.01 (max dev 0.05)[meter] 18:38:35 5.2000 GHz  windows 28999  with tone 207  worst SNR -45.5 dB | ch1   +0.00 (max dev 0.04)  ch2   -0.02 (max dev 0.05)  ch3   -0.02 (max dev 0.05)

[meter] 18:38:40 5.8000 GHz  windows 28990  with tone 390  worst SNR -38.8 dB | ch1   -0.01 (max dev 0.04)  ch2   +0.01 (max dev 0.05)  ch3   +0.01 (max dev 0.05)
[meter] 18:38:40 5.2000 GHz  windows 29138  with tone 207  worst SNR -45.5 dB | ch1   +0.00 (max dev 0.04)  ch2   -0.02 (max dev 0.05)  ch3   -0.02 (max dev 0.05)
[meter] 18:38:40 2.4000 GHz  windows 29285  with tone 28595  worst SNR -30.6 dB | tone +192061.3 Hz 10000 samples | ch1   +0.01 (max dev 0.08)  ch2   +0.01 (max dev 0.04)  ch3   +0.03 (max dev 0.04)
[meter] 18:38:45 5.8000 GHz  windows 29128  with tone 390  worst SNR -38.8 dB | ch1   -0.01 (max dev 0.04)  ch2   +0.01 (max dev 0.05)  ch3   +0.01 (max dev 0.05)
[meter] 18:38:45 5.2000 GHz  windows 29277  with tone 207  worst SNR -45.5 dB | ch1   +0.00 (max dev 0.04)  ch2   -0.02 (max dev 0.05)  ch3   -0.02 (max dev 0.05)
[meter] 18:38:45 2.4000 GHz  windows 29424  with tone 28734  worst SNR -30.6 dB | tone +192081.4 Hz 10000 samples | ch1   +0.01 (max dev 0.06)  ch2   +0.01 (max dev 0.04)  ch3   +0.03 (max dev 0.05)
[meter] 18:38:50 5.2000 GHz  windows 29416  with tone 207  worst SNR -45.5 dB | ch1   +0.00 (max dev 0.04)  ch2   -0.02 (max dev 0.05)  ch3   -0.02 (max dev 0.05)[meter] 18:38:50 5.8000 GHz  windows 29267  with tone 390  worst SNR -38.8 dB | ch1   -0.01 (max dev 0.04)  ch2   +0.01 (max dev 0.05)  ch3   +0.01 (max dev 0.05)

[meter] 18:38:50 2.4000 GHz  windows 29563  with tone 28873  worst SNR -30.6 dB | tone +192072.0 Hz 10000 samples | ch1   +0.02 (max dev 0.06)  ch2   +0.02 (max dev 0.05)  ch3   +0.03 (max dev 0.05)
[meter] 18:38:55 5.8000 GHz  windows 29406  with tone 390  worst SNR -38.8 dB | ch1   -0.01 (max dev 0.04)  ch2   +0.01 (max dev 0.05)  ch3   +0.01 (max dev 0.05)[meter] 18:38:55 5.2000 GHz  windows 29555  with tone 207  worst SNR -45.5 dB | ch1   +0.00 (max dev 0.04)  ch2   -0.02 (max dev 0.05)  ch3   -0.02 (max dev 0.05)

[meter] 18:38:55 2.4000 GHz  windows 29702  with tone 29012  worst SNR -30.6 dB | tone +192092.7 Hz 10000 samples | ch1   +0.02 (max dev 0.05)  ch2   +0.03 (max dev 0.05)  ch3   +0.04 (max dev 0.05)
[meter] 18:39:00 5.8000 GHz  windows 29545  with tone 390  worst SNR -38.8 dB | ch1   -0.01 (max dev 0.04)  ch2   +0.01 (max dev 0.05)  ch3   +0.01 (max dev 0.05)
[meter] 18:39:00 5.2000 GHz  windows 29694  with tone 207  worst SNR -45.5 dB | ch1   +0.00 (max dev 0.04)  ch2   -0.02 (max dev 0.05)  ch3   -0.02 (max dev 0.05)
[meter] 18:39:00 2.4000 GHz  windows 29841  with tone 29151  worst SNR -30.6 dB | tone +192079.9 Hz 10000 samples | ch1   +0.02 (max dev 0.06)  ch2   +0.03 (max dev 0.04)  ch3   +0.04 (max dev 0.06)
[meter] 18:39:05 5.2000 GHz  windows 29833  with tone 207  worst SNR -46.3 dB | ch1   +0.00 (max dev 0.04)  ch2   -0.02 (max dev 0.05)  ch3   -0.02 (max dev 0.05)[meter] 18:39:05 5.8000 GHz  windows 29684  with tone 390  worst SNR -38.8 dB | ch1   -0.01 (max dev 0.04)  ch2   +0.01 (max dev 0.05)  ch3   +0.01 (max dev 0.05)

[meter] 18:39:05 2.4000 GHz  windows 29980  with tone 29290  worst SNR -30.6 dB | tone +192075.3 Hz 10000 samples | ch1   +0.02 (max dev 0.07)  ch2   +0.02 (max dev 0.06)  ch3   +0.03 (max dev 0.05)
[meter] 18:39:10 5.8000 GHz  windows 29823  with tone 390  worst SNR -38.8 dB | ch1   -0.01 (max dev 0.04)  ch2   +0.01 (max dev 0.05)  ch3   +0.01 (max dev 0.05)
[meter] 18:39:10 5.2000 GHz  windows 29972  with tone 207  worst SNR -46.3 dB | ch1   +0.00 (max dev 0.04)  ch2   -0.02 (max dev 0.05)  ch3   -0.02 (max dev 0.05)
[meter] 18:39:10 2.4000 GHz  windows 30119  with tone 29429  worst SNR -30.6 dB | tone +192066.7 Hz 10000 samples | ch1   +0.01 (max dev 0.07)  ch2   +0.01 (max dev 0.07)  ch3   +0.02 (max dev 0.07)
[meter] 18:39:15 5.8000 GHz  windows 29962  with tone 390  worst SNR -38.8 dB | ch1   -0.01 (max dev 0.04)  ch2   +0.01 (max dev 0.05)  ch3   +0.01 (max dev 0.05)
[meter] 18:39:15 5.2000 GHz  windows 30111  with tone 207  worst SNR -46.3 dB | ch1   +0.00 (max dev 0.04)  ch2   -0.02 (max dev 0.05)  ch3   -0.02 (max dev 0.05)
[meter] 18:39:15 2.4000 GHz  windows 30258  with tone 29568  worst SNR -30.6 dB | tone +192072.0 Hz 10000 samples | ch1   +0.02 (max dev 0.06)  ch2   +0.00 (max dev 0.04)  ch3   +0.02 (max dev 0.04)
[meter] 18:39:20 5.8000 GHz  windows 30101  with tone 390  worst SNR -38.8 dB | ch1   -0.01 (max dev 0.04)  ch2   +0.01 (max dev 0.05)  ch3   +0.01 (max dev 0.05)
[meter] 18:39:20 5.2000 GHz  windows 30250  with tone 207  worst SNR -46.3 dB | ch1   +0.00 (max dev 0.04)  ch2   -0.02 (max dev 0.05)  ch3   -0.02 (max dev 0.05)
[meter] 18:39:20 2.4000 GHz  windows 30397  with tone 29707  worst SNR -30.6 dB | tone +192061.4 Hz 10000 samples | ch1   +0.02 (max dev 0.07)  ch2   +0.00 (max dev 0.04)  ch3   +0.01 (max dev 0.04)
[meter] 18:39:25 5.2000 GHz  windows 30389  with tone 207  worst SNR -46.3 dB | ch1   +0.00 (max dev 0.04)  ch2   -0.02 (max dev 0.05)  ch3   -0.02 (max dev 0.05)
[meter] 18:39:25 5.8000 GHz  windows 30240  with tone 390  worst SNR -38.8 dB | ch1   -0.01 (max dev 0.04)  ch2   +0.01 (max dev 0.05)  ch3   +0.01 (max dev 0.05)
[meter] 18:39:25 2.4000 GHz  windows 30536  with tone 29846  worst SNR -30.6 dB | tone +192082.9 Hz 10000 samples | ch1   +0.02 (max dev 0.07)  ch2   +0.00 (max dev 0.04)  ch3   +0.02 (max dev 0.04)
[meter] 18:39:30 5.8000 GHz  windows 30379  with tone 390  worst SNR -38.8 dB | ch1   -0.01 (max dev 0.04)  ch2   +0.01 (max dev 0.05)  ch3   +0.01 (max dev 0.05)
[meter] 18:39:30 5.2000 GHz  windows 30528  with tone 207  worst SNR -46.3 dB | ch1   +0.00 (max dev 0.04)  ch2   -0.02 (max dev 0.05)  ch3   -0.02 (max dev 0.05)
[meter] 18:39:30 2.4000 GHz  windows 30675  with tone 29985  worst SNR -30.6 dB | tone +192081.5 Hz 10000 samples | ch1   +0.02 (max dev 0.05)  ch2   +0.00 (max dev 0.04)  ch3   +0.02 (max dev 0.05)
[meter] 18:39:35 5.2000 GHz  windows 30667  with tone 207  worst SNR -46.3 dB | ch1   +0.00 (max dev 0.04)  ch2   -0.02 (max dev 0.05)  ch3   -0.02 (max dev 0.05)
[meter] 18:39:35 5.8000 GHz  windows 30518  with tone 390  worst SNR -38.8 dB | ch1   -0.01 (max dev 0.04)  ch2   +0.01 (max dev 0.05)  ch3   +0.01 (max dev 0.05)
[meter] 18:39:35 2.4000 GHz  windows 30814  with tone 30124  worst SNR -30.6 dB | tone +192090.7 Hz 10000 samples | ch1   +0.01 (max dev 0.07)  ch2   -0.00 (max dev 0.05)  ch3   +0.01 (max dev 0.04)
[meter] 18:39:40 5.2000 GHz  windows 30806  with tone 207  worst SNR -46.3 dB | ch1   +0.00 (max dev 0.04)  ch2   -0.02 (max dev 0.05)  ch3   -0.02 (max dev 0.05)
[meter] 18:39:40 5.8000 GHz  windows 30657  with tone 390  worst SNR -38.8 dB | ch1   -0.01 (max dev 0.04)  ch2   +0.01 (max dev 0.05)  ch3   +0.01 (max dev 0.05)
[meter] 18:39:40 2.4000 GHz  windows 30953  with tone 30263  worst SNR -30.6 dB | tone +192103.3 Hz 10000 samples | ch1   +0.02 (max dev 0.08)  ch2   +0.00 (max dev 0.05)  ch3   +0.02 (max dev 0.05)
[meter] 18:39:45 5.2000 GHz  windows 30945  with tone 207  worst SNR -46.3 dB | ch1   +0.00 (max dev 0.04)  ch2   -0.02 (max dev 0.05)  ch3   -0.02 (max dev 0.05)
[meter] 18:39:45 5.8000 GHz  windows 30796  with tone 390  worst SNR -38.8 dB | ch1   -0.01 (max dev 0.04)  ch2   +0.01 (max dev 0.05)  ch3   +0.01 (max dev 0.05)
[meter] 18:39:45 2.4000 GHz  windows 31092  with tone 30402  worst SNR -30.6 dB | tone +192095.3 Hz 10000 samples | ch1   +0.02 (max dev 0.07)  ch2   -0.00 (max dev 0.05)  ch3   +0.01 (max dev 0.05)
[meter] 18:39:50 5.8000 GHz  windows 30935  with tone 390  worst SNR -38.8 dB | ch1   -0.01 (max dev 0.04)  ch2   +0.01 (max dev 0.05)  ch3   +0.01 (max dev 0.05)
[meter] 18:39:50 5.2000 GHz  windows 31084  with tone 207  worst SNR -46.3 dB | ch1   +0.00 (max dev 0.04)  ch2   -0.02 (max dev 0.05)  ch3   -0.02 (max dev 0.05)
[meter] 18:39:50 2.4000 GHz  windows 31231  with tone 30541  worst SNR -30.6 dB | tone +192089.9 Hz 10000 samples | ch1   +0.02 (max dev 0.07)  ch2   -0.00 (max dev 0.05)  ch3   +0.01 (max dev 0.05)
[meter] 18:39:55 5.8000 GHz  windows 31074  with tone 390  worst SNR -38.8 dB | ch1   -0.01 (max dev 0.04)  ch2   +0.01 (max dev 0.05)  ch3   +0.01 (max dev 0.05)
[meter] 18:39:55 5.2000 GHz  windows 31223  with tone 207  worst SNR -46.3 dB | ch1   +0.00 (max dev 0.04)  ch2   -0.02 (max dev 0.05)  ch3   -0.02 (max dev 0.05)
[meter] 18:39:55 2.4000 GHz  windows 31370  with tone 30680  worst SNR -30.6 dB | tone +192089.2 Hz 10000 samples | ch1   +0.02 (max dev 0.06)  ch2   -0.01 (max dev 0.05)  ch3   +0.01 (max dev 0.04)
[meter] 18:40:00 5.2000 GHz  windows 31362  with tone 207  worst SNR -46.3 dB | ch1   +0.00 (max dev 0.04)  ch2   -0.02 (max dev 0.05)  ch3   -0.02 (max dev 0.05)
[meter] 18:40:00 5.8000 GHz  windows 31213  with tone 390  worst SNR -48.7 dB | ch1   -0.01 (max dev 0.04)  ch2   +0.01 (max dev 0.05)  ch3   +0.01 (max dev 0.05)
[meter] 18:40:00 2.4000 GHz  windows 31509  with tone 30819  worst SNR -30.6 dB | tone +192094.0 Hz 10000 samples | ch1   +0.02 (max dev 0.07)  ch2   -0.01 (max dev 0.05)  ch3   +0.01 (max dev 0.05)
[meter] 18:40:05 5.8000 GHz  windows 31352  with tone 390  worst SNR -48.7 dB | ch1   -0.01 (max dev 0.04)  ch2   +0.01 (max dev 0.05)  ch3   +0.01 (max dev 0.05)[meter] 18:40:05 5.2000 GHz  windows 31501  with tone 207  worst SNR -46.3 dB | ch1   +0.00 (max dev 0.04)  ch2   -0.02 (max dev 0.05)  ch3   -0.02 (max dev 0.05)

[meter] 18:40:05 2.4000 GHz  windows 31648  with tone 30958  worst SNR -30.6 dB | tone +192093.4 Hz 10000 samples | ch1   +0.02 (max dev 0.06)  ch2   -0.01 (max dev 0.05)  ch3   +0.00 (max dev 0.05)
[meter] 18:40:10 5.8000 GHz  windows 31491  with tone 390  worst SNR -48.7 dB | ch1   -0.01 (max dev 0.04)  ch2   +0.01 (max dev 0.05)  ch3   +0.01 (max dev 0.05)
[meter] 18:40:10 5.2000 GHz  windows 31640  with tone 207  worst SNR -46.3 dB | ch1   +0.00 (max dev 0.04)  ch2   -0.02 (max dev 0.05)  ch3   -0.02 (max dev 0.05)
[meter] 18:40:10 2.4000 GHz  windows 31787  with tone 31097  worst SNR -30.6 dB | tone +192097.6 Hz 10000 samples | ch1   +0.02 (max dev 0.06)  ch2   -0.01 (max dev 0.05)  ch3   +0.00 (max dev 0.05)
[meter] 18:40:15 5.8000 GHz  windows 31630  with tone 390  worst SNR -48.7 dB | ch1   -0.01 (max dev 0.04)  ch2   +0.01 (max dev 0.05)  ch3   +0.01 (max dev 0.05)
[meter] 18:40:15 5.2000 GHz  windows 31779  with tone 207  worst SNR -46.3 dB | ch1   +0.00 (max dev 0.04)  ch2   -0.02 (max dev 0.05)  ch3   -0.02 (max dev 0.05)
[meter] 18:40:15 2.4000 GHz  windows 31926  with tone 31236  worst SNR -30.6 dB | tone +192113.5 Hz 10000 samples | ch1   +0.02 (max dev 0.06)  ch2   -0.00 (max dev 0.04)  ch3   +0.01 (max dev 0.05)
[meter] 18:40:20 5.2000 GHz  windows 31918  with tone 207  worst SNR -46.3 dB | ch1   +0.00 (max dev 0.04)  ch2   -0.02 (max dev 0.05)  ch3   -0.02 (max dev 0.05)
[meter] 18:40:20 5.8000 GHz  windows 31769  with tone 390  worst SNR -48.7 dB | ch1   -0.01 (max dev 0.04)  ch2   +0.01 (max dev 0.05)  ch3   +0.01 (max dev 0.05)
[meter] 18:40:20 2.4000 GHz  windows 32065  with tone 31375  worst SNR -30.6 dB | tone +192109.4 Hz 10000 samples | ch1   +0.02 (max dev 0.07)  ch2   +0.00 (max dev 0.05)  ch3   +0.01 (max dev 0.04)
[meter] 18:40:25 5.8000 GHz  windows 31908  with tone 390  worst SNR -48.7 dB | ch1   -0.01 (max dev 0.04)  ch2   +0.01 (max dev 0.05)  ch3   +0.01 (max dev 0.05)[meter] 18:40:25 5.2000 GHz  windows 32057  with tone 207  worst SNR -46.3 dB | ch1   +0.00 (max dev 0.04)  ch2   -0.02 (max dev 0.05)  ch3   -0.02 (max dev 0.05)

[meter] 18:40:25 2.4000 GHz  windows 32204  with tone 31514  worst SNR -30.6 dB | tone +192116.3 Hz 10000 samples | ch1   +0.02 (max dev 0.06)  ch2   -0.00 (max dev 0.05)  ch3   +0.01 (max dev 0.04)
[meter] 18:40:30 5.2000 GHz  windows 32196  with tone 207  worst SNR -46.3 dB | ch1   +0.00 (max dev 0.04)  ch2   -0.02 (max dev 0.05)  ch3   -0.02 (max dev 0.05)
[meter] 18:40:30 5.8000 GHz  windows 32047  with tone 390  worst SNR -48.7 dB | ch1   -0.01 (max dev 0.04)  ch2   +0.01 (max dev 0.05)  ch3   +0.01 (max dev 0.05)
[meter] 18:40:30 2.4000 GHz  windows 32343  with tone 31653  worst SNR -30.6 dB | tone +192105.1 Hz 10000 samples | ch1   +0.02 (max dev 0.06)  ch2   -0.01 (max dev 0.05)  ch3   +0.00 (max dev 0.05)
[meter] 18:40:35 5.8000 GHz  windows 32186  with tone 390  worst SNR -48.7 dB | ch1   -0.01 (max dev 0.04)  ch2   +0.01 (max dev 0.05)  ch3   +0.01 (max dev 0.05)
[meter] 18:40:35 5.2000 GHz  windows 32335  with tone 207  worst SNR -46.3 dB | ch1   +0.00 (max dev 0.04)  ch2   -0.02 (max dev 0.05)  ch3   -0.02 (max dev 0.05)
[meter] 18:40:35 2.4000 GHz  windows 32482  with tone 31792  worst SNR -30.6 dB | tone +192110.3 Hz 10000 samples | ch1   +0.01 (max dev 0.06)  ch2   -0.01 (max dev 0.05)  ch3   -0.00 (max dev 0.04)
[meter] 18:40:40 5.8000 GHz  windows 32325  with tone 390  worst SNR -48.7 dB | ch1   -0.01 (max dev 0.04)  ch2   +0.01 (max dev 0.05)  ch3   +0.01 (max dev 0.05)
[meter] 18:40:40 5.2000 GHz  windows 32474  with tone 207  worst SNR -46.3 dB | ch1   +0.00 (max dev 0.04)  ch2   -0.02 (max dev 0.05)  ch3   -0.02 (max dev 0.05)
[meter] 18:40:40 2.4000 GHz  windows 32621  with tone 31931  worst SNR -30.6 dB | tone +192121.2 Hz 10000 samples | ch1   +0.01 (max dev 0.06)  ch2   -0.01 (max dev 0.06)  ch3   +0.00 (max dev 0.06)
[meter] 18:40:45 5.8000 GHz  windows 32464  with tone 390  worst SNR -48.7 dB | ch1   -0.01 (max dev 0.04)  ch2   +0.01 (max dev 0.05)  ch3   +0.01 (max dev 0.05)
[meter] 18:40:45 5.2000 GHz  windows 32613  with tone 207  worst SNR -46.3 dB | ch1   +0.00 (max dev 0.04)  ch2   -0.02 (max dev 0.05)  ch3   -0.02 (max dev 0.05)
[meter] 18:40:45 2.4000 GHz  windows 32760  with tone 32070  worst SNR -30.6 dB | tone +192121.4 Hz 10000 samples | ch1   +0.01 (max dev 0.07)  ch2   +0.00 (max dev 0.04)  ch3   +0.01 (max dev 0.05)
[meter] 18:40:50 5.8000 GHz  windows 32603  with tone 390  worst SNR -48.7 dB | ch1   -0.01 (max dev 0.04)  ch2   +0.01 (max dev 0.05)  ch3   +0.01 (max dev 0.05)
[meter] 18:40:50 5.2000 GHz  windows 32751  with tone 207  worst SNR -46.3 dB | ch1   +0.00 (max dev 0.04)  ch2   -0.02 (max dev 0.05)  ch3   -0.02 (max dev 0.05)
[meter] 18:40:50 2.4000 GHz  windows 32899  with tone 32209  worst SNR -30.6 dB | tone +192116.6 Hz 10000 samples | ch1   +0.01 (max dev 0.06)  ch2   -0.00 (max dev 0.04)  ch3   +0.01 (max dev 0.05)
[meter] 18:40:55 5.8000 GHz  windows 32742  with tone 390  worst SNR -48.7 dB | ch1   -0.01 (max dev 0.04)  ch2   +0.01 (max dev 0.05)  ch3   +0.01 (max dev 0.05)
[meter] 18:40:55 5.2000 GHz  windows 32891  with tone 207  worst SNR -46.3 dB | ch1   +0.00 (max dev 0.04)  ch2   -0.02 (max dev 0.05)  ch3   -0.02 (max dev 0.05)
[meter] 18:40:55 2.4000 GHz  windows 33038  with tone 32348  worst SNR -30.6 dB | tone +192128.1 Hz 10000 samples | ch1   +0.01 (max dev 0.07)  ch2   -0.00 (max dev 0.04)  ch3   +0.00 (max dev 0.05)
[meter] 18:41:00 5.2000 GHz  windows 33030  with tone 207  worst SNR -46.3 dB | ch1   +0.00 (max dev 0.04)  ch2   -0.02 (max dev 0.05)  ch3   -0.02 (max dev 0.05)
[meter] 18:41:00 5.8000 GHz  windows 32881  with tone 390  worst SNR -48.7 dB | ch1   -0.01 (max dev 0.04)  ch2   +0.01 (max dev 0.05)  ch3   +0.01 (max dev 0.05)
[meter] 18:41:00 2.4000 GHz  windows 33177  with tone 32487  worst SNR -30.6 dB | tone +192119.8 Hz 10000 samples | ch1   +0.01 (max dev 0.06)  ch2   -0.00 (max dev 0.05)  ch3   +0.00 (max dev 0.05)
[meter] 18:41:05 5.2000 GHz  windows 33169  with tone 207  worst SNR -46.3 dB | ch1   +0.00 (max dev 0.04)  ch2   -0.02 (max dev 0.05)  ch3   -0.02 (max dev 0.05)
[meter] 18:41:05 5.8000 GHz  windows 33020  with tone 390  worst SNR -48.7 dB | ch1   -0.01 (max dev 0.04)  ch2   +0.01 (max dev 0.05)  ch3   +0.01 (max dev 0.05)
[meter] 18:41:05 2.4000 GHz  windows 33316  with tone 32626  worst SNR -30.6 dB | tone +192107.1 Hz 10000 samples | ch1   +0.01 (max dev 0.07)  ch2   +0.01 (max dev 0.15)  ch3   +0.01 (max dev 0.06)
[meter] 18:41:10 5.8000 GHz  windows 33159  with tone 390  worst SNR -48.7 dB | ch1   -0.01 (max dev 0.04)  ch2   +0.01 (max dev 0.05)  ch3   +0.01 (max dev 0.05)
[meter] 18:41:10 5.2000 GHz  windows 33308  with tone 207  worst SNR -46.3 dB | ch1   +0.00 (max dev 0.04)  ch2   -0.02 (max dev 0.05)  ch3   -0.02 (max dev 0.05)
[meter] 18:41:10 2.4000 GHz  windows 33455  with tone 32765  worst SNR -30.6 dB | tone +192099.3 Hz 10000 samples | ch1   +0.01 (max dev 0.07)  ch2   +0.01 (max dev 0.04)  ch3   +0.01 (max dev 0.04)
[meter] 18:41:15 5.8000 GHz  windows 33298  with tone 390  worst SNR -48.7 dB | ch1   -0.01 (max dev 0.04)  ch2   +0.01 (max dev 0.05)  ch3   +0.01 (max dev 0.05)
[meter] 18:41:15 5.2000 GHz  windows 33447  with tone 207  worst SNR -46.3 dB | ch1   +0.00 (max dev 0.04)  ch2   -0.02 (max dev 0.05)  ch3   -0.02 (max dev 0.05)
[meter] 18:41:15 2.4000 GHz  windows 33594  with tone 32904  worst SNR -30.6 dB | tone +192109.8 Hz 10000 samples | ch1   +0.01 (max dev 0.06)  ch2   +0.01 (max dev 0.04)  ch3   +0.01 (max dev 0.04)
[meter] 18:41:20 5.8000 GHz  windows 33437  with tone 390  worst SNR -48.7 dB | ch1   -0.01 (max dev 0.04)  ch2   +0.01 (max dev 0.05)  ch3   +0.01 (max dev 0.05)[meter] 18:41:20 5.2000 GHz  windows 33586  with tone 207  worst SNR -46.3 dB | ch1   +0.00 (max dev 0.04)  ch2   -0.02 (max dev 0.05)  ch3   -0.02 (max dev 0.05)

[meter] 18:41:20 2.4000 GHz  windows 33732  with tone 33042  worst SNR -30.6 dB | tone +192086.5 Hz 10000 samples | ch1   +0.01 (max dev 0.05)  ch2   +0.01 (max dev 0.05)  ch3   +0.01 (max dev 0.05)
[meter] 18:41:25 5.8000 GHz  windows 33576  with tone 390  worst SNR -48.7 dB | ch1   -0.01 (max dev 0.04)  ch2   +0.01 (max dev 0.05)  ch3   +0.01 (max dev 0.05)
[meter] 18:41:25 5.2000 GHz  windows 33725  with tone 207  worst SNR -46.3 dB | ch1   +0.00 (max dev 0.04)  ch2   -0.02 (max dev 0.05)  ch3   -0.02 (max dev 0.05)
[meter] 18:41:25 2.4000 GHz  windows 33871  with tone 33181  worst SNR -30.6 dB | tone +192086.4 Hz 10000 samples | ch1   +0.01 (max dev 0.07)  ch2   +0.01 (max dev 0.05)  ch3   +0.02 (max dev 0.05)
[meter] 18:41:30 5.8000 GHz  windows 33715  with tone 390  worst SNR -48.7 dB | ch1   -0.01 (max dev 0.04)  ch2   +0.01 (max dev 0.05)  ch3   +0.01 (max dev 0.05)[meter] 18:41:30 5.2000 GHz  windows 33864  with tone 207  worst SNR -46.3 dB | ch1   +0.00 (max dev 0.04)  ch2   -0.02 (max dev 0.05)  ch3   -0.02 (max dev 0.05)

[meter] 18:41:30 2.4000 GHz  windows 34010  with tone 33320  worst SNR -30.6 dB | tone +192087.3 Hz 10000 samples | ch1   +0.01 (max dev 0.06)  ch2   +0.01 (max dev 0.14)  ch3   +0.01 (max dev 0.04)
[meter] 18:41:35 5.8000 GHz  windows 33854  with tone 390  worst SNR -48.7 dB | ch1   -0.01 (max dev 0.04)  ch2   +0.01 (max dev 0.05)  ch3   +0.01 (max dev 0.05)
[meter] 18:41:35 5.2000 GHz  windows 34003  with tone 207  worst SNR -46.3 dB | ch1   +0.00 (max dev 0.04)  ch2   -0.02 (max dev 0.05)  ch3   -0.02 (max dev 0.05)
[meter] 18:41:35 2.4000 GHz  windows 34149  with tone 33459  worst SNR -30.6 dB | tone +192075.0 Hz 10000 samples | ch1   +0.01 (max dev 0.06)  ch2   +0.02 (max dev 0.13)  ch3   +0.01 (max dev 0.05)
[meter] 18:41:40 5.8000 GHz  windows 33992  with tone 390  worst SNR -48.7 dB | ch1   -0.01 (max dev 0.04)  ch2   +0.01 (max dev 0.05)  ch3   +0.01 (max dev 0.05)[meter] 18:41:40 5.2000 GHz  windows 34138  with tone 207  worst SNR -46.3 dB | ch1   +0.00 (max dev 0.04)  ch2   -0.02 (max dev 0.05)  ch3   -0.02 (max dev 0.05)

[meter] 18:41:40 2.4000 GHz  windows 34287  with tone 33597  worst SNR -30.6 dB | tone +192075.9 Hz 10000 samples | ch1   +0.02 (max dev 0.07)  ch2   +0.02 (max dev 0.06)  ch3   +0.02 (max dev 0.05)
[meter] 18:41:45 5.8000 GHz  windows 34132  with tone 390  worst SNR -48.7 dB | ch1   -0.01 (max dev 0.04)  ch2   +0.01 (max dev 0.05)  ch3   +0.01 (max dev 0.05)[meter] 18:41:45 5.2000 GHz  windows 34279  with tone 207  worst SNR -46.3 dB | ch1   +0.00 (max dev 0.04)  ch2   -0.02 (max dev 0.05)  ch3   -0.02 (max dev 0.05)

[meter] 18:41:45 2.4000 GHz  windows 34427  with tone 33737  worst SNR -30.6 dB | tone +192078.0 Hz 10000 samples | ch1   +0.02 (max dev 0.08)  ch2   +0.01 (max dev 0.12)  ch3   +0.01 (max dev 0.05)
[meter] 18:41:50 5.2000 GHz  windows 34418  with tone 207  worst SNR -46.3 dB | ch1   +0.00 (max dev 0.04)  ch2   -0.02 (max dev 0.05)  ch3   -0.02 (max dev 0.05)
[meter] 18:41:50 5.8000 GHz  windows 34271  with tone 390  worst SNR -48.7 dB | ch1   -0.01 (max dev 0.04)  ch2   +0.01 (max dev 0.05)  ch3   +0.01 (max dev 0.05)
[meter] 18:41:50 2.4000 GHz  windows 34566  with tone 33876  worst SNR -30.6 dB | tone +192042.9 Hz 10000 samples | ch1   +0.02 (max dev 0.07)  ch2   +0.01 (max dev 0.12)  ch3   +0.01 (max dev 0.05)
[meter] 18:41:55 5.8000 GHz  windows 34410  with tone 390  worst SNR -48.7 dB | ch1   -0.01 (max dev 0.04)  ch2   +0.01 (max dev 0.05)  ch3   +0.01 (max dev 0.05)
[meter] 18:41:55 5.2000 GHz  windows 34557  with tone 207  worst SNR -46.3 dB | ch1   +0.00 (max dev 0.04)  ch2   -0.02 (max dev 0.05)  ch3   -0.02 (max dev 0.05)
[meter] 18:41:55 2.4000 GHz  windows 34705  with tone 34015  worst SNR -30.6 dB | tone +192066.2 Hz 10000 samples | ch1   +0.02 (max dev 0.06)  ch2   +0.02 (max dev 0.51)  ch3   +0.02 (max dev 0.05)
[meter] 18:42:00 5.2000 GHz  windows 34696  with tone 207  worst SNR -46.3 dB | ch1   +0.00 (max dev 0.04)  ch2   -0.02 (max dev 0.05)  ch3   -0.02 (max dev 0.05)
[meter] 18:42:00 5.8000 GHz  windows 34549  with tone 390  worst SNR -48.7 dB | ch1   -0.01 (max dev 0.04)  ch2   +0.01 (max dev 0.05)  ch3   +0.01 (max dev 0.05)
[meter] 18:42:00 2.4000 GHz  windows 34844  with tone 34154  worst SNR -30.6 dB | tone +192044.6 Hz 10000 samples | ch1   +0.02 (max dev 0.07)  ch2   +0.03 (max dev 0.94)  ch3   +0.03 (max dev 0.05)
[meter] 18:42:05 5.2000 GHz  windows 34835  with tone 207  worst SNR -46.3 dB | ch1   +0.00 (max dev 0.04)  ch2   -0.02 (max dev 0.05)  ch3   -0.02 (max dev 0.05)
[meter] 18:42:05 5.8000 GHz  windows 34688  with tone 390  worst SNR -48.7 dB | ch1   -0.01 (max dev 0.04)  ch2   +0.01 (max dev 0.05)  ch3   +0.01 (max dev 0.05)
[meter] 18:42:05 2.4000 GHz  windows 34983  with tone 34293  worst SNR -30.6 dB | tone +192071.8 Hz 10000 samples | ch1   +0.02 (max dev 0.07)  ch2   +0.02 (max dev 0.68)  ch3   +0.02 (max dev 0.04)
[meter] 18:42:10 5.2000 GHz  windows 34974  with tone 207  worst SNR -46.3 dB | ch1   +0.00 (max dev 0.04)  ch2   -0.02 (max dev 0.05)  ch3   -0.02 (max dev 0.05)
[meter] 18:42:10 5.8000 GHz  windows 34827  with tone 390  worst SNR -48.7 dB | ch1   -0.01 (max dev 0.04)  ch2   +0.01 (max dev 0.05)  ch3   +0.01 (max dev 0.05)
[meter] 18:42:10 2.4000 GHz  windows 35122  with tone 34432  worst SNR -30.6 dB | tone +192053.5 Hz 10000 samples | ch1   +0.02 (max dev 0.08)  ch2   +0.02 (max dev 0.68)  ch3   +0.02 (max dev 0.04)
[meter] 18:42:15 5.2000 GHz  windows 35113  with tone 207  worst SNR -46.3 dB | ch1   +0.00 (max dev 0.04)  ch2   -0.02 (max dev 0.05)  ch3   -0.02 (max dev 0.05)
[meter] 18:42:15 5.8000 GHz  windows 34966  with tone 390  worst SNR -48.7 dB | ch1   -0.01 (max dev 0.04)  ch2   +0.01 (max dev 0.05)  ch3   +0.01 (max dev 0.05)
[meter] 18:42:15 2.4000 GHz  windows 35261  with tone 34571  worst SNR -30.6 dB | tone +192066.9 Hz 10000 samples | ch1   +0.02 (max dev 0.05)  ch2   -0.00 (max dev 0.29)  ch3   +0.00 (max dev 0.05)
[meter] 18:42:20 5.8000 GHz  windows 35105  with tone 390  worst SNR -48.7 dB | ch1   -0.01 (max dev 0.04)  ch2   +0.01 (max dev 0.05)  ch3   +0.01 (max dev 0.05)
[meter] 18:42:20 5.2000 GHz  windows 35252  with tone 207  worst SNR -46.3 dB | ch1   +0.00 (max dev 0.04)  ch2   -0.02 (max dev 0.05)  ch3   -0.02 (max dev 0.05)
[meter] 18:42:20 2.4000 GHz  windows 35400  with tone 34710  worst SNR -30.6 dB | tone +192056.0 Hz 10000 samples | ch1   +0.02 (max dev 0.06)  ch2   -0.01 (max dev 0.05)  ch3   -0.00 (max dev 0.04)
[meter] 18:42:25 5.8000 GHz  windows 35244  with tone 390  worst SNR -48.7 dB | ch1   -0.01 (max dev 0.04)  ch2   +0.01 (max dev 0.05)  ch3   +0.01 (max dev 0.05)
[meter] 18:42:25 5.2000 GHz  windows 35391  with tone 207  worst SNR -46.3 dB | ch1   +0.00 (max dev 0.04)  ch2   -0.02 (max dev 0.05)  ch3   -0.02 (max dev 0.05)
[meter] 18:42:25 2.4000 GHz  windows 35539  with tone 34849  worst SNR -30.6 dB | tone +192038.4 Hz 10000 samples | ch1   +0.02 (max dev 0.07)  ch2   -0.01 (max dev 0.05)  ch3   -0.00 (max dev 0.04)
[meter] 18:42:30 5.2000 GHz  windows 35530  with tone 207  worst SNR -46.3 dB | ch1   +0.00 (max dev 0.04)  ch2   -0.02 (max dev 0.05)  ch3   -0.02 (max dev 0.05)
[meter] 18:42:30 5.8000 GHz  windows 35383  with tone 390  worst SNR -48.7 dB | ch1   -0.01 (max dev 0.04)  ch2   +0.01 (max dev 0.05)  ch3   +0.01 (max dev 0.05)
[meter] 18:42:30 2.4000 GHz  windows 35678  with tone 34988  worst SNR -30.6 dB | tone +192035.8 Hz 10000 samples | ch1   +0.02 (max dev 0.05)  ch2   -0.00 (max dev 0.04)  ch3   +0.00 (max dev 0.05)
[meter] 18:42:35 5.8000 GHz  windows 35521  with tone 390  worst SNR -48.7 dB | ch1   -0.01 (max dev 0.04)  ch2   +0.01 (max dev 0.05)  ch3   +0.01 (max dev 0.05)
[meter] 18:42:35 5.2000 GHz  windows 35667  with tone 207  worst SNR -46.3 dB | ch1   +0.00 (max dev 0.04)  ch2   -0.02 (max dev 0.05)  ch3   -0.02 (max dev 0.05)
[meter] 18:42:35 2.4000 GHz  windows 35815  with tone 35125  worst SNR -30.6 dB | tone +192026.1 Hz 10000 samples | ch1   +0.01 (max dev 0.07)  ch2   +0.00 (max dev 0.05)  ch3   +0.01 (max dev 0.05)
[meter] 18:42:40 5.2000 GHz  windows 35805  with tone 207  worst SNR -46.3 dB | ch1   +0.00 (max dev 0.04)  ch2   -0.02 (max dev 0.05)  ch3   -0.02 (max dev 0.05)
[meter] 18:42:40 5.8000 GHz  windows 35660  with tone 390  worst SNR -48.7 dB | ch1   -0.01 (max dev 0.04)  ch2   +0.01 (max dev 0.05)  ch3   +0.01 (max dev 0.05)
[meter] 18:42:40 2.4000 GHz  windows 35954  with tone 35264  worst SNR -30.6 dB | tone +192023.9 Hz 10000 samples | ch1   +0.02 (max dev 0.09)  ch2   +0.01 (max dev 0.06)  ch3   +0.02 (max dev 0.05)
[meter] 18:42:45 5.8000 GHz  windows 35799  with tone 390  worst SNR -48.7 dB | ch1   -0.01 (max dev 0.04)  ch2   +0.01 (max dev 0.05)  ch3   +0.01 (max dev 0.05)
[meter] 18:42:45 5.2000 GHz  windows 35944  with tone 207  worst SNR -46.3 dB | ch1   +0.00 (max dev 0.04)  ch2   -0.02 (max dev 0.05)  ch3   -0.02 (max dev 0.05)
[meter] 18:42:45 2.4000 GHz  windows 36092  with tone 35402  worst SNR -30.6 dB | tone +192013.9 Hz 10000 samples | ch1   +0.02 (max dev 0.09)  ch2   +0.00 (max dev 0.07)  ch3   +0.01 (max dev 0.06)
[meter] 18:42:50 5.8000 GHz  windows 35938  with tone 390  worst SNR -48.7 dB | ch1   -0.01 (max dev 0.04)  ch2   +0.01 (max dev 0.05)  ch3   +0.01 (max dev 0.05)
[meter] 18:42:50 5.2000 GHz  windows 36082  with tone 207  worst SNR -46.3 dB | ch1   +0.00 (max dev 0.04)  ch2   -0.02 (max dev 0.05)  ch3   -0.02 (max dev 0.05)
[meter] 18:42:50 2.4000 GHz  windows 36230  with tone 35540  worst SNR -30.6 dB | tone +192017.6 Hz 10000 samples | ch1   +0.02 (max dev 0.05)  ch2   +0.01 (max dev 0.06)  ch3   +0.02 (max dev 0.05)
[meter] 18:42:55 5.8000 GHz  windows 36072  with tone 390  worst SNR -48.7 dB | ch1   -0.01 (max dev 0.04)  ch2   +0.01 (max dev 0.05)  ch3   +0.01 (max dev 0.05)
[meter] 18:42:55 5.2000 GHz  windows 36216  with tone 207  worst SNR -46.3 dB | ch1   +0.00 (max dev 0.04)  ch2   -0.02 (max dev 0.05)  ch3   -0.02 (max dev 0.05)
[meter] 18:42:55 2.4000 GHz  windows 36364  with tone 35674  worst SNR -30.6 dB | tone +192008.4 Hz 10000 samples | ch1   +0.02 (max dev 0.07)  ch2   +0.03 (max dev 0.06)  ch3   +0.04 (max dev 0.05)
[meter] 18:43:00 5.8000 GHz  windows 36214  with tone 390  worst SNR -48.7 dB | ch1   -0.01 (max dev 0.04)  ch2   +0.01 (max dev 0.05)  ch3   +0.01 (max dev 0.05)
[meter] 18:43:00 5.2000 GHz  windows 36357  with tone 207  worst SNR -46.3 dB | ch1   +0.00 (max dev 0.04)  ch2   -0.02 (max dev 0.05)  ch3   -0.02 (max dev 0.05)
[meter] 18:43:00 2.4000 GHz  windows 36505  with tone 35815  worst SNR -30.6 dB | tone +192011.7 Hz 10000 samples | ch1   +0.02 (max dev 0.05)  ch2   +0.04 (max dev 0.06)  ch3   +0.05 (max dev 0.04)
[meter] 18:43:05 5.8000 GHz  windows 36353  with tone 390  worst SNR -48.7 dB | ch1   -0.01 (max dev 0.04)  ch2   +0.01 (max dev 0.05)  ch3   +0.01 (max dev 0.05)[meter] 18:43:05 5.2000 GHz  windows 36496  with tone 207  worst SNR -46.3 dB | ch1   +0.00 (max dev 0.04)  ch2   -0.02 (max dev 0.05)  ch3   -0.02 (max dev 0.05)

[meter] 18:43:05 2.4000 GHz  windows 36644  with tone 35954  worst SNR -30.6 dB | tone +192001.0 Hz 10000 samples | ch1   +0.02 (max dev 0.06)  ch2   +0.04 (max dev 0.06)  ch3   +0.05 (max dev 0.05)
[meter] 18:43:10 5.2000 GHz  windows 36635  with tone 207  worst SNR -46.3 dB | ch1   +0.00 (max dev 0.04)  ch2   -0.02 (max dev 0.05)  ch3   -0.02 (max dev 0.05)
[meter] 18:43:10 5.8000 GHz  windows 36492  with tone 390  worst SNR -48.7 dB | ch1   -0.01 (max dev 0.04)  ch2   +0.01 (max dev 0.05)  ch3   +0.01 (max dev 0.05)
[meter] 18:43:10 2.4000 GHz  windows 36782  with tone 36092  worst SNR -30.6 dB | tone +192015.1 Hz 10000 samples | ch1   +0.02 (max dev 0.06)  ch2   +0.04 (max dev 0.05)  ch3   +0.05 (max dev 0.04)
[meter] 18:43:15 5.8000 GHz  windows 36631  with tone 390  worst SNR -48.7 dB | ch1   -0.01 (max dev 0.04)  ch2   +0.01 (max dev 0.05)  ch3   +0.01 (max dev 0.05)
[meter] 18:43:15 5.2000 GHz  windows 36774  with tone 207  worst SNR -46.3 dB | ch1   +0.00 (max dev 0.04)  ch2   -0.02 (max dev 0.05)  ch3   -0.02 (max dev 0.05)
[meter] 18:43:15 2.4000 GHz  windows 36921  with tone 36231  worst SNR -30.6 dB | tone +192010.5 Hz 10000 samples | ch1   +0.02 (max dev 0.07)  ch2   +0.04 (max dev 0.05)  ch3   +0.05 (max dev 0.05)
[meter] 18:43:20 5.2000 GHz  windows 36913  with tone 207  worst SNR -46.3 dB | ch1   +0.00 (max dev 0.04)  ch2   -0.02 (max dev 0.05)  ch3   -0.02 (max dev 0.05)
[meter] 18:43:20 5.8000 GHz  windows 36770  with tone 390  worst SNR -48.7 dB | ch1   -0.01 (max dev 0.04)  ch2   +0.01 (max dev 0.05)  ch3   +0.01 (max dev 0.05)
[meter] 18:43:20 2.4000 GHz  windows 37057  with tone 36367  worst SNR -30.6 dB | tone +191977.9 Hz 10000 samples | ch1   +0.02 (max dev 0.07)  ch2   +0.05 (max dev 0.06)  ch3   +0.06 (max dev 0.04)
[meter] 18:43:25 5.2000 GHz  windows 37052  with tone 207  worst SNR -46.3 dB | ch1   +0.00 (max dev 0.04)  ch2   -0.02 (max dev 0.05)  ch3   -0.02 (max dev 0.05)
[meter] 18:43:25 2.4000 GHz  windows 37196  with tone 36506  worst SNR -30.6 dB | tone +191969.6 Hz 10000 samples | ch1   +0.02 (max dev 0.06)  ch2   +0.05 (max dev 0.06)  ch3   +0.06 (max dev 0.04)
[meter] 18:43:25 5.8000 GHz  windows 36909  with tone 390  worst SNR -48.7 dB | ch1   -0.01 (max dev 0.04)  ch2   +0.01 (max dev 0.05)  ch3   +0.01 (max dev 0.05)
[meter] 18:43:30 5.2000 GHz  windows 37191  with tone 207  worst SNR -46.3 dB | ch1   +0.00 (max dev 0.04)  ch2   -0.02 (max dev 0.05)  ch3   -0.02 (max dev 0.05)
[meter] 18:43:30 5.8000 GHz  windows 37048  with tone 390  worst SNR -48.7 dB | ch1   -0.01 (max dev 0.04)  ch2   +0.01 (max dev 0.05)  ch3   +0.01 (max dev 0.05)
[meter] 18:43:30 2.4000 GHz  windows 37335  with tone 36645  worst SNR -30.6 dB | tone +191951.1 Hz 10000 samples | ch1   +0.01 (max dev 0.05)  ch2   +0.05 (max dev 0.05)  ch3   +0.06 (max dev 0.05)
[meter] 18:43:35 5.2000 GHz  windows 37328  with tone 207  worst SNR -46.3 dB | ch1   +0.00 (max dev 0.04)  ch2   -0.02 (max dev 0.05)  ch3   -0.02 (max dev 0.05)
[meter] 18:43:35 2.4000 GHz  windows 37473  with tone 36783  worst SNR -30.6 dB | tone +191956.1 Hz 10000 samples | ch1   +0.01 (max dev 0.06)  ch2   +0.04 (max dev 0.09)  ch3   +0.05 (max dev 0.04)[meter] 18:43:35 5.8000 GHz  windows 37187  with tone 390  worst SNR -48.7 dB | ch1   -0.01 (max dev 0.04)  ch2   +0.01 (max dev 0.05)  ch3   +0.01 (max dev 0.05)

[meter] 18:43:40 5.2000 GHz  windows 37467  with tone 207  worst SNR -46.3 dB | ch1   +0.00 (max dev 0.04)  ch2   -0.02 (max dev 0.05)  ch3   -0.02 (max dev 0.05)
[meter] 18:43:40 5.8000 GHz  windows 37326  with tone 390  worst SNR -48.7 dB | ch1   -0.01 (max dev 0.04)  ch2   +0.01 (max dev 0.05)  ch3   +0.01 (max dev 0.05)[meter] 18:43:40 2.4000 GHz  windows 37612  with tone 36922  worst SNR -30.6 dB | tone +191966.5 Hz 10000 samples | ch1   +0.02 (max dev 0.06)  ch2   +0.05 (max dev 0.09)  ch3   +0.06 (max dev 0.05)

[meter] 18:43:45 5.8000 GHz  windows 37465  with tone 390  worst SNR -48.7 dB | ch1   -0.01 (max dev 0.04)  ch2   +0.01 (max dev 0.05)  ch3   +0.01 (max dev 0.05)
[meter] 18:43:45 5.2000 GHz  windows 37606  with tone 207  worst SNR -46.3 dB | ch1   +0.00 (max dev 0.04)  ch2   -0.02 (max dev 0.05)  ch3   -0.02 (max dev 0.05)
[meter] 18:43:45 2.4000 GHz  windows 37751  with tone 37061  worst SNR -30.6 dB | tone +191936.1 Hz 10000 samples | ch1   +0.02 (max dev 0.06)  ch2   +0.05 (max dev 0.06)  ch3   +0.06 (max dev 0.04)
[meter] 18:43:50 5.2000 GHz  windows 37745  with tone 207  worst SNR -46.3 dB | ch1   +0.00 (max dev 0.04)  ch2   -0.02 (max dev 0.05)  ch3   -0.02 (max dev 0.05)
[meter] 18:43:50 5.8000 GHz  windows 37604  with tone 390  worst SNR -48.7 dB | ch1   -0.01 (max dev 0.04)  ch2   +0.01 (max dev 0.05)  ch3   +0.01 (max dev 0.05)[meter] 18:43:50 2.4000 GHz  windows 37890  with tone 37200  worst SNR -30.6 dB | tone +191943.3 Hz 10000 samples | ch1   +0.02 (max dev 0.06)  ch2   +0.05 (max dev 0.06)  ch3   +0.06 (max dev 0.05)

[meter] 18:43:55 5.8000 GHz  windows 37743  with tone 390  worst SNR -48.7 dB | ch1   -0.01 (max dev 0.04)  ch2   +0.01 (max dev 0.05)  ch3   +0.01 (max dev 0.05)
[meter] 18:43:55 5.2000 GHz  windows 37883  with tone 207  worst SNR -46.3 dB | ch1   +0.00 (max dev 0.04)  ch2   -0.02 (max dev 0.05)  ch3   -0.02 (max dev 0.05)
[meter] 18:43:55 2.4000 GHz  windows 38028  with tone 37338  worst SNR -30.6 dB | tone +191960.2 Hz 10000 samples | ch1   +0.02 (max dev 0.07)  ch2   +0.04 (max dev 0.06)  ch3   +0.05 (max dev 0.05)
[meter] 18:44:00 5.2000 GHz  windows 38022  with tone 207  worst SNR -46.3 dB | ch1   +0.00 (max dev 0.04)  ch2   -0.02 (max dev 0.05)  ch3   -0.02 (max dev 0.05)
[meter] 18:44:00 5.8000 GHz  windows 37882  with tone 390  worst SNR -48.7 dB | ch1   -0.01 (max dev 0.04)  ch2   +0.01 (max dev 0.05)  ch3   +0.01 (max dev 0.05)
[meter] 18:44:00 2.4000 GHz  windows 38167  with tone 37477  worst SNR -30.6 dB | tone +191958.1 Hz 10000 samples | ch1   +0.02 (max dev 0.06)  ch2   +0.02 (max dev 0.05)  ch3   +0.03 (max dev 0.04)
[meter] 18:44:05 5.2000 GHz  windows 38161  with tone 207  worst SNR -46.3 dB | ch1   +0.00 (max dev 0.04)  ch2   -0.02 (max dev 0.05)  ch3   -0.02 (max dev 0.05)
[meter] 18:44:05 2.4000 GHz  windows 38306  with tone 37616  worst SNR -30.6 dB | tone +191933.0 Hz 10000 samples | ch1   +0.02 (max dev 0.07)  ch2   +0.02 (max dev 0.05)  ch3   +0.04 (max dev 0.05)
[meter] 18:44:05 5.8000 GHz  windows 38021  with tone 390  worst SNR -48.7 dB | ch1   -0.01 (max dev 0.04)  ch2   +0.01 (max dev 0.05)  ch3   +0.01 (max dev 0.05)
[meter] 18:44:10 5.2000 GHz  windows 38281  with tone 207  worst SNR -46.3 dB | ch1   +0.00 (max dev 0.04)  ch2   -0.02 (max dev 0.05)  ch3   -0.02 (max dev 0.05)
[meter] 18:44:10 2.4000 GHz  windows 38423  with tone 37733  worst SNR -30.6 dB | tone +191931.3 Hz 10000 samples | ch1   +0.02 (max dev 0.07)  ch2   +0.03 (max dev 0.11)  ch3   +0.05 (max dev 0.05)[meter] 18:44:10 5.8000 GHz  windows 38146  with tone 390  worst SNR -48.7 dB | ch1   -0.01 (max dev 0.04)  ch2   +0.01 (max dev 0.05)  ch3   +0.01 (max dev 0.05)

[meter] 18:44:15 5.2000 GHz  windows 38430  with tone 207  worst SNR -46.3 dB | ch1   +0.00 (max dev 0.04)  ch2   -0.02 (max dev 0.05)  ch3   -0.02 (max dev 0.05)[meter] 18:44:15 2.4000 GHz  windows 38572  with tone 37882  worst SNR -30.6 dB | tone +191922.0 Hz 10000 samples | ch1   +0.02 (max dev 0.07)  ch2   +0.04 (max dev 0.11)  ch3   +0.05 (max dev 0.05)

[meter] 18:44:15 5.8000 GHz  windows 38294  with tone 390  worst SNR -48.7 dB | ch1   -0.01 (max dev 0.04)  ch2   +0.01 (max dev 0.05)  ch3   +0.01 (max dev 0.05)
[meter] 18:44:20 5.8000 GHz  windows 38437  with tone 390  worst SNR -48.7 dB | ch1   -0.01 (max dev 0.04)  ch2   +0.01 (max dev 0.05)  ch3   +0.01 (max dev 0.05)
[meter] 18:44:20 5.2000 GHz  windows 38572  with tone 207  worst SNR -46.3 dB | ch1   +0.00 (max dev 0.04)  ch2   -0.02 (max dev 0.05)  ch3   -0.02 (max dev 0.05)[meter] 18:44:20 2.4000 GHz  windows 38715  with tone 38025  worst SNR -30.6 dB | tone +191927.0 Hz 10000 samples | ch1   +0.02 (max dev 0.06)  ch2   +0.04 (max dev 0.05)  ch3   +0.06 (max dev 0.04)

[meter] 18:44:25 2.4000 GHz  windows 38854  with tone 38164  worst SNR -30.6 dB | tone +191920.4 Hz 10000 samples | ch1   +0.02 (max dev 0.05)  ch2   +0.05 (max dev 0.06)  ch3   +0.06 (max dev 0.06)
[meter] 18:44:25 5.2000 GHz  windows 38711  with tone 207  worst SNR -46.3 dB | ch1   +0.00 (max dev 0.04)  ch2   -0.02 (max dev 0.05)  ch3   -0.02 (max dev 0.05)
[meter] 18:44:25 5.8000 GHz  windows 38576  with tone 390  worst SNR -48.7 dB | ch1   -0.01 (max dev 0.04)  ch2   +0.01 (max dev 0.05)  ch3   +0.01 (max dev 0.05)
[meter] 18:44:30 5.2000 GHz  windows 38850  with tone 207  worst SNR -46.3 dB | ch1   +0.00 (max dev 0.04)  ch2   -0.02 (max dev 0.05)  ch3   -0.02 (max dev 0.05)
[meter] 18:44:30 5.8000 GHz  windows 38714  with tone 390  worst SNR -48.7 dB | ch1   -0.01 (max dev 0.04)  ch2   +0.01 (max dev 0.05)  ch3   +0.01 (max dev 0.05)
[meter] 18:44:30 2.4000 GHz  windows 38991  with tone 38301  worst SNR -30.6 dB | tone +191917.6 Hz 10000 samples | ch1   +0.02 (max dev 0.07)  ch2   +0.05 (max dev 0.06)  ch3   +0.06 (max dev 0.06)
[meter] 18:44:35 5.2000 GHz  windows 38989  with tone 207  worst SNR -46.3 dB | ch1   +0.00 (max dev 0.04)  ch2   -0.02 (max dev 0.05)  ch3   -0.02 (max dev 0.05)
[meter] 18:44:35 5.8000 GHz  windows 38853  with tone 390  worst SNR -48.7 dB | ch1   -0.01 (max dev 0.04)  ch2   +0.01 (max dev 0.05)  ch3   +0.01 (max dev 0.05)
[meter] 18:44:35 2.4000 GHz  windows 39130  with tone 38440  worst SNR -30.6 dB | tone +191919.7 Hz 10000 samples | ch1   +0.03 (max dev 0.07)  ch2   +0.05 (max dev 0.05)  ch3   +0.06 (max dev 0.05)
[meter] 18:44:40 2.4000 GHz  windows 39268  with tone 38578  worst SNR -30.6 dB | tone +191908.7 Hz 10000 samples | ch1   +0.03 (max dev 0.07)  ch2   +0.04 (max dev 0.06)  ch3   +0.06 (max dev 0.05)
[meter] 18:44:40 5.8000 GHz  windows 38991  with tone 390  worst SNR -48.7 dB | ch1   -0.01 (max dev 0.04)  ch2   +0.01 (max dev 0.05)  ch3   +0.01 (max dev 0.05)
[meter] 18:44:40 5.2000 GHz  windows 39128  with tone 207  worst SNR -46.3 dB | ch1   +0.00 (max dev 0.04)  ch2   -0.02 (max dev 0.05)  ch3   -0.02 (max dev 0.05)
[meter] 18:44:45 5.8000 GHz  windows 39130  with tone 390  worst SNR -48.7 dB | ch1   -0.01 (max dev 0.04)  ch2   +0.01 (max dev 0.05)  ch3   +0.01 (max dev 0.05)
[meter] 18:44:45 5.2000 GHz  windows 39267  with tone 207  worst SNR -46.3 dB | ch1   +0.00 (max dev 0.04)  ch2   -0.02 (max dev 0.05)  ch3   -0.02 (max dev 0.05)
[meter] 18:44:45 2.4000 GHz  windows 39407  with tone 38717  worst SNR -30.6 dB | tone +191906.5 Hz 10000 samples | ch1   +0.02 (max dev 0.07)  ch2   +0.04 (max dev 0.05)  ch3   +0.06 (max dev 0.04)
[meter] 18:44:50 5.2000 GHz  windows 39406  with tone 207  worst SNR -46.3 dB | ch1   +0.00 (max dev 0.04)  ch2   -0.02 (max dev 0.05)  ch3   -0.02 (max dev 0.05)
[meter] 18:44:50 5.8000 GHz  windows 39269  with tone 390  worst SNR -48.7 dB | ch1   -0.01 (max dev 0.04)  ch2   +0.01 (max dev 0.05)  ch3   +0.01 (max dev 0.05)
[meter] 18:44:50 2.4000 GHz  windows 39546  with tone 38856  worst SNR -30.6 dB | tone +191914.6 Hz 10000 samples | ch1   +0.02 (max dev 0.07)  ch2   +0.04 (max dev 0.06)  ch3   +0.06 (max dev 0.04)
[meter] 18:44:55 5.8000 GHz  windows 39408  with tone 390  worst SNR -48.7 dB | ch1   -0.01 (max dev 0.04)  ch2   +0.01 (max dev 0.05)  ch3   +0.01 (max dev 0.05)
[meter] 18:44:55 2.4000 GHz  windows 39685  with tone 38995  worst SNR -30.6 dB | tone +191918.1 Hz 10000 samples | ch1   +0.02 (max dev 0.05)  ch2   +0.05 (max dev 0.05)  ch3   +0.06 (max dev 0.05)
[meter] 18:44:55 5.2000 GHz  windows 39545  with tone 207  worst SNR -46.3 dB | ch1   +0.00 (max dev 0.04)  ch2   -0.02 (max dev 0.05)  ch3   -0.02 (max dev 0.05)
[meter] 18:45:00 5.2000 GHz  windows 39684  with tone 207  worst SNR -46.3 dB | ch1   +0.00 (max dev 0.04)  ch2   -0.02 (max dev 0.05)  ch3   -0.02 (max dev 0.05)
[meter] 18:45:00 2.4000 GHz  windows 39824  with tone 39134  worst SNR -30.6 dB | tone +191903.7 Hz 10000 samples | ch1   +0.02 (max dev 0.06)  ch2   +0.05 (max dev 0.05)  ch3   +0.06 (max dev 0.05)
[meter] 18:45:00 5.8000 GHz  windows 39547  with tone 390  worst SNR -48.7 dB | ch1   -0.01 (max dev 0.04)  ch2   +0.01 (max dev 0.05)  ch3   +0.01 (max dev 0.05)
[meter] 18:45:05 2.4000 GHz  windows 39963  with tone 39273  worst SNR -30.6 dB | tone +191908.3 Hz 10000 samples | ch1   +0.02 (max dev 0.06)  ch2   +0.07 (max dev 0.80)  ch3   +0.07 (max dev 0.07)
[meter] 18:45:05 5.8000 GHz  windows 39686  with tone 390  worst SNR -48.7 dB | ch1   -0.01 (max dev 0.04)  ch2   +0.01 (max dev 0.05)  ch3   +0.01 (max dev 0.05)
[meter] 18:45:05 5.2000 GHz  windows 39823  with tone 207  worst SNR -46.3 dB | ch1   +0.00 (max dev 0.04)  ch2   -0.02 (max dev 0.05)  ch3   -0.02 (max dev 0.05)
[meter] 18:45:10 5.2000 GHz  windows 39962  with tone 207  worst SNR -46.3 dB | ch1   +0.00 (max dev 0.04)  ch2   -0.02 (max dev 0.05)  ch3   -0.02 (max dev 0.05)
[meter] 18:45:10 5.8000 GHz  windows 39825  with tone 390  worst SNR -48.7 dB | ch1   -0.01 (max dev 0.04)  ch2   +0.01 (max dev 0.05)  ch3   +0.01 (max dev 0.05)
[meter] 18:45:10 2.4000 GHz  windows 40102  with tone 39412  worst SNR -30.6 dB | tone +191914.4 Hz 10000 samples | ch1   +0.02 (max dev 0.06)  ch2   +0.07 (max dev 0.80)  ch3   +0.07 (max dev 0.06)
[meter] 18:45:15 5.2000 GHz  windows 40101  with tone 207  worst SNR -46.3 dB | ch1   +0.00 (max dev 0.04)  ch2   -0.02 (max dev 0.05)  ch3   -0.02 (max dev 0.05)
[meter] 18:45:15 5.8000 GHz  windows 39963  with tone 390  worst SNR -48.7 dB | ch1   -0.01 (max dev 0.04)  ch2   +0.01 (max dev 0.05)  ch3   +0.01 (max dev 0.05)[meter] 18:45:15 2.4000 GHz  windows 40240  with tone 39550  worst SNR -30.6 dB | tone +191910.9 Hz 10000 samples | ch1   +0.02 (max dev 0.06)  ch2   +0.10 (max dev 1.43)  ch3   +0.08 (max dev 0.08)

[meter] 18:45:20 5.2000 GHz  windows 40240  with tone 207  worst SNR -46.3 dB | ch1   +0.00 (max dev 0.04)  ch2   -0.02 (max dev 0.05)  ch3   -0.02 (max dev 0.05)
[meter] 18:45:20 5.8000 GHz  windows 40103  with tone 390  worst SNR -48.7 dB | ch1   -0.01 (max dev 0.04)  ch2   +0.01 (max dev 0.05)  ch3   +0.01 (max dev 0.05)
[meter] 18:45:20 2.4000 GHz  windows 40379  with tone 39689  worst SNR -30.6 dB | tone +191906.4 Hz 10000 samples | ch1   +0.02 (max dev 0.06)  ch2   +0.09 (max dev 1.77)  ch3   +0.09 (max dev 0.07)
[meter] 18:45:25 5.2000 GHz  windows 40379  with tone 207  worst SNR -46.3 dB | ch1   +0.00 (max dev 0.04)  ch2   -0.02 (max dev 0.05)  ch3   -0.02 (max dev 0.05)
[meter] 18:45:25 5.8000 GHz  windows 40242  with tone 390  worst SNR -48.7 dB | ch1   -0.01 (max dev 0.04)  ch2   +0.01 (max dev 0.05)  ch3   +0.01 (max dev 0.05)
[meter] 18:45:25 2.4000 GHz  windows 40518  with tone 39828  worst SNR -30.6 dB | tone +191899.8 Hz 10000 samples | ch1   +0.02 (max dev 0.05)  ch2   +0.09 (max dev 1.78)  ch3   +0.08 (max dev 0.07)
[meter] 18:45:30 5.2000 GHz  windows 40518  with tone 207  worst SNR -46.3 dB | ch1   +0.00 (max dev 0.04)  ch2   -0.02 (max dev 0.05)  ch3   -0.02 (max dev 0.05)
[meter] 18:45:30 5.8000 GHz  windows 40381  with tone 390  worst SNR -48.7 dB | ch1   -0.01 (max dev 0.04)  ch2   +0.01 (max dev 0.05)  ch3   +0.01 (max dev 0.05)[meter] 18:45:30 2.4000 GHz  windows 40657  with tone 39967  worst SNR -30.6 dB | tone +191906.7 Hz 10000 samples | ch1   +0.02 (max dev 0.07)  ch2   +0.07 (max dev 0.15)  ch3   +0.08 (max dev 0.05)

[meter] 18:45:35 5.8000 GHz  windows 40520  with tone 390  worst SNR -48.7 dB | ch1   -0.01 (max dev 0.04)  ch2   +0.01 (max dev 0.05)  ch3   +0.01 (max dev 0.05)
[meter] 18:45:35 5.2000 GHz  windows 40657  with tone 207  worst SNR -46.3 dB | ch1   +0.00 (max dev 0.04)  ch2   -0.02 (max dev 0.05)  ch3   -0.02 (max dev 0.05)
[meter] 18:45:35 2.4000 GHz  windows 40795  with tone 40105  worst SNR -30.6 dB | tone +191934.0 Hz 10000 samples | ch1   +0.03 (max dev 0.07)  ch2   +0.12 (max dev 1.50)  ch3   +0.09 (max dev 0.08)
[meter] 18:45:40 5.2000 GHz  windows 40796  with tone 207  worst SNR -46.3 dB | ch1   +0.00 (max dev 0.04)  ch2   -0.02 (max dev 0.05)  ch3   -0.02 (max dev 0.05)
[meter] 18:45:40 5.8000 GHz  windows 40659  with tone 390  worst SNR -48.7 dB | ch1   -0.01 (max dev 0.04)  ch2   +0.01 (max dev 0.05)  ch3   +0.01 (max dev 0.05)
[meter] 18:45:40 2.4000 GHz  windows 40934  with tone 40244  worst SNR -30.6 dB | tone +191912.4 Hz 10000 samples | ch1   +0.02 (max dev 0.07)  ch2   +0.11 (max dev 1.52)  ch3   +0.09 (max dev 0.08)
[meter] 18:45:45 5.8000 GHz  windows 40798  with tone 390  worst SNR -48.7 dB | ch1   -0.01 (max dev 0.04)  ch2   +0.01 (max dev 0.05)  ch3   +0.01 (max dev 0.05)
[meter] 18:45:45 2.4000 GHz  windows 41073  with tone 40383  worst SNR -30.6 dB | tone +191923.0 Hz 10000 samples | ch1   +0.02 (max dev 0.07)  ch2   +0.07 (max dev 0.67)  ch3   +0.08 (max dev 0.05)
[meter] 18:45:45 5.2000 GHz  windows 40935  with tone 207  worst SNR -46.3 dB | ch1   +0.00 (max dev 0.04)  ch2   -0.02 (max dev 0.05)  ch3   -0.02 (max dev 0.05)
[meter] 18:45:50 5.2000 GHz  windows 41074  with tone 207  worst SNR -46.3 dB | ch1   +0.00 (max dev 0.04)  ch2   -0.02 (max dev 0.05)  ch3   -0.02 (max dev 0.05)
[meter] 18:45:50 5.8000 GHz  windows 40937  with tone 390  worst SNR -48.7 dB | ch1   -0.01 (max dev 0.04)  ch2   +0.01 (max dev 0.05)  ch3   +0.01 (max dev 0.05)[meter] 18:45:50 2.4000 GHz  windows 41212  with tone 40522  worst SNR -30.6 dB | tone +191928.0 Hz 10000 samples | ch1   +0.02 (max dev 0.06)  ch2   +0.09 (max dev 1.62)  ch3   +0.08 (max dev 0.06)

[meter] 18:45:55 2.4000 GHz  windows 41351  with tone 40661  worst SNR -30.6 dB | tone +191924.8 Hz 10000 samples | ch1   +0.02 (max dev 0.06)  ch2   +0.07 (max dev 1.10)  ch3   +0.07 (max dev 0.04)
[meter] 18:45:55 5.2000 GHz  windows 41213  with tone 207  worst SNR -46.3 dB | ch1   +0.00 (max dev 0.04)  ch2   -0.02 (max dev 0.05)  ch3   -0.02 (max dev 0.05)
[meter] 18:45:55 5.8000 GHz  windows 41076  with tone 390  worst SNR -48.7 dB | ch1   -0.01 (max dev 0.04)  ch2   +0.01 (max dev 0.05)  ch3   +0.01 (max dev 0.05)
[meter] 18:46:00 5.2000 GHz  windows 41352  with tone 207  worst SNR -46.3 dB | ch1   +0.00 (max dev 0.04)  ch2   -0.02 (max dev 0.05)  ch3   -0.02 (max dev 0.05)
[meter] 18:46:00 2.4000 GHz  windows 41490  with tone 40800  worst SNR -30.6 dB | tone +191908.8 Hz 10000 samples | ch1   +0.02 (max dev 0.05)  ch2   +0.07 (max dev 1.11)  ch3   +0.08 (max dev 0.04)
[meter] 18:46:00 5.8000 GHz  windows 41215  with tone 390  worst SNR -48.7 dB | ch1   -0.01 (max dev 0.04)  ch2   +0.01 (max dev 0.05)  ch3   +0.01 (max dev 0.05)
[meter] 18:46:05 5.8000 GHz  windows 41354  with tone 390  worst SNR -48.7 dB | ch1   -0.01 (max dev 0.04)  ch2   +0.01 (max dev 0.05)  ch3   +0.01 (max dev 0.05)
[meter] 18:46:05 2.4000 GHz  windows 41629  with tone 40939  worst SNR -30.6 dB | tone +191930.3 Hz 10000 samples | ch1   +0.02 (max dev 0.06)  ch2   +0.08 (max dev 0.55)  ch3   +0.08 (max dev 0.05)
[meter] 18:46:05 5.2000 GHz  windows 41491  with tone 207  worst SNR -46.3 dB | ch1   +0.00 (max dev 0.04)  ch2   -0.02 (max dev 0.05)  ch3   -0.02 (max dev 0.05)
[meter] 18:46:10 5.8000 GHz  windows 41493  with tone 390  worst SNR -48.7 dB | ch1   -0.01 (max dev 0.04)  ch2   +0.01 (max dev 0.05)  ch3   +0.01 (max dev 0.05)
[meter] 18:46:10 2.4000 GHz  windows 41768  with tone 41078  worst SNR -30.6 dB | tone +191909.6 Hz 10000 samples | ch1   +0.02 (max dev 0.06)  ch2   +0.13 (max dev 2.09)  ch3   +0.09 (max dev 0.09)[meter] 18:46:10 5.2000 GHz  windows 41630  with tone 207  worst SNR -46.3 dB | ch1   +0.00 (max dev 0.04)  ch2   -0.02 (max dev 0.05)  ch3   -0.02 (max dev 0.05)

[meter] 18:46:15 5.2000 GHz  windows 41769  with tone 207  worst SNR -46.3 dB | ch1   +0.00 (max dev 0.04)  ch2   -0.02 (max dev 0.05)  ch3   -0.02 (max dev 0.05)
[meter] 18:46:15 2.4000 GHz  windows 41907  with tone 41217  worst SNR -30.6 dB | tone +191905.0 Hz 10000 samples | ch1   +0.02 (max dev 0.06)  ch2   +0.12 (max dev 2.10)  ch3   +0.10 (max dev 0.09)
[meter] 18:46:15 5.8000 GHz  windows 41632  with tone 390  worst SNR -48.7 dB | ch1   -0.01 (max dev 0.04)  ch2   +0.01 (max dev 0.05)  ch3   +0.01 (max dev 0.05)
[meter] 18:46:20 5.8000 GHz  windows 41771  with tone 390  worst SNR -48.7 dB | ch1   -0.01 (max dev 0.04)  ch2   +0.01 (max dev 0.05)  ch3   +0.01 (max dev 0.05)
[meter] 18:46:20 2.4000 GHz  windows 42046  with tone 41356  worst SNR -30.6 dB | tone +191900.2 Hz 10000 samples | ch1   +0.02 (max dev 0.06)  ch2   +0.09 (max dev 1.19)  ch3   +0.09 (max dev 0.05)
[meter] 18:46:20 5.2000 GHz  windows 41908  with tone 207  worst SNR -46.3 dB | ch1   +0.00 (max dev 0.04)  ch2   -0.02 (max dev 0.05)  ch3   -0.02 (max dev 0.05)
[meter] 18:46:25 5.2000 GHz  windows 42047  with tone 207  worst SNR -46.3 dB | ch1   +0.00 (max dev 0.04)  ch2   -0.02 (max dev 0.05)  ch3   -0.02 (max dev 0.05)
[meter] 18:46:25 2.4000 GHz  windows 42185  with tone 41495  worst SNR -30.6 dB | tone +191899.6 Hz 10000 samples | ch1   +0.02 (max dev 0.07)  ch2   +0.08 (max dev 0.53)  ch3   +0.09 (max dev 0.05)
[meter] 18:46:25 5.8000 GHz  windows 41910  with tone 390  worst SNR -48.7 dB | ch1   -0.01 (max dev 0.04)  ch2   +0.01 (max dev 0.05)  ch3   +0.01 (max dev 0.05)
[meter] 18:46:30 5.2000 GHz  windows 42186  with tone 207  worst SNR -46.3 dB | ch1   +0.00 (max dev 0.04)  ch2   -0.02 (max dev 0.05)  ch3   -0.02 (max dev 0.05)
[meter] 18:46:30 2.4000 GHz  windows 42324  with tone 41634  worst SNR -30.6 dB | tone +191908.6 Hz 10000 samples | ch1   +0.02 (max dev 0.07)  ch2   +0.10 (max dev 2.21)  ch3   +0.09 (max dev 0.11)
[meter] 18:46:30 5.8000 GHz  windows 42049  with tone 390  worst SNR -48.7 dB | ch1   -0.01 (max dev 0.04)  ch2   +0.01 (max dev 0.05)  ch3   +0.01 (max dev 0.05)
[meter] 18:46:35 5.2000 GHz  windows 42325  with tone 207  worst SNR -46.3 dB | ch1   +0.00 (max dev 0.04)  ch2   -0.02 (max dev 0.05)  ch3   -0.02 (max dev 0.05)
[meter] 18:46:35 2.4000 GHz  windows 42463  with tone 41773  worst SNR -30.6 dB | tone +191908.1 Hz 10000 samples | ch1   +0.02 (max dev 0.06)  ch2   +0.09 (max dev 0.60)  ch3   +0.09 (max dev 0.05)[meter] 18:46:35 5.8000 GHz  windows 42188  with tone 390  worst SNR -48.7 dB | ch1   -0.01 (max dev 0.04)  ch2   +0.01 (max dev 0.05)  ch3   +0.01 (max dev 0.05)

[meter] 18:46:40 5.8000 GHz  windows 42327  with tone 390  worst SNR -48.7 dB | ch1   -0.01 (max dev 0.04)  ch2   +0.01 (max dev 0.05)  ch3   +0.01 (max dev 0.05)
[meter] 18:46:40 2.4000 GHz  windows 42602  with tone 41912  worst SNR -30.6 dB | tone +191881.5 Hz 10000 samples | ch1   +0.02 (max dev 0.09)  ch2   +0.08 (max dev 0.60)  ch3   +0.09 (max dev 0.06)
[meter] 18:46:40 5.2000 GHz  windows 42464  with tone 207  worst SNR -46.3 dB | ch1   +0.00 (max dev 0.04)  ch2   -0.02 (max dev 0.05)  ch3   -0.02 (max dev 0.05)
[meter] 18:46:45 5.8000 GHz  windows 42466  with tone 390  worst SNR -48.7 dB | ch1   -0.01 (max dev 0.04)  ch2   +0.01 (max dev 0.05)  ch3   +0.01 (max dev 0.05)
[meter] 18:46:45 5.2000 GHz  windows 42603  with tone 207  worst SNR -46.3 dB | ch1   +0.00 (max dev 0.04)  ch2   -0.02 (max dev 0.05)  ch3   -0.02 (max dev 0.05)[meter] 18:46:45 2.4000 GHz  windows 42741  with tone 42051  worst SNR -30.6 dB | tone +191891.0 Hz 10000 samples | ch1   +0.02 (max dev 0.08)  ch2   +0.08 (max dev 0.49)  ch3   +0.09 (max dev 0.06)

[meter] 18:46:50 5.2000 GHz  windows 42742  with tone 207  worst SNR -46.3 dB | ch1   +0.00 (max dev 0.04)  ch2   -0.02 (max dev 0.05)  ch3   -0.02 (max dev 0.05)[meter] 18:46:50 2.4000 GHz  windows 42880  with tone 42190  worst SNR -30.6 dB | tone +191869.6 Hz 10000 samples | ch1   +0.02 (max dev 0.07)  ch2   +0.09 (max dev 0.47)  ch3   +0.09 (max dev 0.05)

[meter] 18:46:50 5.8000 GHz  windows 42605  with tone 390  worst SNR -48.7 dB | ch1   -0.01 (max dev 0.04)  ch2   +0.01 (max dev 0.05)  ch3   +0.01 (max dev 0.05)
[meter] 18:46:55 2.4000 GHz  windows 43019  with tone 42329  worst SNR -30.6 dB | tone +191870.6 Hz 10000 samples | ch1   +0.02 (max dev 0.07)  ch2   +0.08 (max dev 0.93)  ch3   +0.08 (max dev 0.06)
[meter] 18:46:55 5.2000 GHz  windows 42881  with tone 207  worst SNR -46.3 dB | ch1   +0.00 (max dev 0.04)  ch2   -0.02 (max dev 0.05)  ch3   -0.02 (max dev 0.05)
[meter] 18:46:55 5.8000 GHz  windows 42744  with tone 390  worst SNR -48.7 dB | ch1   -0.01 (max dev 0.04)  ch2   +0.01 (max dev 0.05)  ch3   +0.01 (max dev 0.05)
[meter] 18:47:00 5.2000 GHz  windows 43020  with tone 207  worst SNR -46.3 dB | ch1   +0.00 (max dev 0.04)  ch2   -0.02 (max dev 0.05)  ch3   -0.02 (max dev 0.05)
[meter] 18:47:00 5.8000 GHz  windows 42883  with tone 390  worst SNR -48.7 dB | ch1   -0.01 (max dev 0.04)  ch2   +0.01 (max dev 0.05)  ch3   +0.01 (max dev 0.05)
[meter] 18:47:00 2.4000 GHz  windows 43158  with tone 42468  worst SNR -30.6 dB | tone +191879.8 Hz 10000 samples | ch1   +0.02 (max dev 0.06)  ch2   +0.07 (max dev 0.45)  ch3   +0.08 (max dev 0.05)
[meter] 18:47:05 5.2000 GHz  windows 43159  with tone 207  worst SNR -46.3 dB | ch1   +0.00 (max dev 0.04)  ch2   -0.02 (max dev 0.05)  ch3   -0.02 (max dev 0.05)
[meter] 18:47:05 2.4000 GHz  windows 43296  with tone 42606  worst SNR -30.6 dB | tone +191875.0 Hz 10000 samples | ch1   +0.03 (max dev 0.07)  ch2   +0.10 (max dev 2.01)  ch3   +0.08 (max dev 0.10)[meter] 18:47:05 5.8000 GHz  windows 43022  with tone 390  worst SNR -48.7 dB | ch1   -0.01 (max dev 0.04)  ch2   +0.01 (max dev 0.05)  ch3   +0.01 (max dev 0.05)

[meter] 18:47:10 2.4000 GHz  windows 43435  with tone 42745  worst SNR -30.6 dB | tone +191876.0 Hz 10000 samples | ch1   +0.02 (max dev 0.07)  ch2   +0.09 (max dev 2.01)  ch3   +0.08 (max dev 0.10)
[meter] 18:47:10 5.8000 GHz  windows 43161  with tone 390  worst SNR -48.7 dB | ch1   -0.01 (max dev 0.04)  ch2   +0.01 (max dev 0.05)  ch3   +0.01 (max dev 0.05)[meter] 18:47:10 5.2000 GHz  windows 43298  with tone 207  worst SNR -46.3 dB | ch1   +0.00 (max dev 0.04)  ch2   -0.02 (max dev 0.05)  ch3   -0.02 (max dev 0.05)

[meter] 18:47:15 5.8000 GHz  windows 43300  with tone 390  worst SNR -48.7 dB | ch1   -0.01 (max dev 0.04)  ch2   +0.01 (max dev 0.05)  ch3   +0.01 (max dev 0.05)
[meter] 18:47:15 5.2000 GHz  windows 43437  with tone 207  worst SNR -46.3 dB | ch1   +0.00 (max dev 0.04)  ch2   -0.02 (max dev 0.05)  ch3   -0.02 (max dev 0.05)[meter] 18:47:15 2.4000 GHz  windows 43574  with tone 42884  worst SNR -30.6 dB | tone +191886.1 Hz 10000 samples | ch1   +0.03 (max dev 0.05)  ch2   +0.08 (max dev 0.54)  ch3   +0.08 (max dev 0.05)

[meter] 18:47:20 5.8000 GHz  windows 43439  with tone 390  worst SNR -48.7 dB | ch1   -0.01 (max dev 0.04)  ch2   +0.01 (max dev 0.05)  ch3   +0.01 (max dev 0.05)
[meter] 18:47:20 2.4000 GHz  windows 43713  with tone 43023  worst SNR -30.6 dB | tone +191888.7 Hz 10000 samples | ch1   +0.03 (max dev 0.06)  ch2   +0.10 (max dev 1.74)  ch3   +0.08 (max dev 0.08)
[meter] 18:47:20 5.2000 GHz  windows 43576  with tone 207  worst SNR -46.3 dB | ch1   +0.00 (max dev 0.04)  ch2   -0.02 (max dev 0.05)  ch3   -0.02 (max dev 0.05)
[meter] 18:47:25 5.2000 GHz  windows 43715  with tone 207  worst SNR -46.3 dB | ch1   +0.00 (max dev 0.04)  ch2   -0.02 (max dev 0.05)  ch3   -0.02 (max dev 0.05)
[meter] 18:47:25 5.8000 GHz  windows 43578  with tone 390  worst SNR -48.7 dB | ch1   -0.01 (max dev 0.04)  ch2   +0.01 (max dev 0.05)  ch3   +0.01 (max dev 0.05)
[meter] 18:47:25 2.4000 GHz  windows 43852  with tone 43162  worst SNR -30.6 dB | tone +191901.9 Hz 10000 samples | ch1   +0.03 (max dev 0.06)  ch2   +0.08 (max dev 1.76)  ch3   +0.08 (max dev 0.08)
[meter] 18:47:30 5.2000 GHz  windows 43854  with tone 207  worst SNR -46.3 dB | ch1   +0.00 (max dev 0.04)  ch2   -0.02 (max dev 0.05)  ch3   -0.02 (max dev 0.05)
[meter] 18:47:30 2.4000 GHz  windows 43991  with tone 43301  worst SNR -30.6 dB | tone +191903.6 Hz 10000 samples | ch1   +0.03 (max dev 0.05)  ch2   +0.10 (max dev 2.11)  ch3   +0.08 (max dev 0.11)
[meter] 18:47:30 5.8000 GHz  windows 43717  with tone 390  worst SNR -48.7 dB | ch1   -0.01 (max dev 0.04)  ch2   +0.01 (max dev 0.05)  ch3   +0.01 (max dev 0.05)
[meter] 18:47:35 2.4000 GHz  windows 44130  with tone 43440  worst SNR -30.6 dB | tone +191887.5 Hz 10000 samples | ch1   +0.03 (max dev 0.05)  ch2   +0.08 (max dev 0.78)  ch3   +0.08 (max dev 0.05)
[meter] 18:47:35 5.8000 GHz  windows 43856  with tone 390  worst SNR -48.7 dB | ch1   -0.01 (max dev 0.04)  ch2   +0.01 (max dev 0.05)  ch3   +0.01 (max dev 0.05)
[meter] 18:47:35 5.2000 GHz  windows 43993  with tone 207  worst SNR -46.3 dB | ch1   +0.00 (max dev 0.04)  ch2   -0.02 (max dev 0.05)  ch3   -0.02 (max dev 0.05)
[meter] 18:47:40 5.8000 GHz  windows 43995  with tone 390  worst SNR -48.7 dB | ch1   -0.01 (max dev 0.04)  ch2   +0.01 (max dev 0.05)  ch3   +0.01 (max dev 0.05)
[meter] 18:47:40 5.2000 GHz  windows 44132  with tone 207  worst SNR -46.3 dB | ch1   +0.00 (max dev 0.04)  ch2   -0.02 (max dev 0.05)  ch3   -0.02 (max dev 0.05)
[meter] 18:47:40 2.4000 GHz  windows 44269  with tone 43579  worst SNR -30.6 dB | tone +191883.3 Hz 10000 samples | ch1   +0.03 (max dev 0.06)  ch2   +0.08 (max dev 0.77)  ch3   +0.08 (max dev 0.04)
[meter] 18:47:45 2.4000 GHz  windows 44408  with tone 43718  worst SNR -30.6 dB | tone +191885.6 Hz 10000 samples | ch1   +0.03 (max dev 0.06)  ch2   +0.10 (max dev 1.59)  ch3   +0.08 (max dev 0.06)
[meter] 18:47:45 5.8000 GHz  windows 44134  with tone 390  worst SNR -48.7 dB | ch1   -0.01 (max dev 0.04)  ch2   +0.01 (max dev 0.05)  ch3   +0.01 (max dev 0.05)[meter] 18:47:45 5.2000 GHz  windows 44271  with tone 207  worst SNR -46.3 dB | ch1   +0.00 (max dev 0.04)  ch2   -0.02 (max dev 0.05)  ch3   -0.02 (max dev 0.05)

[meter] 18:47:50 5.2000 GHz  windows 44410  with tone 207  worst SNR -46.3 dB | ch1   +0.00 (max dev 0.04)  ch2   -0.02 (max dev 0.05)  ch3   -0.02 (max dev 0.05)
[meter] 18:47:50 2.4000 GHz  windows 44547  with tone 43857  worst SNR -30.6 dB | tone +191866.3 Hz 10000 samples | ch1   +0.03 (max dev 0.08)  ch2   +0.12 (max dev 2.09)  ch3   +0.09 (max dev 0.08)
[meter] 18:47:50 5.8000 GHz  windows 44273  with tone 390  worst SNR -48.7 dB | ch1   -0.01 (max dev 0.04)  ch2   +0.01 (max dev 0.05)  ch3   +0.01 (max dev 0.05)
[meter] 18:47:55 5.2000 GHz  windows 44549  with tone 207  worst SNR -46.3 dB | ch1   +0.00 (max dev 0.04)  ch2   -0.02 (max dev 0.05)  ch3   -0.02 (max dev 0.05)
[meter] 18:47:55 5.8000 GHz  windows 44412  with tone 390  worst SNR -48.7 dB | ch1   -0.01 (max dev 0.04)  ch2   +0.01 (max dev 0.05)  ch3   +0.01 (max dev 0.05)
[meter] 18:47:55 2.4000 GHz  windows 44686  with tone 43996  worst SNR -30.6 dB | tone +191888.1 Hz 10000 samples | ch1   +0.03 (max dev 0.08)  ch2   +0.11 (max dev 2.24)  ch3   +0.09 (max dev 0.09)
[meter] 18:48:00 2.4000 GHz  windows 44825  with tone 44135  worst SNR -30.6 dB | tone +191877.5 Hz 10000 samples | ch1   +0.03 (max dev 0.07)  ch2   +0.13 (max dev 2.27)  ch3   +0.09 (max dev 0.09)
[meter] 18:48:00 5.8000 GHz  windows 44551  with tone 390  worst SNR -48.7 dB | ch1   -0.01 (max dev 0.04)  ch2   +0.01 (max dev 0.05)  ch3   +0.01 (max dev 0.05)
[meter] 18:48:00 5.2000 GHz  windows 44688  with tone 207  worst SNR -46.3 dB | ch1   +0.00 (max dev 0.04)  ch2   -0.02 (max dev 0.05)  ch3   -0.02 (max dev 0.05)
[meter] 18:48:05 2.4000 GHz  windows 44964  with tone 44274  worst SNR -30.6 dB | tone +191875.5 Hz 10000 samples | ch1   +0.03 (max dev 0.06)  ch2   +0.06 (max dev 0.17)  ch3   +0.08 (max dev 0.05)
[meter] 18:48:05 5.8000 GHz  windows 44690  with tone 390  worst SNR -48.7 dB | ch1   -0.01 (max dev 0.04)  ch2   +0.01 (max dev 0.05)  ch3   +0.01 (max dev 0.05)
[meter] 18:48:05 5.2000 GHz  windows 44827  with tone 207  worst SNR -46.3 dB | ch1   +0.00 (max dev 0.04)  ch2   -0.02 (max dev 0.05)  ch3   -0.02 (max dev 0.05)
[meter] 18:48:10 5.2000 GHz  windows 44966  with tone 207  worst SNR -46.3 dB | ch1   +0.00 (max dev 0.04)  ch2   -0.02 (max dev 0.05)  ch3   -0.02 (max dev 0.05)
[meter] 18:48:10 5.8000 GHz  windows 44829  with tone 390  worst SNR -48.7 dB | ch1   -0.01 (max dev 0.04)  ch2   +0.01 (max dev 0.05)  ch3   +0.01 (max dev 0.05)
[meter] 18:48:10 2.4000 GHz  windows 45103  with tone 44413  worst SNR -30.6 dB | tone +191875.0 Hz 10000 samples | ch1   +0.03 (max dev 0.07)  ch2   +0.09 (max dev 1.56)  ch3   +0.08 (max dev 0.06)
[meter] 18:48:15 5.2000 GHz  windows 45105  with tone 207  worst SNR -46.3 dB | ch1   +0.00 (max dev 0.04)  ch2   -0.02 (max dev 0.05)  ch3   -0.02 (max dev 0.05)
[meter] 18:48:15 5.8000 GHz  windows 44968  with tone 390  worst SNR -48.7 dB | ch1   -0.01 (max dev 0.04)  ch2   +0.01 (max dev 0.05)  ch3   +0.01 (max dev 0.05)
[meter] 18:48:15 2.4000 GHz  windows 45242  with tone 44552  worst SNR -30.6 dB | tone +191875.6 Hz 10000 samples | ch1   +0.03 (max dev 0.07)  ch2   +0.07 (max dev 0.48)  ch3   +0.08 (max dev 0.05)
[meter] 18:48:20 5.8000 GHz  windows 45107  with tone 390  worst SNR -48.7 dB | ch1   -0.01 (max dev 0.04)  ch2   +0.01 (max dev 0.05)  ch3   +0.01 (max dev 0.05)
[meter] 18:48:20 5.2000 GHz  windows 45244  with tone 207  worst SNR -46.3 dB | ch1   +0.00 (max dev 0.04)  ch2   -0.02 (max dev 0.05)  ch3   -0.02 (max dev 0.05)
[meter] 18:48:20 2.4000 GHz  windows 45381  with tone 44691  worst SNR -30.6 dB | tone +191860.5 Hz 10000 samples | ch1   +0.03 (max dev 0.06)  ch2   +0.09 (max dev 0.76)  ch3   +0.09 (max dev 0.04)
[meter] 18:48:25 5.2000 GHz  windows 45383  with tone 207  worst SNR -46.3 dB | ch1   +0.00 (max dev 0.04)  ch2   -0.02 (max dev 0.05)  ch3   -0.02 (max dev 0.05)
[meter] 18:48:25 2.4000 GHz  windows 45520  with tone 44830  worst SNR -30.6 dB | tone +191884.4 Hz 10000 samples | ch1   +0.03 (max dev 0.07)  ch2   +0.08 (max dev 0.17)  ch3   +0.09 (max dev 0.05)[meter] 18:48:25 5.8000 GHz  windows 45246  with tone 390  worst SNR -48.7 dB | ch1   -0.01 (max dev 0.04)  ch2   +0.01 (max dev 0.05)  ch3   +0.01 (max dev 0.05)

[meter] 18:48:30 5.2000 GHz  windows 45522  with tone 207  worst SNR -46.3 dB | ch1   +0.00 (max dev 0.04)  ch2   -0.02 (max dev 0.05)  ch3   -0.02 (max dev 0.05)
[meter] 18:48:30 5.8000 GHz  windows 45385  with tone 390  worst SNR -48.7 dB | ch1   -0.01 (max dev 0.04)  ch2   +0.01 (max dev 0.05)  ch3   +0.01 (max dev 0.05)
[meter] 18:48:30 2.4000 GHz  windows 45658  with tone 44968  worst SNR -30.6 dB | tone +191861.7 Hz 10000 samples | ch1   +0.03 (max dev 0.07)  ch2   +0.07 (max dev 0.18)  ch3   +0.08 (max dev 0.05)
[meter] 18:48:35 5.2000 GHz  windows 45661  with tone 207  worst SNR -46.3 dB | ch1   +0.00 (max dev 0.04)  ch2   -0.02 (max dev 0.05)  ch3   -0.02 (max dev 0.05)
[meter] 18:48:35 2.4000 GHz  windows 45797  with tone 45107  worst SNR -30.6 dB | tone +191857.9 Hz 10000 samples | ch1   +0.03 (max dev 0.06)  ch2   +0.05 (max dev 0.06)  ch3   +0.07 (max dev 0.06)
[meter] 18:48:35 5.8000 GHz  windows 45524  with tone 390  worst SNR -48.7 dB | ch1   -0.01 (max dev 0.04)  ch2   +0.01 (max dev 0.05)  ch3   +0.01 (max dev 0.05)
[meter] 18:48:40 2.4000 GHz  windows 45936  with tone 45246  worst SNR -30.6 dB | tone +191863.7 Hz 10000 samples | ch1   +0.02 (max dev 0.07)  ch2   +0.05 (max dev 0.06)  ch3   +0.06 (max dev 0.05)
[meter] 18:48:40 5.2000 GHz  windows 45800  with tone 207  worst SNR -46.3 dB | ch1   +0.00 (max dev 0.04)  ch2   -0.02 (max dev 0.05)  ch3   -0.02 (max dev 0.05)
[meter] 18:48:40 5.8000 GHz  windows 45663  with tone 390  worst SNR -48.7 dB | ch1   -0.01 (max dev 0.04)  ch2   +0.01 (max dev 0.05)  ch3   +0.01 (max dev 0.05)
[meter] 18:48:45 2.4000 GHz  windows 46075  with tone 45385  worst SNR -30.6 dB | tone +191859.7 Hz 10000 samples | ch1   +0.02 (max dev 0.06)  ch2   +0.05 (max dev 0.06)  ch3   +0.06 (max dev 0.05)
[meter] 18:48:45 5.8000 GHz  windows 45802  with tone 390  worst SNR -48.7 dB | ch1   -0.01 (max dev 0.04)  ch2   +0.01 (max dev 0.05)  ch3   +0.01 (max dev 0.05)
[meter] 18:48:45 5.2000 GHz  windows 45939  with tone 207  worst SNR -46.3 dB | ch1   +0.00 (max dev 0.04)  ch2   -0.02 (max dev 0.05)  ch3   -0.02 (max dev 0.05)
[meter] 18:48:50 5.8000 GHz  windows 45941  with tone 390  worst SNR -48.7 dB | ch1   -0.01 (max dev 0.04)  ch2   +0.01 (max dev 0.05)  ch3   +0.01 (max dev 0.05)
[meter] 18:48:50 5.2000 GHz  windows 46078  with tone 207  worst SNR -46.3 dB | ch1   +0.00 (max dev 0.04)  ch2   -0.02 (max dev 0.05)  ch3   -0.02 (max dev 0.05)
[meter] 18:48:50 2.4000 GHz  windows 46214  with tone 45524  worst SNR -30.6 dB | tone +191856.3 Hz 10000 samples | ch1   +0.02 (max dev 0.06)  ch2   +0.04 (max dev 0.05)  ch3   +0.06 (max dev 0.05)
[meter] 18:48:55 5.8000 GHz  windows 46080  with tone 390  worst SNR -48.7 dB | ch1   -0.01 (max dev 0.04)  ch2   +0.01 (max dev 0.05)  ch3   +0.01 (max dev 0.05)
[meter] 18:48:55 2.4000 GHz  windows 46353  with tone 45663  worst SNR -30.6 dB | tone +191849.3 Hz 10000 samples | ch1   +0.02 (max dev 0.06)  ch2   +0.04 (max dev 0.06)  ch3   +0.06 (max dev 0.05)
[meter] 18:48:55 5.2000 GHz  windows 46217  with tone 207  worst SNR -46.3 dB | ch1   +0.00 (max dev 0.04)  ch2   -0.02 (max dev 0.05)  ch3   -0.02 (max dev 0.05)
[meter] 18:49:00 5.2000 GHz  windows 46356  with tone 207  worst SNR -46.3 dB | ch1   +0.00 (max dev 0.04)  ch2   -0.02 (max dev 0.05)  ch3   -0.02 (max dev 0.05)
[meter] 18:49:00 5.8000 GHz  windows 46219  with tone 390  worst SNR -48.7 dB | ch1   -0.01 (max dev 0.04)  ch2   +0.01 (max dev 0.05)  ch3   +0.01 (max dev 0.05)[meter] 18:49:00 2.4000 GHz  windows 46492  with tone 45802  worst SNR -30.6 dB | tone +191855.0 Hz 10000 samples | ch1   +0.03 (max dev 0.07)  ch2   +0.08 (max dev 2.96)  ch3   +0.07 (max dev 0.13)

[meter] 18:49:05 5.2000 GHz  windows 46495  with tone 207  worst SNR -46.3 dB | ch1   +0.00 (max dev 0.04)  ch2   -0.02 (max dev 0.05)  ch3   -0.02 (max dev 0.05)
[meter] 18:49:05 2.4000 GHz  windows 46631  with tone 45941  worst SNR -30.6 dB | tone +191853.9 Hz 10000 samples | ch1   +0.03 (max dev 0.07)  ch2   +0.05 (max dev 0.06)  ch3   +0.06 (max dev 0.04)
[meter] 18:49:05 5.8000 GHz  windows 46358  with tone 390  worst SNR -48.7 dB | ch1   -0.01 (max dev 0.04)  ch2   +0.01 (max dev 0.05)  ch3   +0.01 (max dev 0.05)
[meter] 18:49:10 5.2000 GHz  windows 46634  with tone 207  worst SNR -46.3 dB | ch1   +0.00 (max dev 0.04)  ch2   -0.02 (max dev 0.05)  ch3   -0.02 (max dev 0.05)
[meter] 18:49:10 5.8000 GHz  windows 46497  with tone 390  worst SNR -48.7 dB | ch1   -0.01 (max dev 0.04)  ch2   +0.01 (max dev 0.05)  ch3   +0.01 (max dev 0.05)
[meter] 18:49:10 2.4000 GHz  windows 46770  with tone 46080  worst SNR -30.6 dB | tone +191870.6 Hz 10000 samples | ch1   +0.02 (max dev 0.06)  ch2   +0.05 (max dev 0.05)  ch3   +0.06 (max dev 0.05)
[meter] 18:49:15 5.8000 GHz  windows 46636  with tone 390  worst SNR -48.7 dB | ch1   -0.01 (max dev 0.04)  ch2   +0.01 (max dev 0.05)  ch3   +0.01 (max dev 0.05)
[meter] 18:49:15 5.2000 GHz  windows 46773  with tone 207  worst SNR -46.3 dB | ch1   +0.00 (max dev 0.04)  ch2   -0.02 (max dev 0.05)  ch3   -0.02 (max dev 0.05)[meter] 18:49:15 2.4000 GHz  windows 46909  with tone 46219  worst SNR -30.6 dB | tone +191848.1 Hz 10000 samples | ch1   +0.02 (max dev 0.07)  ch2   +0.05 (max dev 0.06)  ch3   +0.06 (max dev 0.04)

[meter] 18:49:20 5.2000 GHz  windows 46912  with tone 207  worst SNR -46.3 dB | ch1   +0.00 (max dev 0.04)  ch2   -0.02 (max dev 0.05)  ch3   -0.02 (max dev 0.05)[meter] 18:49:20 5.8000 GHz  windows 46774  with tone 390  worst SNR -48.7 dB | ch1   -0.01 (max dev 0.04)  ch2   +0.01 (max dev 0.05)  ch3   +0.01 (max dev 0.05)
[meter] 18:49:20 2.4000 GHz  windows 47047  with tone 46357  worst SNR -30.6 dB | tone +191852.4 Hz 10000 samples | ch1   +0.02 (max dev 0.06)  ch2   +0.04 (max dev 0.07)  ch3   +0.06 (max dev 0.06)

[meter] 18:49:25 5.2000 GHz  windows 47050  with tone 207  worst SNR -46.3 dB | ch1   +0.00 (max dev 0.04)  ch2   -0.02 (max dev 0.05)  ch3   -0.02 (max dev 0.05)
[meter] 18:49:25 5.8000 GHz  windows 46914  with tone 390  worst SNR -48.7 dB | ch1   -0.01 (max dev 0.04)  ch2   +0.01 (max dev 0.05)  ch3   +0.01 (max dev 0.05)
[meter] 18:49:25 2.4000 GHz  windows 47186  with tone 46496  worst SNR -30.6 dB | tone +191857.9 Hz 10000 samples | ch1   +0.02 (max dev 0.07)  ch2   +0.03 (max dev 0.06)  ch3   +0.04 (max dev 0.05)
[meter] 18:49:30 5.8000 GHz  windows 47053  with tone 390  worst SNR -48.7 dB | ch1   -0.01 (max dev 0.04)  ch2   +0.01 (max dev 0.05)  ch3   +0.01 (max dev 0.05)
[meter] 18:49:30 5.2000 GHz  windows 47189  with tone 207  worst SNR -46.3 dB | ch1   +0.00 (max dev 0.04)  ch2   -0.02 (max dev 0.05)  ch3   -0.02 (max dev 0.05)
[meter] 18:49:30 2.4000 GHz  windows 47325  with tone 46635  worst SNR -30.6 dB | tone +191867.4 Hz 10000 samples | ch1   +0.02 (max dev 0.07)  ch2   +0.04 (max dev 1.18)  ch3   +0.04 (max dev 0.05)
[meter] 18:49:35 2.4000 GHz  windows 47464  with tone 46774  worst SNR -30.6 dB | tone +191893.7 Hz 10000 samples | ch1   +0.03 (max dev 0.07)  ch2   +0.07 (max dev 1.16)  ch3   +0.05 (max dev 0.05)
[meter] 18:49:35 5.2000 GHz  windows 47328  with tone 207  worst SNR -46.3 dB | ch1   +0.00 (max dev 0.04)  ch2   -0.02 (max dev 0.05)  ch3   -0.02 (max dev 0.05)
[meter] 18:49:35 5.8000 GHz  windows 47192  with tone 390  worst SNR -48.7 dB | ch1   -0.01 (max dev 0.04)  ch2   +0.01 (max dev 0.05)  ch3   +0.01 (max dev 0.05)
[meter] 18:49:40 5.8000 GHz  windows 47331  with tone 390  worst SNR -48.7 dB | ch1   -0.01 (max dev 0.04)  ch2   +0.01 (max dev 0.05)  ch3   +0.01 (max dev 0.05)
[meter] 18:49:40 2.4000 GHz  windows 47603  with tone 46913  worst SNR -30.6 dB | tone +191881.3 Hz 10000 samples | ch1   +0.03 (max dev 0.07)  ch2   +0.07 (max dev 1.57)  ch3   +0.05 (max dev 0.12)
[meter] 18:49:40 5.2000 GHz  windows 47467  with tone 207  worst SNR -46.3 dB | ch1   +0.00 (max dev 0.04)  ch2   -0.02 (max dev 0.05)  ch3   -0.02 (max dev 0.05)
[meter] 18:49:45 2.4000 GHz  windows 47742  with tone 47052  worst SNR -30.6 dB | tone +191896.7 Hz 10000 samples | ch1   +0.03 (max dev 0.06)  ch2   +0.07 (max dev 1.57)  ch3   +0.05 (max dev 0.12)
[meter] 18:49:45 5.2000 GHz  windows 47606  with tone 207  worst SNR -46.3 dB | ch1   +0.00 (max dev 0.04)  ch2   -0.02 (max dev 0.05)  ch3   -0.02 (max dev 0.05)
[meter] 18:49:45 5.8000 GHz  windows 47470  with tone 390  worst SNR -48.7 dB | ch1   -0.01 (max dev 0.04)  ch2   +0.01 (max dev 0.05)  ch3   +0.01 (max dev 0.05)
[meter] 18:49:50 2.4000 GHz  windows 47881  with tone 47191  worst SNR -30.6 dB | tone +191890.3 Hz 10000 samples | ch1   +0.03 (max dev 0.06)  ch2   +0.07 (max dev 2.25)  ch3   +0.05 (max dev 0.08)
[meter] 18:49:50 5.8000 GHz  windows 47609  with tone 390  worst SNR -48.7 dB | ch1   -0.01 (max dev 0.04)  ch2   +0.01 (max dev 0.05)  ch3   +0.01 (max dev 0.05)
[meter] 18:49:50 5.2000 GHz  windows 47745  with tone 207  worst SNR -46.3 dB | ch1   +0.00 (max dev 0.04)  ch2   -0.02 (max dev 0.05)  ch3   -0.02 (max dev 0.05)
[meter] 18:49:55 5.8000 GHz  windows 47748  with tone 390  worst SNR -48.7 dB | ch1   -0.01 (max dev 0.04)  ch2   +0.01 (max dev 0.05)  ch3   +0.01 (max dev 0.05)
[meter] 18:49:55 5.2000 GHz  windows 47884  with tone 207  worst SNR -46.3 dB | ch1   +0.00 (max dev 0.04)  ch2   -0.02 (max dev 0.05)  ch3   -0.02 (max dev 0.05)
[meter] 18:49:55 2.4000 GHz  windows 48020  with tone 47330  worst SNR -30.6 dB | tone +191894.3 Hz 10000 samples | ch1   +0.03 (max dev 0.06)  ch2   +0.07 (max dev 1.79)  ch3   +0.05 (max dev 0.08)
[meter] 18:50:00 2.4000 GHz  windows 48159  with tone 47469  worst SNR -30.6 dB | tone +191899.8 Hz 10000 samples | ch1   +0.03 (max dev 0.08)  ch2   +0.07 (max dev 1.79)  ch3   +0.05 (max dev 0.08)
[meter] 18:50:00 5.2000 GHz  windows 48023  with tone 207  worst SNR -46.3 dB | ch1   +0.00 (max dev 0.04)  ch2   -0.02 (max dev 0.05)  ch3   -0.02 (max dev 0.05)[meter] 18:50:00 5.8000 GHz  windows 47887  with tone 390  worst SNR -48.7 dB | ch1   -0.01 (max dev 0.04)  ch2   +0.01 (max dev 0.05)  ch3   +0.01 (max dev 0.05)

[meter] 18:50:05 5.2000 GHz  windows 48162  with tone 207  worst SNR -46.3 dB | ch1   +0.00 (max dev 0.04)  ch2   -0.02 (max dev 0.05)  ch3   -0.02 (max dev 0.05)
[meter] 18:50:05 5.8000 GHz  windows 48026  with tone 390  worst SNR -48.7 dB | ch1   -0.01 (max dev 0.04)  ch2   +0.01 (max dev 0.05)  ch3   +0.01 (max dev 0.05)
[meter] 18:50:05 2.4000 GHz  windows 48298  with tone 47608  worst SNR -30.6 dB | tone +191885.9 Hz 10000 samples | ch1   +0.03 (max dev 0.08)  ch2   +0.05 (max dev 1.33)  ch3   +0.05 (max dev 0.06)
[meter] 18:50:10 5.2000 GHz  windows 48301  with tone 207  worst SNR -46.3 dB | ch1   +0.00 (max dev 0.04)  ch2   -0.02 (max dev 0.05)  ch3   -0.02 (max dev 0.05)
[meter] 18:50:10 2.4000 GHz  windows 48437  with tone 47747  worst SNR -30.6 dB | tone +191870.5 Hz 10000 samples | ch1   +0.02 (max dev 0.06)  ch2   +0.04 (max dev 0.06)  ch3   +0.05 (max dev 0.05)
[meter] 18:50:10 5.8000 GHz  windows 48165  with tone 390  worst SNR -48.7 dB | ch1   -0.01 (max dev 0.04)  ch2   +0.01 (max dev 0.05)  ch3   +0.01 (max dev 0.05)
[meter] 18:50:15 5.8000 GHz  windows 48304  with tone 390  worst SNR -48.7 dB | ch1   -0.01 (max dev 0.04)  ch2   +0.01 (max dev 0.05)  ch3   +0.01 (max dev 0.05)
[meter] 18:50:15 2.4000 GHz  windows 48576  with tone 47886  worst SNR -30.6 dB | tone +191867.3 Hz 10000 samples | ch1   +0.02 (max dev 0.05)  ch2   +0.04 (max dev 0.05)  ch3   +0.05 (max dev 0.04)
[meter] 18:50:15 5.2000 GHz  windows 48440  with tone 207  worst SNR -46.3 dB | ch1   +0.00 (max dev 0.04)  ch2   -0.02 (max dev 0.05)  ch3   -0.02 (max dev 0.05)
[meter] 18:50:20 5.8000 GHz  windows 48443  with tone 390  worst SNR -48.7 dB | ch1   -0.01 (max dev 0.04)  ch2   +0.01 (max dev 0.05)  ch3   +0.01 (max dev 0.05)
[meter] 18:50:20 2.4000 GHz  windows 48714  with tone 48024  worst SNR -30.6 dB | tone +191890.3 Hz 10000 samples | ch1   +0.02 (max dev 0.07)  ch2   +0.04 (max dev 0.05)  ch3   +0.05 (max dev 0.04)
[meter] 18:50:20 5.2000 GHz  windows 48579  with tone 207  worst SNR -46.3 dB | ch1   +0.00 (max dev 0.04)  ch2   -0.02 (max dev 0.05)  ch3   -0.02 (max dev 0.05)
[meter] 18:50:25 2.4000 GHz  windows 48853  with tone 48163  worst SNR -30.6 dB | tone +191901.8 Hz 10000 samples | ch1   +0.02 (max dev 0.06)  ch2   +0.05 (max dev 0.83)  ch3   +0.04 (max dev 0.04)[meter] 18:50:25 5.2000 GHz  windows 48718  with tone 207  worst SNR -46.3 dB | ch1   +0.00 (max dev 0.04)  ch2   -0.02 (max dev 0.05)  ch3   -0.02 (max dev 0.05)

[meter] 18:50:25 5.8000 GHz  windows 48582  with tone 390  worst SNR -48.7 dB | ch1   -0.01 (max dev 0.04)  ch2   +0.01 (max dev 0.05)  ch3   +0.01 (max dev 0.05)
[meter] 18:50:30 2.4000 GHz  windows 48992  with tone 48302  worst SNR -30.6 dB | tone +191898.1 Hz 10000 samples | ch1   +0.02 (max dev 0.07)  ch2   +0.04 (max dev 2.10)  ch3   +0.03 (max dev 0.09)
[meter] 18:50:30 5.8000 GHz  windows 48721  with tone 390  worst SNR -48.7 dB | ch1   -0.01 (max dev 0.04)  ch2   +0.01 (max dev 0.05)  ch3   +0.01 (max dev 0.05)
[meter] 18:50:30 5.2000 GHz  windows 48857  with tone 207  worst SNR -46.3 dB | ch1   +0.00 (max dev 0.04)  ch2   -0.02 (max dev 0.05)  ch3   -0.02 (max dev 0.05)
[meter] 18:50:35 5.2000 GHz  windows 48996  with tone 207  worst SNR -46.3 dB | ch1   +0.00 (max dev 0.04)  ch2   -0.02 (max dev 0.05)  ch3   -0.02 (max dev 0.05)
[meter] 18:50:35 2.4000 GHz  windows 49131  with tone 48441  worst SNR -30.6 dB | tone +191904.1 Hz 10000 samples | ch1   +0.02 (max dev 0.07)  ch2   +0.02 (max dev 0.13)  ch3   +0.03 (max dev 0.05)
[meter] 18:50:35 5.8000 GHz  windows 48860  with tone 390  worst SNR -48.7 dB | ch1   -0.01 (max dev 0.04)  ch2   +0.01 (max dev 0.05)  ch3   +0.01 (max dev 0.05)
[meter] 18:50:40 5.8000 GHz  windows 48999  with tone 390  worst SNR -48.7 dB | ch1   -0.01 (max dev 0.04)  ch2   +0.01 (max dev 0.05)  ch3   +0.01 (max dev 0.05)
[meter] 18:50:40 2.4000 GHz  windows 49270  with tone 48580  worst SNR -30.6 dB | tone +191911.6 Hz 10000 samples | ch1   +0.02 (max dev 0.08)  ch2   +0.02 (max dev 0.05)  ch3   +0.03 (max dev 0.04)[meter] 18:50:40 5.2000 GHz  windows 49135  with tone 207  worst SNR -46.3 dB | ch1   +0.00 (max dev 0.04)  ch2   -0.02 (max dev 0.05)  ch3   -0.02 (max dev 0.05)

[meter] 18:50:45 5.2000 GHz  windows 49274  with tone 207  worst SNR -46.3 dB | ch1   +0.00 (max dev 0.04)  ch2   -0.02 (max dev 0.05)  ch3   -0.02 (max dev 0.05)
[meter] 18:50:45 5.8000 GHz  windows 49138  with tone 390  worst SNR -48.7 dB | ch1   -0.01 (max dev 0.04)  ch2   +0.01 (max dev 0.05)  ch3   +0.01 (max dev 0.05)
[meter] 18:50:45 2.4000 GHz  windows 49409  with tone 48719  worst SNR -30.6 dB | tone +191917.4 Hz 10000 samples | ch1   +0.02 (max dev 0.06)  ch2   +0.07 (max dev 2.62)  ch3   +0.04 (max dev 0.11)
[meter] 18:50:50 5.8000 GHz  windows 49277  with tone 390  worst SNR -48.7 dB | ch1   -0.01 (max dev 0.04)  ch2   +0.01 (max dev 0.05)  ch3   +0.01 (max dev 0.05)
[meter] 18:50:50 5.2000 GHz  windows 49413  with tone 207  worst SNR -46.3 dB | ch1   +0.00 (max dev 0.04)  ch2   -0.02 (max dev 0.05)  ch3   -0.02 (max dev 0.05)
[meter] 18:50:50 2.4000 GHz  windows 49548  with tone 48858  worst SNR -30.6 dB | tone +191935.1 Hz 10000 samples | ch1   +0.03 (max dev 0.06)  ch2   +0.06 (max dev 2.42)  ch3   +0.04 (max dev 0.11)
[meter] 18:50:55 5.8000 GHz  windows 49416  with tone 390  worst SNR -48.7 dB | ch1   -0.01 (max dev 0.04)  ch2   +0.01 (max dev 0.05)  ch3   +0.01 (max dev 0.05)
[meter] 18:50:55 5.2000 GHz  windows 49552  with tone 207  worst SNR -46.3 dB | ch1   +0.00 (max dev 0.04)  ch2   -0.02 (max dev 0.05)  ch3   -0.02 (max dev 0.05)
[meter] 18:50:55 2.4000 GHz  windows 49687  with tone 48997  worst SNR -30.6 dB | tone +191952.1 Hz 10000 samples | ch1   +0.02 (max dev 0.06)  ch2   +0.05 (max dev 2.37)  ch3   +0.04 (max dev 0.10)
[meter] 18:51:00 5.2000 GHz  windows 49691  with tone 207  worst SNR -46.3 dB | ch1   +0.00 (max dev 0.04)  ch2   -0.02 (max dev 0.05)  ch3   -0.02 (max dev 0.05)
[meter] 18:51:00 2.4000 GHz  windows 49826  with tone 49136  worst SNR -30.6 dB | tone +191943.1 Hz 10000 samples | ch1   +0.02 (max dev 0.08)  ch2   +0.08 (max dev 2.29)  ch3   +0.05 (max dev 0.11)
[meter] 18:51:00 5.8000 GHz  windows 49555  with tone 390  worst SNR -48.7 dB | ch1   -0.01 (max dev 0.04)  ch2   +0.01 (max dev 0.05)  ch3   +0.01 (max dev 0.05)
[meter] 18:51:05 2.4000 GHz  windows 49965  with tone 49275  worst SNR -30.6 dB | tone +191939.7 Hz 10000 samples | ch1   +0.02 (max dev 0.06)  ch2   +0.13 (max dev 2.81)  ch3   +0.07 (max dev 0.11)
[meter] 18:51:05 5.2000 GHz  windows 49830  with tone 207  worst SNR -46.3 dB | ch1   +0.00 (max dev 0.04)  ch2   -0.02 (max dev 0.05)  ch3   -0.02 (max dev 0.05)
[meter] 18:51:05 5.8000 GHz  windows 49694  with tone 390  worst SNR -48.7 dB | ch1   -0.01 (max dev 0.04)  ch2   +0.01 (max dev 0.05)  ch3   +0.01 (max dev 0.05)
[meter] 18:51:10 5.2000 GHz  windows 49969  with tone 207  worst SNR -46.3 dB | ch1   +0.00 (max dev 0.04)  ch2   -0.02 (max dev 0.05)  ch3   -0.02 (max dev 0.05)[meter] 18:51:10 5.8000 GHz  windows 49833  with tone 390  worst SNR -48.7 dB | ch1   -0.01 (max dev 0.04)  ch2   +0.01 (max dev 0.05)  ch3   +0.01 (max dev 0.05)

[meter] 18:51:10 2.4000 GHz  windows 50103  with tone 49413  worst SNR -30.6 dB | tone +191945.0 Hz 10000 samples | ch1   +0.02 (max dev 0.06)  ch2   +0.07 (max dev 1.10)  ch3   +0.07 (max dev 0.07)
[meter] 18:51:15 5.2000 GHz  windows 50108  with tone 207  worst SNR -46.3 dB | ch1   +0.00 (max dev 0.04)  ch2   -0.02 (max dev 0.05)  ch3   -0.02 (max dev 0.05)
[meter] 18:51:15 5.8000 GHz  windows 49972  with tone 390  worst SNR -48.7 dB | ch1   -0.01 (max dev 0.04)  ch2   +0.01 (max dev 0.05)  ch3   +0.01 (max dev 0.05)
[meter] 18:51:15 2.4000 GHz  windows 50243  with tone 49553  worst SNR -30.6 dB | tone +191934.8 Hz 10000 samples | ch1   +0.02 (max dev 0.07)  ch2   +0.07 (max dev 1.05)  ch3   +0.07 (max dev 0.08)
[meter] 18:51:20 2.4000 GHz  windows 50382  with tone 49692  worst SNR -30.6 dB | tone +191954.9 Hz 10000 samples | ch1   +0.02 (max dev 0.07)  ch2   +0.09 (max dev 2.09)  ch3   +0.08 (max dev 0.10)
[meter] 18:51:20 5.2000 GHz  windows 50247  with tone 207  worst SNR -46.3 dB | ch1   +0.00 (max dev 0.04)  ch2   -0.02 (max dev 0.05)  ch3   -0.02 (max dev 0.05)
[meter] 18:51:20 5.8000 GHz  windows 50111  with tone 390  worst SNR -48.7 dB | ch1   -0.01 (max dev 0.04)  ch2   +0.01 (max dev 0.05)  ch3   +0.01 (max dev 0.05)
[meter] 18:51:25 5.8000 GHz  windows 50250  with tone 390  worst SNR -48.7 dB | ch1   -0.01 (max dev 0.04)  ch2   +0.01 (max dev 0.05)  ch3   +0.01 (max dev 0.05)
[meter] 18:51:25 5.2000 GHz  windows 50385  with tone 207  worst SNR -46.3 dB | ch1   +0.00 (max dev 0.04)  ch2   -0.02 (max dev 0.05)  ch3   -0.02 (max dev 0.05)
[meter] 18:51:25 2.4000 GHz  windows 50521  with tone 49831  worst SNR -30.6 dB | tone +191944.5 Hz 10000 samples | ch1   +0.02 (max dev 0.06)  ch2   +0.09 (max dev 2.10)  ch3   +0.09 (max dev 0.09)
[meter] 18:51:30 5.2000 GHz  windows 50524  with tone 207  worst SNR -46.3 dB | ch1   +0.00 (max dev 0.04)  ch2   -0.02 (max dev 0.05)  ch3   -0.02 (max dev 0.05)
[meter] 18:51:30 5.8000 GHz  windows 50389  with tone 390  worst SNR -48.7 dB | ch1   -0.01 (max dev 0.04)  ch2   +0.01 (max dev 0.05)  ch3   +0.01 (max dev 0.05)
[meter] 18:51:30 2.4000 GHz  windows 50660  with tone 49970  worst SNR -30.6 dB | tone +191960.2 Hz 10000 samples | ch1   +0.02 (max dev 0.07)  ch2   +0.07 (max dev 0.06)  ch3   +0.09 (max dev 0.06)
[meter] 18:51:35 5.2000 GHz  windows 50663  with tone 207  worst SNR -46.3 dB | ch1   +0.00 (max dev 0.04)  ch2   -0.02 (max dev 0.05)  ch3   -0.02 (max dev 0.05)
[meter] 18:51:35 5.8000 GHz  windows 50528  with tone 390  worst SNR -48.7 dB | ch1   -0.01 (max dev 0.04)  ch2   +0.01 (max dev 0.05)  ch3   +0.01 (max dev 0.05)
[meter] 18:51:35 2.4000 GHz  windows 50799  with tone 50109  worst SNR -30.6 dB | tone +191986.6 Hz 10000 samples | ch1   +0.02 (max dev 0.07)  ch2   +0.05 (max dev 0.06)  ch3   +0.07 (max dev 0.05)
[meter] 18:51:40 5.8000 GHz  windows 50667  with tone 390  worst SNR -48.7 dB | ch1   -0.01 (max dev 0.04)  ch2   +0.01 (max dev 0.05)  ch3   +0.01 (max dev 0.05)
[meter] 18:51:40 2.4000 GHz  windows 50938  with tone 50248  worst SNR -30.6 dB | tone +191991.7 Hz 10000 samples | ch1   +0.02 (max dev 0.07)  ch2   +0.07 (max dev 0.83)  ch3   +0.07 (max dev 0.05)
[meter] 18:51:40 5.2000 GHz  windows 50802  with tone 207  worst SNR -46.3 dB | ch1   +0.00 (max dev 0.04)  ch2   -0.02 (max dev 0.05)  ch3   -0.02 (max dev 0.05)
[meter] 18:51:45 2.4000 GHz  windows 51077  with tone 50387  worst SNR -30.6 dB | tone +191999.2 Hz 10000 samples | ch1   +0.03 (max dev 0.06)  ch2   +0.09 (max dev 0.81)  ch3   +0.08 (max dev 0.05)
[meter] 18:51:45 5.8000 GHz  windows 50806  with tone 390  worst SNR -48.7 dB | ch1   -0.01 (max dev 0.04)  ch2   +0.01 (max dev 0.05)  ch3   +0.01 (max dev 0.05)
[meter] 18:51:45 5.2000 GHz  windows 50941  with tone 207  worst SNR -46.3 dB | ch1   +0.00 (max dev 0.04)  ch2   -0.02 (max dev 0.05)  ch3   -0.02 (max dev 0.05)
[meter] 18:51:50 5.2000 GHz  windows 51080  with tone 207  worst SNR -46.3 dB | ch1   +0.00 (max dev 0.04)  ch2   -0.02 (max dev 0.05)  ch3   -0.02 (max dev 0.05)
[meter] 18:51:50 5.8000 GHz  windows 50945  with tone 390  worst SNR -48.7 dB | ch1   -0.01 (max dev 0.04)  ch2   +0.01 (max dev 0.05)  ch3   +0.01 (max dev 0.05)
[meter] 18:51:50 2.4000 GHz  windows 51215  with tone 50525  worst SNR -30.6 dB | tone +191972.1 Hz 10000 samples | ch1   +0.03 (max dev 0.07)  ch2   +0.09 (max dev 0.59)  ch3   +0.09 (max dev 0.04)
[meter] 18:51:55 5.8000 GHz  windows 51084  with tone 390  worst SNR -48.7 dB | ch1   -0.01 (max dev 0.04)  ch2   +0.01 (max dev 0.05)  ch3   +0.01 (max dev 0.05)
[meter] 18:51:55 5.2000 GHz  windows 51219  with tone 207  worst SNR -46.3 dB | ch1   +0.00 (max dev 0.04)  ch2   -0.02 (max dev 0.05)  ch3   -0.02 (max dev 0.05)
[meter] 18:51:55 2.4000 GHz  windows 51354  with tone 50664  worst SNR -30.6 dB | tone +191973.9 Hz 10000 samples | ch1   +0.03 (max dev 0.06)  ch2   +0.09 (max dev 0.48)  ch3   +0.09 (max dev 0.04)
[meter] 18:52:00 5.2000 GHz  windows 51358  with tone 207  worst SNR -46.3 dB | ch1   +0.00 (max dev 0.04)  ch2   -0.02 (max dev 0.05)  ch3   -0.02 (max dev 0.05)
[meter] 18:52:00 5.8000 GHz  windows 51223  with tone 390  worst SNR -48.7 dB | ch1   -0.01 (max dev 0.04)  ch2   +0.01 (max dev 0.05)  ch3   +0.01 (max dev 0.05)
[meter] 18:52:00 2.4000 GHz  windows 51493  with tone 50803  worst SNR -30.6 dB | tone +191982.5 Hz 10000 samples | ch1   +0.03 (max dev 0.06)  ch2   +0.10 (max dev 1.21)  ch3   +0.09 (max dev 0.05)
[meter] 18:52:05 5.8000 GHz  windows 51362  with tone 390  worst SNR -48.7 dB | ch1   -0.01 (max dev 0.04)  ch2   +0.01 (max dev 0.05)  ch3   +0.01 (max dev 0.05)
[meter] 18:52:05 5.2000 GHz  windows 51497  with tone 207  worst SNR -46.3 dB | ch1   +0.00 (max dev 0.04)  ch2   -0.02 (max dev 0.05)  ch3   -0.02 (max dev 0.05)
[meter] 18:52:05 2.4000 GHz  windows 51632  with tone 50942  worst SNR -30.6 dB | tone +191975.1 Hz 10000 samples | ch1   +0.03 (max dev 0.06)  ch2   +0.11 (max dev 1.73)  ch3   +0.09 (max dev 0.07)
[meter] 18:52:10 5.2000 GHz  windows 51636  with tone 207  worst SNR -46.3 dB | ch1   +0.00 (max dev 0.04)  ch2   -0.02 (max dev 0.05)  ch3   -0.02 (max dev 0.05)
[meter] 18:52:10 5.8000 GHz  windows 51501  with tone 390  worst SNR -48.7 dB | ch1   -0.01 (max dev 0.04)  ch2   +0.01 (max dev 0.05)  ch3   +0.01 (max dev 0.05)[meter] 18:52:10 2.4000 GHz  windows 51771  with tone 51081  worst SNR -30.6 dB | tone +191982.4 Hz 10000 samples | ch1   +0.02 (max dev 0.07)  ch2   +0.09 (max dev 1.74)  ch3   +0.09 (max dev 0.07)

[meter] 18:52:15 2.4000 GHz  windows 51910  with tone 51220  worst SNR -30.6 dB | tone +192001.2 Hz 10000 samples | ch1   +0.02 (max dev 0.07)  ch2   +0.08 (max dev 1.11)  ch3   +0.08 (max dev 0.05)
[meter] 18:52:15 5.8000 GHz  windows 51640  with tone 390  worst SNR -48.7 dB | ch1   -0.01 (max dev 0.04)  ch2   +0.01 (max dev 0.05)  ch3   +0.01 (max dev 0.05)
[meter] 18:52:15 5.2000 GHz  windows 51775  with tone 207  worst SNR -46.3 dB | ch1   +0.00 (max dev 0.04)  ch2   -0.02 (max dev 0.05)  ch3   -0.02 (max dev 0.05)
[meter] 18:52:20 2.4000 GHz  windows 52049  with tone 51359  worst SNR -30.6 dB | tone +192008.9 Hz 10000 samples | ch1   +0.02 (max dev 0.06)  ch2   +0.07 (max dev 0.48)  ch3   +0.07 (max dev 0.05)
[meter] 18:52:20 5.8000 GHz  windows 51779  with tone 390  worst SNR -48.7 dB | ch1   -0.01 (max dev 0.04)  ch2   +0.01 (max dev 0.05)  ch3   +0.01 (max dev 0.05)
[meter] 18:52:20 5.2000 GHz  windows 51914  with tone 207  worst SNR -46.3 dB | ch1   +0.00 (max dev 0.04)  ch2   -0.02 (max dev 0.05)  ch3   -0.02 (max dev 0.05)
[meter] 18:52:25 5.8000 GHz  windows 51918  with tone 390  worst SNR -48.7 dB | ch1   -0.01 (max dev 0.04)  ch2   +0.01 (max dev 0.05)  ch3   +0.01 (max dev 0.05)
[meter] 18:52:25 2.4000 GHz  windows 52188  with tone 51498  worst SNR -30.6 dB | tone +191991.4 Hz 10000 samples | ch1   +0.02 (max dev 0.07)  ch2   +0.09 (max dev 2.99)  ch3   +0.06 (max dev 0.15)
[meter] 18:52:25 5.2000 GHz  windows 52053  with tone 207  worst SNR -46.3 dB | ch1   +0.00 (max dev 0.04)  ch2   -0.02 (max dev 0.05)  ch3   -0.02 (max dev 0.05)
[meter] 18:52:30 5.2000 GHz  windows 52192  with tone 207  worst SNR -46.3 dB | ch1   +0.00 (max dev 0.04)  ch2   -0.02 (max dev 0.05)  ch3   -0.02 (max dev 0.05)
[meter] 18:52:30 5.8000 GHz  windows 52057  with tone 390  worst SNR -48.7 dB | ch1   -0.01 (max dev 0.04)  ch2   +0.01 (max dev 0.05)  ch3   +0.01 (max dev 0.05)
[meter] 18:52:30 2.4000 GHz  windows 52327  with tone 51637  worst SNR -30.6 dB | tone +192000.9 Hz 10000 samples | ch1   +0.02 (max dev 0.07)  ch2   +0.09 (max dev 2.92)  ch3   +0.06 (max dev 0.12)
[meter] 18:52:35 5.2000 GHz  windows 52331  with tone 207  worst SNR -46.3 dB | ch1   +0.00 (max dev 0.04)  ch2   -0.02 (max dev 0.05)  ch3   -0.02 (max dev 0.05)
[meter] 18:52:35 2.4000 GHz  windows 52466  with tone 51776  worst SNR -30.6 dB | tone +192006.1 Hz 10000 samples | ch1   +0.02 (max dev 0.05)  ch2   +0.09 (max dev 2.91)  ch3   +0.05 (max dev 0.13)
[meter] 18:52:35 5.8000 GHz  windows 52196  with tone 390  worst SNR -48.7 dB | ch1   -0.01 (max dev 0.04)  ch2   +0.01 (max dev 0.05)  ch3   +0.01 (max dev 0.05)
[meter] 18:52:40 5.2000 GHz  windows 52470  with tone 207  worst SNR -46.3 dB | ch1   +0.00 (max dev 0.04)  ch2   -0.02 (max dev 0.05)  ch3   -0.02 (max dev 0.05)
[meter] 18:52:40 5.8000 GHz  windows 52335  with tone 390  worst SNR -48.7 dB | ch1   -0.01 (max dev 0.04)  ch2   +0.01 (max dev 0.05)  ch3   +0.01 (max dev 0.05)
[meter] 18:52:40 2.4000 GHz  windows 52605  with tone 51915  worst SNR -30.6 dB | tone +191980.1 Hz 10000 samples | ch1   +0.03 (max dev 0.06)  ch2   +0.14 (max dev 2.69)  ch3   +0.05 (max dev 0.13)
[meter] 18:52:45 5.2000 GHz  windows 52608  with tone 207  worst SNR -46.3 dB | ch1   +0.00 (max dev 0.04)  ch2   -0.02 (max dev 0.05)  ch3   -0.02 (max dev 0.05)
[meter] 18:52:45 2.4000 GHz  windows 52742  with tone 52052  worst SNR -30.6 dB | tone +192017.4 Hz 10000 samples | ch1   +0.02 (max dev 0.08)  ch2   +0.12 (max dev 2.49)  ch3   +0.06 (max dev 0.10)
[meter] 18:52:45 5.8000 GHz  windows 52473  with tone 390  worst SNR -48.7 dB | ch1   -0.01 (max dev 0.04)  ch2   +0.01 (max dev 0.05)  ch3   +0.01 (max dev 0.05)
[meter] 18:52:50 5.8000 GHz  windows 52613  with tone 390  worst SNR -48.7 dB | ch1   -0.01 (max dev 0.04)  ch2   +0.01 (max dev 0.05)  ch3   +0.01 (max dev 0.05)
[meter] 18:52:50 5.2000 GHz  windows 52747  with tone 207  worst SNR -46.3 dB | ch1   +0.00 (max dev 0.04)  ch2   -0.02 (max dev 0.05)  ch3   -0.02 (max dev 0.05)
[meter] 18:52:50 2.4000 GHz  windows 52881  with tone 52191  worst SNR -30.6 dB | tone +192043.3 Hz 10000 samples | ch1   +0.01 (max dev 0.44)  ch2   +1.62 (max dev 2.24)  ch3   +0.16 (max dev 0.54)
[meter] 18:52:55 5.8000 GHz  windows 52752  with tone 390  worst SNR -48.7 dB | ch1   -0.01 (max dev 0.04)  ch2   +0.01 (max dev 0.05)  ch3   +0.01 (max dev 0.05)
[meter] 18:52:55 5.2000 GHz  windows 52886  with tone 207  worst SNR -46.3 dB | ch1   +0.00 (max dev 0.04)  ch2   -0.02 (max dev 0.05)  ch3   -0.02 (max dev 0.05)
[meter] 18:52:55 2.4000 GHz  windows 53020  with tone 52330  worst SNR -30.6 dB | tone +192003.5 Hz 10000 samples | ch1   +0.51 (max dev 1.40)  ch2   +3.10 (max dev 2.79)  ch3   +0.77 (max dev 1.37)
[meter] 18:53:00 2.4000 GHz  windows 53159  with tone 52469  worst SNR -30.6 dB | tone +191977.3 Hz 10000 samples | ch1  -31.57 (max dev 50.27)  ch2  -27.69 (max dev 47.78)  ch3  -30.23 (max dev 48.40)
[meter] 18:53:00 5.2000 GHz  windows 53025  with tone 207  worst SNR -46.3 dB | ch1   +0.00 (max dev 0.04)  ch2   -0.02 (max dev 0.05)  ch3   -0.02 (max dev 0.05)
[meter] 18:53:00 5.8000 GHz  windows 52891  with tone 390  worst SNR -48.7 dB | ch1   -0.01 (max dev 0.04)  ch2   +0.01 (max dev 0.05)  ch3   +0.01 (max dev 0.05)
[meter] 18:53:05 2.4000 GHz  windows 53298  with tone 52608  worst SNR -30.6 dB | tone +191991.3 Hz 10000 samples | ch1  -80.17 (max dev 4.64)  ch2  -74.16 (max dev 3.91)  ch3  -76.97 (max dev 4.62)
[meter] 18:53:05 5.8000 GHz  windows 53030  with tone 390  worst SNR -48.7 dB | ch1   -0.01 (max dev 0.04)  ch2   +0.01 (max dev 0.05)  ch3   +0.01 (max dev 0.05)[meter] 18:53:05 5.2000 GHz  windows 53164  with tone 207  worst SNR -46.3 dB | ch1   +0.00 (max dev 0.04)  ch2   -0.02 (max dev 0.05)  ch3   -0.02 (max dev 0.05)

[meter] 18:53:10 5.2000 GHz  windows 53303  with tone 207  worst SNR -46.3 dB | ch1   +0.00 (max dev 0.04)  ch2   -0.02 (max dev 0.05)  ch3   -0.02 (max dev 0.05)
[meter] 18:53:10 5.8000 GHz  windows 53169  with tone 390  worst SNR -48.7 dB | ch1   -0.01 (max dev 0.04)  ch2   +0.01 (max dev 0.05)  ch3   +0.01 (max dev 0.05)
[meter] 18:53:10 2.4000 GHz  windows 53437  with tone 52624  worst SNR -30.6 dB | ch1  -79.54 (max dev 57.66)  ch2  -73.54 (max dev 55.12)  ch3  -76.34 (max dev 55.05)
[meter] 18:53:15 5.2000 GHz  windows 53442  with tone 207  worst SNR -46.3 dB | ch1   +0.00 (max dev 0.04)  ch2   -0.02 (max dev 0.05)  ch3   -0.02 (max dev 0.05)
[meter] 18:53:15 2.4000 GHz  windows 53576  with tone 52626  worst SNR -30.6 dB | ch1  -79.01 (max dev 62.83)  ch2  -73.03 (max dev 60.30)  ch3  -75.82 (max dev 60.86)
[meter] 18:53:15 5.8000 GHz  windows 53308  with tone 390  worst SNR -48.7 dB | ch1   -0.01 (max dev 0.04)  ch2   +0.01 (max dev 0.05)  ch3   +0.01 (max dev 0.05)
[meter] 18:53:20 2.4000 GHz  windows 53715  with tone 52626  worst SNR -30.6 dB | ch1  -79.01 (max dev 62.83)  ch2  -73.03 (max dev 60.30)  ch3  -75.82 (max dev 60.86)
[meter] 18:53:20 5.8000 GHz  windows 53447  with tone 390  worst SNR -48.7 dB | ch1   -0.01 (max dev 0.04)  ch2   +0.01 (max dev 0.05)  ch3   +0.01 (max dev 0.05)
[meter] 18:53:20 5.2000 GHz  windows 53581  with tone 207  worst SNR -46.3 dB | ch1   +0.00 (max dev 0.04)  ch2   -0.02 (max dev 0.05)  ch3   -0.02 (max dev 0.05)
[meter] 18:53:25 2.4000 GHz  windows 53853  with tone 52626  worst SNR -30.6 dB | ch1  -79.01 (max dev 62.83)  ch2  -73.03 (max dev 60.30)  ch3  -75.82 (max dev 60.86)
[meter] 18:53:25 5.2000 GHz  windows 53720  with tone 207  worst SNR -46.3 dB | ch1   +0.00 (max dev 0.04)  ch2   -0.02 (max dev 0.05)  ch3   -0.02 (max dev 0.05)
[meter] 18:53:25 5.8000 GHz  windows 53586  with tone 390  worst SNR -48.7 dB | ch1   -0.01 (max dev 0.04)  ch2   +0.01 (max dev 0.05)  ch3   +0.01 (max dev 0.05)
[meter] 18:53:30 5.2000 GHz  windows 53859  with tone 207  worst SNR -46.3 dB | ch1   +0.00 (max dev 0.04)  ch2   -0.02 (max dev 0.05)  ch3   -0.02 (max dev 0.05)
[meter] 18:53:30 5.8000 GHz  windows 53725  with tone 390  worst SNR -48.7 dB | ch1   -0.01 (max dev 0.04)  ch2   +0.01 (max dev 0.05)  ch3   +0.01 (max dev 0.05)
[meter] 18:53:30 2.4000 GHz  windows 53993  with tone 52626  worst SNR -30.6 dB | ch1  -79.01 (max dev 62.83)  ch2  -73.03 (max dev 60.30)  ch3  -75.82 (max dev 60.86)
[meter] 18:53:35 5.2000 GHz  windows 53998  with tone 207  worst SNR -46.3 dB | ch1   +0.00 (max dev 0.04)  ch2   -0.02 (max dev 0.05)  ch3   -0.02 (max dev 0.05)
[meter] 18:53:35 2.4000 GHz  windows 54132  with tone 52626  worst SNR -30.6 dB | ch1  -79.01 (max dev 62.83)  ch2  -73.03 (max dev 60.30)  ch3  -75.82 (max dev 60.86)
[meter] 18:53:35 5.8000 GHz  windows 53864  with tone 390  worst SNR -48.7 dB | ch1   -0.01 (max dev 0.04)  ch2   +0.01 (max dev 0.05)  ch3   +0.01 (max dev 0.05)
[meter] 18:53:40 5.2000 GHz  windows 54137  with tone 207  worst SNR -46.3 dB | ch1   +0.00 (max dev 0.04)  ch2   -0.02 (max dev 0.05)  ch3   -0.02 (max dev 0.05)
[meter] 18:53:40 2.4000 GHz  windows 54271  with tone 52626  worst SNR -30.6 dB | ch1  -79.01 (max dev 62.83)  ch2  -73.03 (max dev 60.30)  ch3  -75.82 (max dev 60.86)
[meter] 18:53:40 5.8000 GHz  windows 54003  with tone 390  worst SNR -48.7 dB | ch1   -0.01 (max dev 0.04)  ch2   +0.01 (max dev 0.05)  ch3   +0.01 (max dev 0.05)
[meter] 18:53:45 5.8000 GHz  windows 54142  with tone 390  worst SNR -48.7 dB | ch1   -0.01 (max dev 0.04)  ch2   +0.01 (max dev 0.05)  ch3   +0.01 (max dev 0.05)
[meter] 18:53:45 2.4000 GHz  windows 54410  with tone 52626  worst SNR -30.6 dB | ch1  -79.01 (max dev 62.83)  ch2  -73.03 (max dev 60.30)  ch3  -75.82 (max dev 60.86)[meter] 18:53:45 5.2000 GHz  windows 54276  with tone 207  worst SNR -46.3 dB | ch1   +0.00 (max dev 0.04)  ch2   -0.02 (max dev 0.05)  ch3   -0.02 (max dev 0.05)

[meter] 18:53:50 2.4000 GHz  windows 54548  with tone 52626  worst SNR -30.6 dB | ch1  -79.01 (max dev 62.83)  ch2  -73.03 (max dev 60.30)  ch3  -75.82 (max dev 60.86)
[meter] 18:53:50 5.8000 GHz  windows 54281  with tone 390  worst SNR -48.7 dB | ch1   -0.01 (max dev 0.04)  ch2   +0.01 (max dev 0.05)  ch3   +0.01 (max dev 0.05)
[meter] 18:53:50 5.2000 GHz  windows 54414  with tone 207  worst SNR -46.3 dB | ch1   +0.00 (max dev 0.04)  ch2   -0.02 (max dev 0.05)  ch3   -0.02 (max dev 0.05)
[meter] 18:53:55 5.2000 GHz  windows 54553  with tone 207  worst SNR -46.3 dB | ch1   +0.00 (max dev 0.04)  ch2   -0.02 (max dev 0.05)  ch3   -0.02 (max dev 0.05)
[meter] 18:53:55 5.8000 GHz  windows 54420  with tone 390  worst SNR -48.7 dB | ch1   -0.01 (max dev 0.04)  ch2   +0.01 (max dev 0.05)  ch3   +0.01 (max dev 0.05)
[meter] 18:53:55 2.4000 GHz  windows 54688  with tone 52626  worst SNR -30.6 dB | ch1  -79.01 (max dev 62.83)  ch2  -73.03 (max dev 60.30)  ch3  -75.82 (max dev 60.86)
[meter] 18:54:00 5.2000 GHz  windows 54692  with tone 207  worst SNR -46.3 dB | ch1   +0.00 (max dev 0.04)  ch2   -0.02 (max dev 0.05)  ch3   -0.02 (max dev 0.05)
[meter] 18:54:00 5.8000 GHz  windows 54559  with tone 390  worst SNR -48.7 dB | ch1   -0.01 (max dev 0.04)  ch2   +0.01 (max dev 0.05)  ch3   +0.01 (max dev 0.05)[meter] 18:54:00 2.4000 GHz  windows 54827  with tone 52626  worst SNR -30.6 dB | ch1  -79.01 (max dev 62.83)  ch2  -73.03 (max dev 60.30)  ch3  -75.82 (max dev 60.86)

[meter] 18:54:05 2.4000 GHz  windows 54966  with tone 52626  worst SNR -30.6 dB | ch1  -79.01 (max dev 62.83)  ch2  -73.03 (max dev 60.30)  ch3  -75.82 (max dev 60.86)
[meter] 18:54:05 5.2000 GHz  windows 54831  with tone 207  worst SNR -46.3 dB | ch1   +0.00 (max dev 0.04)  ch2   -0.02 (max dev 0.05)  ch3   -0.02 (max dev 0.05)
[meter] 18:54:05 5.8000 GHz  windows 54698  with tone 390  worst SNR -48.7 dB | ch1   -0.01 (max dev 0.04)  ch2   +0.01 (max dev 0.05)  ch3   +0.01 (max dev 0.05)
[meter] 18:54:10 5.2000 GHz  windows 54970  with tone 207  worst SNR -46.3 dB | ch1   +0.00 (max dev 0.04)  ch2   -0.02 (max dev 0.05)  ch3   -0.02 (max dev 0.05)
[meter] 18:54:10 5.8000 GHz  windows 54837  with tone 390  worst SNR -48.7 dB | ch1   -0.01 (max dev 0.04)  ch2   +0.01 (max dev 0.05)  ch3   +0.01 (max dev 0.05)
[meter] 18:54:10 2.4000 GHz  windows 55104  with tone 52626  worst SNR -30.6 dB | ch1  -79.01 (max dev 62.83)  ch2  -73.03 (max dev 60.30)  ch3  -75.82 (max dev 60.86)
[meter] 18:54:15 2.4000 GHz  windows 55244  with tone 52626  worst SNR -30.6 dB | ch1  -79.01 (max dev 62.83)  ch2  -73.03 (max dev 60.30)  ch3  -75.82 (max dev 60.86)
[meter] 18:54:15 5.8000 GHz  windows 54976  with tone 390  worst SNR -48.7 dB | ch1   -0.01 (max dev 0.04)  ch2   +0.01 (max dev 0.05)  ch3   +0.01 (max dev 0.05)
[meter] 18:54:15 5.2000 GHz  windows 55109  with tone 207  worst SNR -46.3 dB | ch1   +0.00 (max dev 0.04)  ch2   -0.02 (max dev 0.05)  ch3   -0.02 (max dev 0.05)
